timestamp_s,frame_number,tracking_status,target_pan_deg,target_tilt_deg,estimated_pan_deg,estimated_tilt_deg,gimbal_pan_deg,gimbal_tilt_deg,pan_error_deg,tilt_error_deg,total_angular_error_deg,total_angular_error_mrad,pixel_error_px,rssi_signal_strength,pan_pid_output,tilt_pid_output,detection_confidence,beacon_visible,ground_truth_in_fov,ground_truth_x_px,ground_truth_y_px,detected_x_px,detected_y_px,predicted_x_px,predicted_y_px,link_locked,mechanical_pan_error_deg,mechanical_tilt_error_deg,mechanical_pointing_error_deg,instantaneous_optical_error_deg,filtered_optical_error_deg,lock_evaluation_error_deg,lock_evaluation_mode,feedforward_pan_rate_dps,feedforward_tilt_rate_dps,fps,processing_time_ms
0.016,1,ACQUIRING,11.998,0.116,12.535,0.192,0.56,0.049,11.275,0.303,11.279,196.85,273.71,0.961,35,3.07,1,TRUE,TRUE,927.8,368.6,927,368.9,927,368.9,FALSE,11.438,0.067,11.438,11.279,11.279,11.279,filtered-optical,0,0,63,21.51
0.032,2,TRACKING,11.996,0.174,12.574,0.262,1.12,0.116,10.996,0.133,10.997,191.93,266.7,0.966,35,4.171,1,TRUE,TRUE,920.9,364.9,920.8,365,921.1,365.2,FALSE,10.876,0.058,10.876,10.997,11.21,11.21,filtered-optical,34.998,3.069,63,19.82
0.048,3,TRACKING,11.993,0.232,12.852,0.43,1.68,0.182,10.418,-0.092,10.418,181.83,252.35,0.974,35,4.112,1,TRUE,TRUE,906.6,359.4,906,359.7,913.7,362.5,FALSE,10.313,0.051,10.313,10.418,11.018,11.018,filtered-optical,34.936,4.146,63,49.54
0.064,4,TRACKING,11.988,0.29,13.306,0.433,2.24,0.241,9.599,-0.083,9.6,167.54,232.13,0.982,35,3.712,1,TRUE,TRUE,886.4,359.2,886.8,359.3,904.7,361.4,FALSE,9.748,0.049,9.749,9.6,10.674,10.674,filtered-optical,34.722,4.059,63,50.16
0.08,5,TRACKING,11.983,0.348,13.451,0.135,2.8,0.309,9.135,0.362,9.142,159.56,220.86,0.988,35,4.271,1,TRUE,TRUE,874.9,369.7,874.5,369.6,896.9,363.5,FALSE,9.183,0.039,9.183,9.142,10.303,10.303,filtered-optical,34.368,3.763,63,68.5
0.096,6,TRACKING,11.977,0.406,13.469,0.643,3.36,0.382,8.778,-0.108,8.779,153.22,211.96,0.99,35,4.546,1,TRUE,TRUE,866,358.8,858.8,361.2,888.7,363,FALSE,8.617,0.024,8.617,8.779,9.934,9.934,filtered-optical,33.787,4.284,63,25.07
0.112,7,TRACKING,11.97,0.464,13.877,0.7,3.92,0.452,8.044,-0.147,8.045,140.42,193.99,0.989,35,4.365,1,TRUE,TRUE,847.8,357.8,848.2,358,880.8,362.1,FALSE,8.05,0.012,8.05,8.045,9.476,9.476,filtered-optical,33.038,4.457,63,29.63
0.128,8,TRACKING,11.962,0.522,14.221,0.502,4.48,0.521,7.32,0.117,7.321,127.77,176.32,0.985,35,4.342,1,TRUE,TRUE,829.9,364.2,830.3,363.3,871.6,362.3,FALSE,7.482,0.001,7.482,7.321,8.953,8.953,filtered-optical,31.955,4.306,63,74.91
0.144,9,TRACKING,11.954,0.58,14.187,0.534,5.04,0.596,6.979,0.168,6.981,121.84,168.05,0.982,35,4.663,1,TRUE,TRUE,821.5,365.7,821.8,366.1,862.6,362.9,FALSE,6.914,-0.016,6.914,6.981,8.475,8.475,filtered-optical,30.769,4.384,63,67.69
0.16,10,TRACKING,11.944,0.638,14.268,1,5.6,0.664,6.494,-0.296,6.5,113.45,156.37,0.981,35,4.225,1,TRUE,TRUE,809.5,354.9,809.3,354.3,852.9,361.6,FALSE,6.344,-0.026,6.344,6.5,7.996,7.996,filtered-optical,29.394,4.462,63,8.62
0.176,11,TRACKING,11.933,0.696,14.633,0.79,6.16,0.725,5.642,-0.032,5.643,98.48,135.6,0.985,35,3.841,1,TRUE,TRUE,788.8,361.1,789,361.3,841.3,361.5,FALSE,5.773,-0.029,5.773,5.643,7.426,7.426,filtered-optical,27.649,4.019,63,5.77
0.192,12,TRACKING,11.922,0.753,14.66,0.65,6.72,0.789,5.092,0.197,5.096,88.94,122.38,0.994,35,3.979,1,TRUE,TRUE,775.4,366.5,775.3,366.8,828.8,362.2,FALSE,5.202,-0.035,5.202,5.096,6.861,6.861,filtered-optical,25.789,3.806,63,8.54
0.208,13,TRACKING,11.909,0.811,14.416,1.006,7.28,0.85,4.822,-0.122,4.823,84.18,115.81,1,35,3.823,1,TRUE,TRUE,768.9,358.9,768.8,359.1,816.5,361.7,FALSE,4.629,-0.039,4.629,4.823,6.367,6.367,filtered-optical,24.091,3.844,63,7.77
0.224,14,TRACKING,11.896,0.869,14.576,1.13,7.84,0.897,4.088,-0.23,4.095,71.47,98.24,1,35,2.937,1,TRUE,TRUE,751.3,355.9,751.4,355.4,802.9,360.7,FALSE,4.056,-0.028,4.056,4.095,5.816,5.816,filtered-optical,22.239,3.485,63,11.16
0.24,15,TRACKING,11.881,0.926,14.712,0.826,8.347,0.942,3.306,0.157,3.309,57.76,79.35,1,31.683,2.791,1,TRUE,TRUE,731.3,364.7,730.9,365.5,787.6,361.3,FALSE,3.534,-0.015,3.534,3.309,5.208,5.208,filtered-optical,20.204,2.757,63,8.05
0.256,16,TRACKING,11.866,0.984,14.203,0.919,8.738,0.988,3.204,0.138,3.207,55.98,76.91,1,24.43,2.907,1,TRUE,TRUE,726.3,364.1,726.4,364.3,773.2,361.7,FALSE,3.128,-0.004,3.128,3.207,4.723,4.723,filtered-optical,15.232,2.71,63,5.99
0.272,17,TRACKING,11.85,1.041,13.724,1.324,8.963,1.023,3.099,-0.258,3.11,54.28,74.56,1,14.094,2.196,1,TRUE,TRUE,719.9,354.4,720,354.4,759.4,360.6,FALSE,2.886,0.018,2.887,3.11,4.332,4.332,filtered-optical,6.613,2.598,63,4.45
0.288,18,TRACKING,11.833,1.098,13.539,1.041,8.973,1.05,2.667,0.088,2.669,46.58,63.97,1,0.627,1.65,1,TRUE,TRUE,704.5,362.3,704.5,362,745,360.7,FALSE,2.859,0.049,2.86,2.669,3.929,3.929,filtered-optical,-5.086,1.933,63,9.19
0.304,19,TRACKING,11.815,1.156,12.721,0.953,8.74,1.08,2.944,0.268,2.956,51.59,70.86,1,-14.596,1.888,1,TRUE,TRUE,705.4,366.7,705.2,366.9,732.4,361.5,FALSE,3.075,0.076,3.076,2.956,3.693,3.693,filtered-optical,-19.436,1.573,63,7.67
0.32,20,TRACKING,11.796,1.213,11.478,1.229,8.269,1.113,3.802,0.048,3.803,66.37,91.22,1,-29.408,2.046,1,TRUE,TRUE,720.3,361.7,720.2,361.4,723.6,361.5,FALSE,3.526,0.1,3.528,3.803,3.72,3.72,filtered-optical,-34.764,1.807,63,9.11
0.336,21,TRACKING,11.776,1.27,10.906,1.428,7.709,1.137,4.061,-0.125,4.062,70.9,97.48,1,-35,1.544,1,TRUE,TRUE,724.3,357.7,723.5,356.9,716.5,360.8,FALSE,4.067,0.133,4.069,4.062,3.803,3.803,filtered-optical,-49.365,1.84,63,4.81
0.352,22,TRACKING,11.755,1.327,10.414,0.996,7.149,1.173,4.316,0.428,4.337,75.69,104.06,0.974,-35,2.209,1,TRUE,TRUE,730.3,371.1,729.1,371.6,711.3,362.3,FALSE,4.606,0.154,4.608,4.337,3.932,3.932,filtered-optical,-54.447,1.625,63,5.99
0.368,23,TRACKING,11.733,1.384,9.368,1.326,6.589,1.222,5.306,0.18,5.309,92.66,127.54,0.952,-35,3.058,1,TRUE,TRUE,754,365.8,753.8,366.2,710.5,362.9,FALSE,5.144,0.162,5.147,5.309,4.266,4.266,filtered-optical,-53.26,2.387,63,11.25
0.384,24,TRACKING,11.711,1.44,8.821,1.562,6.029,1.28,5.898,-0.005,5.898,102.95,141.79,0.937,-35,3.676,1,TRUE,TRUE,768.2,361.7,768.2,361.5,712.1,362.7,FALSE,5.681,0.16,5.684,5.898,4.662,4.662,filtered-optical,-51.794,3.201,63,28.86
0.4,25,TRACKING,11.687,1.497,8.84,1.532,5.469,1.348,5.932,0.085,5.933,103.55,142.62,0.932,-35,4.24,1,TRUE,TRUE,768.8,363.9,768.7,363.1,714,362.8,FALSE,6.218,0.149,6.22,5.933,4.97,4.97,filtered-optical,-50.43,3.825,63,15.05
0.416,26,TRACKING,11.663,1.553,8.25,1.293,4.914,1.436,6.679,0.441,6.694,116.82,161.05,0.938,-34.688,5.463,1,TRUE,TRUE,786.9,372.6,786.9,373,718.3,364.2,FALSE,6.749,0.118,6.75,6.694,5.388,5.388,filtered-optical,-48.803,4.61,63,6.07
0.432,27,TRACKING,11.638,1.61,7.665,1.916,4.436,1.535,7.533,-0.146,7.535,131.51,181.54,0.952,-29.914,6.214,1,TRUE,TRUE,809.4,358.9,809,359.5,725.4,363.7,FALSE,7.202,0.075,7.202,7.535,5.908,5.908,filtered-optical,-46.603,5.732,63,6.87
0.448,28,TRACKING,11.611,1.666,8.033,1.876,4.088,1.642,7.415,-0.063,7.416,129.43,178.63,0.97,-21.745,6.699,1,TRUE,TRUE,809.7,360.8,809.5,360.7,732.1,363.4,FALSE,7.524,0.024,7.524,7.416,6.274,6.274,filtered-optical,-40.163,6.42,63,15.6
0.464,29,TRACKING,11.584,1.722,8.312,1.787,3.916,1.759,7.391,0.094,7.391,129,178.04,0.991,-10.74,7.273,1,TRUE,TRUE,813.5,364.5,814.1,365.1,738.8,363.7,FALSE,7.668,-0.036,7.668,7.391,6.545,6.545,filtered-optical,-30.451,6.935,63,12.85
0.48,30,TRACKING,11.556,1.778,8.174,1.887,3.97,1.883,7.845,0.05,7.846,136.93,189.12,1,3.361,7.77,1,TRUE,TRUE,830.2,363.7,830.3,363,747.1,363.7,FALSE,7.587,-0.105,7.587,7.846,6.86,6.86,filtered-optical,-17.821,7.495,63,11.9
0.496,31,TRACKING,11.527,1.834,8.897,2.422,4.28,2.002,7.386,-0.496,7.402,129.19,178.29,1,19.419,7.422,1,TRUE,TRUE,825.4,350.8,825.5,350.4,754.2,362.2,FALSE,7.247,-0.168,7.249,7.402,6.991,6.991,filtered-optical,-2.39,7.757,63,3.8
0.512,32,TRACKING,11.498,1.89,10.081,2.046,4.84,2.11,6.325,-0.099,6.326,110.41,152.16,1,35,6.759,1,TRUE,TRUE,805.8,360,802.4,355.2,757.9,361.3,FALSE,6.657,-0.22,6.661,6.326,6.83,6.83,filtered-optical,14.46,7.293,63,4.33
0.528,33,TRACKING,11.467,1.945,10.403,2.096,5.4,2.208,6.107,-0.103,6.107,106.59,146.86,1,35,6.148,1,TRUE,TRUE,800.7,359.9,800.5,359.9,761.1,361.1,FALSE,6.067,-0.263,6.072,6.107,6.655,6.655,filtered-optical,30.711,6.609,63,9.53
0.544,34,TRACKING,11.435,2.001,10.785,2.389,5.96,2.291,5.779,-0.383,5.792,101.09,139.2,1,35,5.185,1,TRUE,TRUE,792.8,353.2,792.7,353,763.2,360.1,FALSE,5.475,-0.29,5.483,5.792,6.446,6.446,filtered-optical,31.189,5.876,63,10.58
0.56,35,TRACKING,11.403,2.056,11.808,2.515,6.52,2.352,4.683,-0.505,4.71,82.2,113.04,1,35,3.814,1,TRUE,TRUE,766.4,350,766.6,350.2,762.2,358.9,FALSE,4.882,-0.296,4.891,4.71,6.025,6.025,filtered-optical,31.257,4.768,63,10.78
0.576,36,TRACKING,11.37,2.111,12.257,2.077,7.08,2.396,4.099,-0.011,4.099,71.54,98.36,1,35,2.716,1,TRUE,TRUE,752.3,361.2,752.3,360.5,759.7,358.9,FALSE,4.289,-0.284,4.299,4.099,5.558,5.558,filtered-optical,31.147,3.421,63,3.91
0.592,37,TRACKING,11.335,2.166,12.228,2.339,7.64,2.42,3.986,-0.243,3.993,69.7,95.81,1,35,1.519,1,TRUE,TRUE,749.5,355.2,748.8,354.7,757.1,358.3,FALSE,3.695,-0.254,3.704,3.993,5.179,5.179,filtered-optical,31.029,2.268,63,4.12
0.608,38,TRACKING,11.3,2.221,12.86,2.531,8.2,2.421,3.131,-0.422,3.16,55.15,75.74,1,35,0.049,1,TRUE,TRUE,728.8,350.3,728.5,350.6,752.6,357.4,FALSE,3.1,-0.2,3.106,3.16,4.689,4.689,filtered-optical,30.7,0.973,63,8.58
0.624,39,TRACKING,11.264,2.276,13.477,2.231,8.76,2.401,2.211,-0.072,2.213,38.62,53.02,1,35,-1.227,1,TRUE,TRUE,706.5,357.8,706.3,358.1,746.2,357.3,FALSE,2.504,-0.126,2.507,2.213,4.089,4.089,filtered-optical,30.18,-0.485,63,19.1
0.64,40,TRACKING,11.227,2.33,13.365,2.043,9.32,2.367,2.025,0.187,2.033,35.49,48.72,1,35,-2.125,1,TRUE,TRUE,701.8,363.3,702.2,362.8,739.9,357.6,FALSE,1.907,-0.037,1.907,2.033,3.591,3.591,filtered-optical,29.708,-1.693,63,16.83
0.656,41,TRACKING,11.19,2.384,13.526,2.361,9.88,2.316,1.525,-0.102,1.528,26.67,36.61,1,35,-3.187,1,TRUE,TRUE,689.7,356,687.4,353.4,732.6,357,FALSE,1.309,0.068,1.311,1.528,3.091,3.091,filtered-optical,29.165,-2.638,63,3.33
0.672,42,TRACKING,11.151,2.438,14.146,2.271,10.44,2.25,0.496,0.041,0.497,8.68,11.91,1,35,-4.106,1,TRUE,TRUE,664.9,359,664.6,358.7,723.7,357,FALSE,0.711,0.188,0.735,0.497,2.462,2.462,filtered-optical,28.483,-3.679,63,2.51
0.688,43,TRACKING,11.112,2.492,14.181,1.845,10.979,2.181,0.037,0.571,0.572,9.98,13.41,1,33.691,-4.361,1,TRUE,TRUE,653.4,371.4,653.8,370.8,714.5,358.2,FALSE,0.132,0.312,0.338,0.572,2.004,2.004,filtered-optical,27.81,-4.45,63,7.28
0.704,44,TRACKING,11.071,2.546,13.948,2.082,11.462,2.113,-0.148,0.423,0.449,7.83,10.54,1,30.148,-4.234,1,TRUE,TRUE,647.6,368.2,647.7,368.3,705.4,359.1,FALSE,-0.39,0.433,0.583,0.449,1.627,1.627,filtered-optical,25.886,-4.599,63,8.97
0.72,45,TRACKING,11.03,2.599,14.183,2.246,11.849,2.053,-0.843,0.34,0.91,15.87,21.72,0.994,24.192,-3.754,1,TRUE,TRUE,628.8,366.7,629.3,366.8,695.4,359.7,FALSE,-0.819,0.547,0.984,0.91,1.453,1.453,filtered-optical,21.664,-4.395,63,10.62
0.736,46,TRACKING,10.988,2.653,14.182,1.955,12.103,1.999,-1.324,0.699,1.497,26.13,35.71,0.973,15.91,-3.38,1,TRUE,TRUE,614.2,375.4,615.4,363.9,684.8,360,FALSE,-1.115,0.654,1.293,1.497,1.464,1.464,filtered-optical,15.021,-3.874,63,3.15
0.752,47,TRACKING,10.945,2.706,13.549,1.794,12.199,1.964,-1.14,1.002,1.518,26.49,36.03,0.953,5.96,-2.159,1,TRUE,TRUE,615,383.1,615.6,383.4,675.1,362.1,FALSE,-1.253,0.741,1.456,1.518,1.477,1.477,filtered-optical,6.172,-3.284,63,3.37
0.768,48,TRACKING,10.902,2.759,13.054,2.343,12.114,1.953,-1.072,0.55,1.205,21.03,28.74,0.938,-5.269,-0.706,1,TRUE,TRUE,612.4,373.1,613,373.6,665.9,363.2,FALSE,-1.213,0.806,1.456,1.205,1.411,1.411,filtered-optical,-4.265,-1.96,63,7.96
0.784,49,TRACKING,10.857,2.811,12.694,2.209,11.832,1.971,-1.135,0.799,1.388,24.22,33.02,0.931,-17.638,1.128,1,TRUE,TRUE,606.3,379.5,606.4,378.9,656.8,364.6,FALSE,-0.975,0.84,1.287,1.388,1.405,1.405,filtered-optical,-15.944,-0.373,63,8.8
0.8,50,TRACKING,10.812,2.864,11.793,2.136,11.345,2.027,-0.599,1.004,1.169,20.41,27.58,0.935,-30.464,3.475,1,TRUE,TRUE,614.3,385,614.5,384.8,649.2,366.5,FALSE,-0.533,0.837,0.993,1.169,1.348,1.348,filtered-optical,-28.612,1.63,63,12.71
0.816,51,TRACKING,10.765,2.916,10.755,2.39,10.785,2.124,0.151,0.87,0.883,15.41,20.72,0.948,-35,6.12,1,TRUE,TRUE,630.6,382.6,629.5,382.9,643.4,368.1,FALSE,-0.019,0.791,0.792,0.883,1.235,1.235,filtered-optical,-41.553,4.109,63,3.41
0.832,52,TRACKING,10.718,2.968,10.172,2.959,10.225,2.262,0.494,0.379,0.623,10.87,14.8,0.97,-35,8.598,1,TRUE,TRUE,638.8,371.8,637.9,372.8,638.7,368.7,FALSE,0.493,0.706,0.861,0.623,1.087,1.087,filtered-optical,-46.097,6.79,63,3.6
0.848,53,TRACKING,10.67,3.02,9.629,2.669,9.665,2.443,0.844,0.78,1.149,20.06,27.27,0.996,-35,11.304,1,TRUE,TRUE,647.1,382.1,647.1,382.5,635.3,370.1,FALSE,1.006,0.577,1.159,1.149,1.102,1.102,filtered-optical,-46.003,9.371,63,8.55
0.864,54,TRACKING,10.622,3.071,8.78,3.03,9.105,2.666,1.571,0.504,1.65,28.8,39.46,1,-35,13.951,1,TRUE,TRUE,664.4,376.7,664.4,376.6,633.5,370.9,FALSE,1.517,0.405,1.57,1.65,1.235,1.235,filtered-optical,-45.768,12.123,63,9.5
0.88,55,TRACKING,10.572,3.122,8.115,3.509,8.545,2.926,2.17,0.078,2.171,37.89,52.03,1,-35,16.224,1,TRUE,TRUE,678.6,367.6,678.8,367.7,633.1,370.9,FALSE,2.027,0.197,2.037,2.171,1.462,1.462,filtered-optical,-45.428,14.745,63,10.22
0.896,56,TRACKING,10.522,3.173,7.813,3.837,7.985,3.214,2.432,-0.216,2.442,42.62,58.52,1,-35,18.017,1,TRUE,TRUE,684.7,361.6,685.9,362.3,633.4,370.5,FALSE,2.537,-0.04,2.537,2.442,1.699,1.699,filtered-optical,-45.048,16.955,63,4.15
0.912,57,TRACKING,10.471,3.224,7.325,3.626,7.425,3.525,2.934,0.031,2.934,51.21,70.35,1,-35,19.444,1,TRUE,TRUE,696.6,368.1,701.6,362.5,634.9,370.1,FALSE,3.046,-0.301,3.061,2.934,1.999,1.999,filtered-optical,-44.579,18.69,63,4.03
0.928,58,TRACKING,10.419,3.275,6.605,4.338,6.865,3.849,3.708,-0.681,3.77,65.8,90.36,1,-35,20.22,1,TRUE,TRUE,715.1,351.9,714.4,351.8,637.5,369,FALSE,3.554,-0.574,3.6,3.77,2.428,2.428,filtered-optical,-44.051,19.992,63,7.38
0.944,59,TRACKING,10.366,3.325,6.276,4.641,6.305,4.172,4.121,-1.007,4.242,74.05,101.67,1,-35,20.238,1,TRUE,TRUE,725,344.4,725.6,344.2,640.8,367.3,FALSE,4.061,-0.847,4.148,4.242,2.868,2.868,filtered-optical,-43.482,20.603,63,8.37
0.96,60,TRACKING,10.312,3.375,6.12,4.656,5.745,4.487,4.373,-1.042,4.495,78.46,107.76,1,-35,19.656,1,TRUE,TRUE,731.1,343.3,730.5,343.6,644.3,365.6,FALSE,4.567,-1.112,4.701,4.495,3.262,3.262,filtered-optical,-42.919,20.467,63,8.14
0.976,61,TRACKING,10.258,3.425,5.545,4.714,5.185,4.783,5.092,-1.126,5.215,91.02,125.11,1,-35,18.518,1,TRUE,TRUE,748.5,340.8,748.4,340.7,649.1,363.8,FALSE,5.073,-1.358,5.252,5.215,3.736,3.736,filtered-optical,-42.285,19.728,63,2.87
0.992,62,TRACKING,10.203,3.474,5.07,5.356,4.652,5.045,5.757,-1.845,6.045,105.51,144.98,0.998,-33.272,16.387,1,TRUE,TRUE,765.4,323,766.3,323.2,655,360.9,FALSE,5.55,-1.571,5.768,6.045,4.296,4.296,filtered-optical,-41.589,18.339,63,3.71
1.008,63,TRACKING,10.147,3.524,5.163,5.196,4.177,5.261,5.85,-1.756,6.108,106.6,146.53,0.989,-29.694,13.498,1,TRUE,TRUE,769.2,323.8,768.9,323,660.7,358,FALSE,5.969,-1.738,6.217,6.108,4.735,4.735,filtered-optical,-39.201,15.98,63,6.1
1.024,64,TRACKING,10.09,3.573,5.081,5.022,3.788,5.423,6.133,-1.639,6.348,110.79,152.39,0.985,-24.354,10.106,1,TRUE,TRUE,778.2,325.1,777.9,325.5,666.9,355.6,FALSE,6.302,-1.85,6.568,6.348,5.126,5.126,filtered-optical,-34.959,12.899,63,7.52
1.04,65,TRACKING,10.032,3.621,4.725,5.229,3.515,5.52,6.733,-1.922,7.002,122.21,168.19,0.986,-17.04,6.08,1,TRUE,TRUE,795.7,316.8,796.5,317.3,674.2,352.6,FALSE,6.517,-1.899,6.788,7.002,5.581,5.581,filtered-optical,-28.904,9.287,63,8.19
1.056,66,TRACKING,9.974,3.67,5.026,5.336,3.385,5.543,6.664,-2.117,6.992,122.04,167.87,0.989,-8.134,1.391,1,TRUE,TRUE,797.6,310.4,797.6,311.4,681.1,349.4,FALSE,6.589,-1.873,6.85,6.992,5.923,5.923,filtered-optical,-20.924,5.029,63,3.08
1.072,67,TRACKING,9.915,3.718,5.655,4.77,3.414,5.487,6.228,-1.601,6.431,112.24,154.42,0.992,1.789,-3.476,1,TRUE,TRUE,790.9,320.9,789.2,322,687.2,347.1,FALSE,6.501,-1.769,6.738,6.431,6.046,6.046,filtered-optical,-11.447,0.19,63,3.07
1.088,68,TRACKING,9.855,3.766,5.787,4.561,3.618,5.352,6.3,-1.435,6.461,112.77,155.21,0.993,12.767,-8.46,1,TRUE,TRUE,796.8,323.1,797.2,322.5,693.5,345,FALSE,6.237,-1.586,6.436,6.461,6.147,6.147,filtered-optical,-0.955,-4.808,63,6.79
1.104,69,TRACKING,9.794,3.813,6.227,4.637,4.01,5.133,6.044,-1.561,6.242,108.94,149.85,0.989,24.506,-13.642,1,TRUE,TRUE,795.1,318.4,794.6,318.6,699.3,342.7,FALSE,5.784,-1.32,5.933,6.242,6.17,6.17,filtered-optical,10.533,-9.931,63,7.58
1.12,70,TRACKING,9.733,3.861,7.423,4.059,4.57,4.835,4.958,-0.995,5.057,88.26,121.33,0.982,35,-18.642,1,TRUE,TRUE,772.7,330,773.3,329.6,703.5,341.3,FALSE,5.163,-0.974,5.254,5.057,5.9,5.9,filtered-optical,22.638,-15.178,63,8.72
1.136,71,TRACKING,9.671,3.908,8.068,3.432,5.13,4.465,4.377,-0.339,4.39,76.62,105.35,0.972,35,-23.099,1,TRUE,TRUE,758.5,343.8,759.2,343.3,706.5,340.9,FALSE,4.541,-0.558,4.575,4.39,5.534,5.534,filtered-optical,33.403,-20.165,63,4.55
1.152,72,TRACKING,9.608,3.954,8.265,3.28,5.69,4.065,4.221,-0.148,4.224,73.72,101.36,0.963,35,-25,1,TRUE,TRUE,754.6,347.5,753.5,346.4,709,340.7,FALSE,3.918,-0.111,3.92,4.224,5.216,5.216,filtered-optical,33.627,-24.592,63,3.51
1.168,73,TRACKING,9.544,4.001,9.164,3.114,6.25,3.665,3.301,0.074,3.302,57.63,79.19,0.957,35,-25,1,TRUE,TRUE,732.3,352.6,732.8,352.5,710,340.9,FALSE,3.294,0.335,3.311,3.302,4.752,4.752,filtered-optical,33.739,-26.432,63,7.28
1.184,74,TRACKING,9.48,4.047,10.028,2.29,6.81,3.265,2.352,1.015,2.562,44.72,61.2,0.958,35,-25,1,TRUE,TRUE,709.4,374.5,709.8,374.7,709.5,342.6,FALSE,2.67,0.781,2.782,2.562,4.221,4.221,filtered-optical,33.741,-26.267,63,9.06
1.2,75,TRACKING,9.415,4.092,10.075,2.146,7.37,2.865,2.21,1.292,2.56,44.67,61.01,0.966,35,-25,1,TRUE,TRUE,706,380.8,705.6,381.3,708.8,344.7,FALSE,2.045,1.227,2.385,2.56,3.818,3.818,filtered-optical,33.725,-26.082,63,9.5
1.216,76,TRACKING,9.349,4.138,10.503,2.071,7.93,2.465,1.654,1.504,2.236,39.02,53.06,0.981,35,-25,1,TRUE,TRUE,692.7,385.6,693.4,384.6,707.3,346.8,FALSE,1.419,1.672,2.193,2.236,3.435,3.435,filtered-optical,33.661,-25.895,63,2.69
1.232,77,TRACKING,9.282,4.183,11.462,1.716,8.49,2.068,0.498,2.023,2.083,36.36,48.93,1,35,-24.859,1,TRUE,TRUE,665.1,397.7,665.6,396,704.2,349.6,FALSE,0.792,2.115,2.259,2.083,3.107,3.107,filtered-optical,33.486,-25.671,63,3.32
1.248,78,TRACKING,9.215,4.228,11.655,1.094,9.05,1.694,0.087,2.86,2.861,49.94,67.15,1,35,-23.339,1,TRUE,TRUE,655.4,417.9,655.4,417.5,700.6,353.6,FALSE,0.165,2.533,2.539,2.861,3.048,3.048,filtered-optical,33.285,-25.227,63,7.19
1.264,79,TRACKING,9.147,4.272,11.642,1.431,9.61,1.362,-0.126,2.726,2.729,47.63,64.05,1,35,-20.787,1,TRUE,TRUE,650.5,415.9,650,415.9,696.8,357.3,FALSE,-0.463,2.91,2.947,2.729,2.97,2.97,filtered-optical,33.082,-23.435,63,8.72
1.28,80,TRACKING,9.078,4.316,12.427,1.263,10.17,1.087,-1.194,3.116,3.337,58.25,78.54,1,35,-17.16,1,TRUE,TRUE,625,426.6,624.9,426.1,691.6,361.5,FALSE,-1.092,3.229,3.408,3.337,3.059,3.059,filtered-optical,32.797,-20.589,63,8.4
1.296,81,TRACKING,9.009,4.36,12.908,1.051,10.73,0.89,-1.999,3.577,4.098,71.52,96.69,1,35,-12.343,1,TRUE,TRUE,605.9,439.5,605,439.6,685.5,366.3,FALSE,-1.721,3.47,3.874,4.098,3.311,3.311,filtered-optical,32.46,-16.635,63,3.16
1.312,82,TRACKING,8.939,4.403,12.69,1.078,11.29,0.787,-2.102,3.81,4.352,75.95,102.69,1,35,-6.4,1,TRUE,TRUE,603.5,447.4,601.9,447.5,679.5,371.4,FALSE,-2.351,3.616,4.313,4.352,3.563,3.563,filtered-optical,32.141,-11.485,63,2.96
1.328,83,TRACKING,8.868,4.446,13.055,1.791,11.826,0.791,-2.818,3.325,4.358,76.07,103.23,1,33.516,0.204,1,TRUE,TRUE,585.7,438.5,585.4,438.8,672.8,375.7,FALSE,-2.958,3.656,4.703,4.358,3.756,3.756,filtered-optical,31.79,-5.271,63,8.99
1.344,84,TRACKING,8.797,4.489,13.661,1.691,12.307,0.912,-3.825,3.67,5.301,92.52,125.88,1,30.034,7.585,1,TRUE,TRUE,560.1,449.4,560,449.2,664.9,380.4,FALSE,-3.51,3.577,5.012,5.301,4.131,4.131,filtered-optical,29.892,1.622,63,9.61
1.36,85,TRACKING,8.724,4.532,13.387,2.065,12.704,1.161,-3.951,3.531,5.299,92.48,125.93,1,24.841,15.566,1,TRUE,TRUE,555,449,554.4,448.9,657,385,FALSE,-3.98,3.371,5.215,5.299,4.414,4.414,filtered-optical,26.013,9.267,63,10.2
1.376,86,TRACKING,8.652,4.574,13.095,2.814,12.995,1.542,-4.057,2.985,5.037,87.92,119.95,0.983,18.172,23.792,1,TRUE,TRUE,549.7,439.1,549.3,439.8,649.2,388.8,FALSE,-4.343,3.032,5.297,5.037,4.565,4.565,filtered-optical,20.44,17.455,63,2.87
1.392,87,TRACKING,8.578,4.615,13.354,3.542,13.153,1.942,-4.748,2.421,5.33,93.02,127.36,0.963,9.868,25,1,TRUE,TRUE,529.7,426,529.5,426.3,640.7,391.6,FALSE,-4.575,2.674,5.299,5.33,4.75,4.75,filtered-optical,13.357,25.819,63,3.86
1.408,88,TRACKING,8.504,4.657,13.007,3.541,13.155,2.342,-4.833,2.588,5.483,95.69,130.98,0.95,0.129,25,1,TRUE,TRUE,523.7,429.8,523.1,430.3,632.1,394.5,FALSE,-4.651,2.315,5.195,5.483,4.928,4.928,filtered-optical,4.653,27.167,63,8.77
1.424,89,TRACKING,8.429,4.698,12.086,4.271,12.987,2.742,-4.304,1.983,4.739,82.72,113.29,0.947,-10.51,25,1,TRUE,TRUE,532.3,415.5,533,415.6,624.5,396.5,FALSE,-4.558,1.956,4.96,4.739,4.882,4.882,filtered-optical,-5.415,27.24,63,12.89
1.44,90,TRACKING,8.354,4.738,11.63,4.944,12.636,3.142,-4.237,1.397,4.461,77.86,106.82,0.951,-21.953,25,1,TRUE,TRUE,529.4,401.8,529.2,401.4,617,397.6,FALSE,-4.282,1.597,4.57,4.461,4.78,4.78,filtered-optical,-16.366,27.255,63,15.02
1.456,91,TRACKING,8.277,4.778,11.091,5.186,12.091,3.542,-4.07,1.231,4.252,74.21,101.83,0.961,-34.015,25,1,TRUE,TRUE,528.8,398,529.8,397.8,609.9,398.4,FALSE,-3.814,1.237,4.009,4.252,4.652,4.652,filtered-optical,-28.088,27.252,63,4.05
1.472,92,TRACKING,8.201,4.818,9.956,5.342,11.531,3.942,-3.251,1.14,3.445,60.13,82.42,0.974,-35,25,1,TRUE,TRUE,548.2,396.1,549.1,394.6,604.2,399,FALSE,-3.331,0.877,3.444,3.445,4.359,4.359,filtered-optical,-40.339,27.236,63,3.52
1.488,93,TRACKING,8.123,4.858,9.081,6.155,10.971,4.342,-2.651,0.351,2.674,46.67,64.08,0.987,-35,25,1,TRUE,TRUE,562.8,377.8,562.3,377.4,599.4,398.7,FALSE,-2.848,0.516,2.894,2.674,3.951,3.951,filtered-optical,-41.45,27.159,63,9.14
1.504,94,TRACKING,8.045,4.897,8.7,6.509,10.411,4.742,-2.527,0.002,2.527,44.1,60.57,0.997,-35,25,1,TRUE,TRUE,565.9,369.8,566.2,369.5,595.1,397.9,FALSE,-2.366,0.155,2.371,2.527,3.606,3.606,filtered-optical,-41.546,27.058,63,8.67
1.52,95,TRACKING,7.967,4.936,7.944,6.502,9.851,5.142,-1.993,0.015,1.993,34.78,47.76,1,-35,25,1,TRUE,TRUE,578.9,370.1,578.5,369.7,591.7,397.1,FALSE,-1.885,-0.206,1.896,1.993,3.215,3.215,filtered-optical,-41.59,26.962,63,10.38
1.536,96,TRACKING,7.887,4.974,6.992,7.012,9.291,5.542,-1.213,-0.517,1.319,23.02,31.49,1,-35,25,1,TRUE,TRUE,597.8,357.6,597.6,357.3,589.5,395.7,FALSE,-1.404,-0.568,1.514,1.319,2.755,2.755,filtered-optical,-41.563,26.829,63,3.08
1.552,97,TRACKING,7.807,5.012,6.534,7.601,8.731,5.942,-0.904,-1.161,1.471,25.67,34.78,1,-35,25,1,TRUE,TRUE,605.3,342.4,606.5,341.9,587.8,393.5,FALSE,-0.924,-0.93,1.311,1.471,2.444,2.444,filtered-optical,-41.503,26.652,63,3.86
1.568,98,TRACKING,7.727,5.05,6.125,7.643,8.171,6.342,-0.625,-1.262,1.408,24.58,33.17,0.998,-35,25,1,TRUE,TRUE,612,339.8,613,339.1,586.6,391.2,FALSE,-0.444,-1.292,1.366,1.408,2.193,2.193,filtered-optical,-41.42,26.476,63,7.81
1.584,99,TRACKING,7.646,5.087,5.324,7.714,7.611,6.742,0.084,-1.394,1.397,24.38,32.77,0.997,-35,25,1,TRUE,TRUE,629,336.5,629.6,336.4,586.4,388.9,FALSE,0.035,-1.655,1.655,1.397,2,2,filtered-optical,-41.284,26.3,63,8.53
1.6,100,TRACKING,7.564,5.124,4.683,8.446,7.051,7.142,0.663,-2.229,2.325,40.58,54.64,1,-35,25,1,TRUE,TRUE,642.8,316.8,642.3,317.2,586.8,385.7,FALSE,0.513,-2.018,2.082,2.325,2.079,2.079,filtered-optical,-41.112,26.073,63,9.01
1.616,101,TRACKING,7.482,5.16,4.403,8.578,6.491,7.542,0.892,-2.471,2.627,45.86,61.8,1,-35,25,1,TRUE,TRUE,648.1,311,647.7,310.9,587.6,382.2,FALSE,0.991,-2.382,2.579,2.627,2.212,2.212,filtered-optical,-40.927,25.838,63,4.9
1.632,102,TRACKING,7.399,5.196,3.914,8.569,5.931,7.942,1.356,-2.576,2.911,50.8,68.62,1,-35,25,1,TRUE,TRUE,659.1,308.6,659.4,307.9,589,378.7,FALSE,1.468,-2.745,3.113,2.911,2.381,2.381,filtered-optical,-40.712,25.608,63,4.3
1.648,103,TRACKING,7.316,5.232,3.201,8.858,5.371,8.331,2.08,-2.995,3.646,63.64,86.17,1,-35,24.321,1,TRUE,TRUE,676.3,298.6,677,298.1,591.2,374.8,FALSE,1.944,-3.099,3.658,3.646,2.688,2.688,filtered-optical,-40.452,25.361,63,13.85
1.664,104,TRACKING,7.232,5.267,2.821,9.446,4.811,8.689,2.488,-3.746,4.497,78.48,106.27,1,-35,22.399,1,TRUE,TRUE,685.9,280.4,686.2,280.3,593.9,370.1,FALSE,2.42,-3.422,4.192,4.497,3.126,3.126,filtered-optical,-40.176,24.394,63,9.49
1.68,105,TRACKING,7.147,5.302,2.614,9.091,4.251,9.002,2.73,-3.538,4.469,78,105.75,1,-35,19.562,1,TRUE,TRUE,691.6,284.5,691,285.1,596.8,365.9,FALSE,2.896,-3.7,4.699,4.469,3.452,3.452,filtered-optical,-39.895,22.216,63,10.25
1.696,106,TRACKING,7.062,5.336,2.049,9.191,3.691,9.255,3.361,-3.793,5.067,88.44,120.12,1,-35,15.823,1,TRUE,TRUE,706.7,277.2,706.8,278.4,600.4,361.4,FALSE,3.371,-3.919,5.169,5.067,3.844,3.844,filtered-optical,-39.581,19.118,63,3.72
1.712,107,TRACKING,6.976,5.37,1.475,9.385,3.131,9.433,4.029,-4.159,5.791,101.06,137.44,1,-35,11.115,1,TRUE,TRUE,722.8,266.9,722.9,267.8,604.7,356.6,FALSE,3.845,-4.063,5.594,5.791,4.316,4.316,filtered-optical,-39.235,15.101,63,4.47
1.728,108,TRACKING,6.89,5.404,1.351,9.375,2.571,9.521,4.253,-4.328,6.068,105.91,144.07,1,-35,5.481,1,TRUE,TRUE,728.3,260.8,728.2,261.4,609.2,351.6,FALSE,4.319,-4.117,5.967,6.068,4.74,4.74,filtered-optical,-38.889,10.113,63,9.83
1.744,109,TRACKING,6.803,5.437,1.1,8.642,2.011,9.51,4.618,-3.745,5.946,103.77,141.5,1,-35,-0.699,1,TRUE,TRUE,737.2,272,737,272,614,347.3,FALSE,4.792,-4.073,6.289,5.946,5.033,5.033,filtered-optical,-38.534,4.247,63,9.95
1.76,110,TRACKING,6.716,5.469,0.46,8.731,1.462,9.389,5.406,-3.996,6.723,117.34,160.26,0.976,-34.311,-7.515,1,TRUE,TRUE,756.6,263.3,757.2,263.4,619.6,342.8,FALSE,5.254,-3.92,6.555,6.723,5.442,5.442,filtered-optical,-38.14,-2.175,63,10.33
1.776,111,TRACKING,6.628,5.502,0.227,8.395,0.949,9.152,5.8,-3.811,6.94,121.13,165.67,0.952,-32.09,-14.816,1,TRUE,TRUE,767.2,264.7,766.4,265.6,625.6,338.5,FALSE,5.68,-3.651,6.752,6.94,5.805,5.805,filtered-optical,-37.051,-9.213,63,4.56
1.792,112,TRACKING,6.54,5.534,0.361,7.695,0.492,8.795,5.821,-3.237,6.66,116.25,159.22,0.936,-28.563,-22.32,1,TRUE,TRUE,769.2,275.3,767.6,275.7,631.4,334.8,FALSE,6.048,-3.262,6.872,6.66,6.013,6.013,filtered-optical,-34.446,-16.691,63,2.49
1.808,113,TRACKING,6.451,5.565,0.043,6.927,0.114,8.395,6.319,-2.558,6.817,118.98,163.4,0.929,-23.624,-25,1,TRUE,TRUE,783.2,290.1,783.3,290,637.9,331.9,FALSE,6.337,-2.83,6.941,6.817,6.208,6.208,filtered-optical,-30.511,-24.321,63,11.23
1.824,114,TRACKING,6.362,5.596,-0.219,6.946,-0.162,7.995,6.782,-2.669,7.288,127.2,174.81,0.932,-17.23,-25,1,TRUE,TRUE,796.9,287.6,797.6,287.5,644.8,329.1,FALSE,6.524,-2.399,6.951,7.288,6.47,6.47,filtered-optical,-25.147,-27.124,63,12.53
1.84,115,TRACKING,6.272,5.627,0.267,6.227,-0.317,7.595,6.477,-2.004,6.78,118.33,162.75,0.945,-9.726,-25,1,TRUE,TRUE,792.4,303.4,792.4,303.5,651.3,327.1,FALSE,6.59,-1.969,6.877,6.78,6.545,6.545,filtered-optical,-18.363,-27.193,63,11.91
1.856,116,TRACKING,6.182,5.657,0.614,5.551,-0.338,7.195,6.301,-1.35,6.445,112.48,154.83,0.966,-1.294,-25,1,TRUE,TRUE,791.3,318.9,791.9,318.3,657.6,325.8,FALSE,6.52,-1.538,6.699,6.445,6.52,6.52,filtered-optical,-10.492,-27.215,63,4.2
1.872,117,TRACKING,6.091,5.687,0.562,5.268,-0.208,6.795,6.536,-1.074,6.624,115.61,159.26,0.989,8.119,-25,1,TRUE,TRUE,800.5,325.6,801.9,325.1,664.1,325,FALSE,6.299,-1.109,6.396,6.624,6.546,6.546,filtered-optical,-1.685,-27.215,63,3.28
1.888,118,TRACKING,6,5.716,1.23,5.155,0.082,6.395,6.024,-0.96,6.1,106.46,146.57,1,18.164,-25,1,TRUE,TRUE,791.8,328.5,791.8,328.3,670,324.3,FALSE,5.918,-0.679,5.956,6.1,6.437,6.437,filtered-optical,8.057,-27.204,63,8.48
1.904,119,TRACKING,5.908,5.745,2.3,4.33,0.537,5.995,5.064,-0.09,5.065,88.4,121.64,1,28.401,-25,1,TRUE,TRUE,772.4,348.9,773,349.5,674.9,324.7,FALSE,5.372,-0.251,5.377,5.065,6.105,6.105,filtered-optical,18.364,-27.133,63,9.52
1.92,120,TRACKING,5.816,5.773,2.684,3.971,1.097,5.595,4.773,0.333,4.785,83.52,114.88,1,35,-25,1,TRUE,TRUE,767.8,358.8,767.8,359,679.3,325.5,FALSE,4.719,0.178,4.723,4.785,5.785,5.785,filtered-optical,28.837,-27.038,63,10.07
1.936,121,TRACKING,5.724,5.801,3.167,3.965,1.657,5.195,4.358,0.406,4.377,76.39,105.03,1,35,-25,1,TRUE,TRUE,757.7,360.4,758,361.3,683.2,326.5,FALSE,4.067,0.606,4.112,4.377,5.444,5.444,filtered-optical,35.633,-26.94,63,4.21
1.952,122,TRACKING,5.631,5.828,4.331,3.509,2.217,4.795,3.2,0.953,3.339,58.27,79.92,1,35,-25,1,TRUE,TRUE,729.8,373,728.7,372.9,685.5,327.9,FALSE,3.414,1.033,3.567,3.339,4.933,4.933,filtered-optical,35.746,-26.815,63,2.88
1.968,123,TRACKING,5.537,5.855,4.93,2.882,2.777,4.395,2.576,1.702,3.088,53.89,73.54,1,35,-25,1,TRUE,TRUE,714.8,390.3,714.4,390.6,687.2,330.2,FALSE,2.76,1.46,3.123,3.088,4.486,4.486,filtered-optical,35.816,-26.648,63,8.99
1.984,124,TRACKING,5.443,5.882,5.047,2.846,3.337,3.995,2.424,1.864,3.058,53.37,72.72,1,35,-25,1,TRUE,TRUE,711.3,394,711.2,393.7,688.6,332.5,FALSE,2.106,1.887,2.828,3.058,4.14,4.14,filtered-optical,35.874,-26.479,63,9.45
2,125,TRACKING,5.349,5.908,5.924,2.788,3.897,3.595,1.467,2.056,2.525,44.08,59.67,1,35,-25,1,TRUE,TRUE,688.5,398.4,688.3,398.7,688.9,335,FALSE,1.452,2.313,2.731,2.525,3.748,3.748,filtered-optical,35.873,-26.306,63,9.42
2.016,126,TRACKING,5.254,5.934,6.798,2.089,4.457,3.195,0.469,2.924,2.961,51.69,69.54,1,35,-25,1,TRUE,TRUE,664.7,418.9,666.1,418.9,688.2,338.4,FALSE,0.797,2.739,2.852,2.961,3.558,3.558,filtered-optical,35.817,-26.088,63,2.88
2.032,127,TRACKING,5.159,5.959,6.83,1.917,5.017,2.795,0.304,3.278,3.292,57.46,77.3,1,35,-25,1,TRUE,TRUE,660.9,427.3,661.6,427.6,687.3,342.1,FALSE,0.142,3.164,3.167,3.292,3.493,3.493,filtered-optical,35.752,-25.859,63,2.87
2.048,128,TRACKING,5.063,5.984,7.248,1.971,5.577,2.405,-0.273,3.408,3.419,59.67,80.27,1,35,-24.382,1,TRUE,TRUE,647.2,430.8,647.3,430.9,685.8,345.8,FALSE,-0.513,3.579,3.615,3.419,3.475,3.475,filtered-optical,35.656,-25.633,63,7.51
2.064,129,TRACKING,4.967,6.008,8.219,1.728,6.137,2.042,-1.458,3.852,4.118,71.88,96.96,1,35,-22.719,1,TRUE,TRUE,618.9,442.1,618.2,441.7,683,349.9,FALSE,-1.169,3.966,4.135,4.118,3.631,3.631,filtered-optical,35.496,-24.773,63,9.4
2.08,130,TRACKING,4.871,6.032,8.44,1.188,6.697,1.725,-1.909,4.625,5.004,87.33,117.92,1,35,-19.813,1,TRUE,TRUE,608.1,461.6,608.1,462,679.8,354.9,FALSE,-1.826,4.307,4.678,5.004,3.964,3.964,filtered-optical,35.32,-22.829,63,17.37
2.096,131,TRACKING,4.774,6.055,8.452,1.592,7.257,1.472,-2.157,4.445,4.94,86.23,116.53,1,35,-15.803,1,TRUE,TRUE,602.1,458.9,602.8,459.5,676.4,359.6,FALSE,-2.482,4.583,5.212,4.94,4.201,4.201,filtered-optical,35.141,-19.663,63,10.54
2.112,132,TRACKING,4.677,6.078,9.242,1.624,7.817,1.296,-3.23,4.642,5.655,98.7,133.79,1,35,-11.011,1,TRUE,TRUE,576.2,465.3,575.6,466.4,672,364.4,FALSE,-3.139,4.782,5.721,5.655,4.553,4.553,filtered-optical,34.908,-15.391,63,11.63
2.128,133,TRACKING,4.58,6.1,9.758,1.53,8.377,1.211,-4.063,4.975,6.423,112.11,152.26,0.994,35,-5.284,1,TRUE,TRUE,556.1,475.1,555.3,474.4,666.7,369.5,FALSE,-3.797,4.889,6.19,6.423,5.007,5.007,filtered-optical,34.641,-10.331,63,9.84
2.144,134,TRACKING,4.482,6.122,9.608,1.633,8.937,1.232,-4.23,5.115,6.638,115.85,157.39,0.978,35,1.33,1,TRUE,TRUE,551.9,480.7,551.9,480.6,661.5,374.7,FALSE,-4.455,4.89,6.615,6.638,5.402,5.402,filtered-optical,34.381,-4.335,63,28.3
2.16,135,TRACKING,4.384,6.144,9.989,2.504,9.477,1.367,-4.955,4.455,6.663,116.29,158.47,0.961,33.78,8.429,1,TRUE,TRUE,533.8,467.6,534.2,466.8,655.6,379.1,FALSE,-5.093,4.777,6.983,6.663,5.708,5.708,filtered-optical,34.095,2.499,63,9.81
2.176,136,TRACKING,4.286,6.165,10.613,2.578,9.971,1.624,-5.967,4.599,7.533,131.48,179.61,0.947,30.841,16.072,1,TRUE,TRUE,508.1,473.8,507.1,473.7,648.6,383.7,FALSE,-5.685,4.54,7.276,7.533,6.15,6.15,filtered-optical,32.545,9.822,63,3.11
2.192,137,TRACKING,4.187,6.185,10.451,3.046,10.393,2.01,-6.196,4.336,7.562,131.99,180.49,0.939,26.386,24.118,1,TRUE,TRUE,500.8,470.6,500.9,470.6,641.7,388.1,FALSE,-6.206,4.175,7.48,7.562,6.493,6.493,filtered-optical,29.279,17.67,63,3.78
2.208,138,TRACKING,4.088,6.205,10.239,3.766,10.722,2.41,-6.377,3.791,7.419,129.49,177.37,0.94,20.57,25,1,TRUE,TRUE,494.2,458.1,494.7,457.7,634.6,391.7,FALSE,-6.634,3.795,7.643,7.419,6.717,6.717,filtered-optical,24.502,25.877,63,12.62
2.224,139,TRACKING,3.988,6.225,10.518,4.572,10.934,2.81,-7.08,3.127,7.74,135.08,185.59,0.951,13.266,25,1,TRUE,TRUE,474.4,442.6,473.8,442.1,626.8,394.6,FALSE,-6.946,3.415,7.74,7.74,6.965,6.965,filtered-optical,18.338,26.875,63,10.63
2.24,140,TRACKING,3.888,6.244,10.301,4.547,11.008,3.21,-7.292,3.298,8.003,139.68,191.93,0.97,4.601,25,1,TRUE,TRUE,465.9,446.9,465.8,447,618.9,397.5,FALSE,-7.119,3.034,7.739,8.003,7.217,7.217,filtered-optical,10.687,26.994,63,12.09
2.256,141,TRACKING,3.788,6.262,9.534,5.261,10.926,3.61,-6.936,2.698,7.442,129.89,178.56,0.995,-5.098,25,1,TRUE,TRUE,471,433,470.8,432.5,611.5,399.8,FALSE,-7.138,2.652,7.615,7.442,7.271,7.271,filtered-optical,1.706,27.073,63,3.26
2.272,142,TRACKING,3.688,6.281,9.113,5.947,10.675,4.01,-6.921,2.095,7.231,126.21,173.7,1,-15.716,25,1,TRUE,TRUE,467.4,418.9,467.7,417.2,604.1,401.3,FALSE,-6.987,2.27,7.346,7.231,7.262,7.262,filtered-optical,-8.297,27.11,63,3.42
2.288,143,TRACKING,3.587,6.298,8.652,6.289,10.24,4.41,-6.865,1.825,7.103,123.97,170.69,1,-27.161,25,1,TRUE,TRUE,464.5,412.6,464.3,413.2,596.9,402.6,FALSE,-6.653,1.888,6.916,7.103,7.223,7.223,filtered-optical,-19.209,27.135,63,9.64
2.304,144,TRACKING,3.487,6.315,7.581,6.38,9.68,4.81,-6.164,1.8,6.421,112.07,154.12,1,-35,25,1,TRUE,TRUE,478.6,412,478.7,411.2,590.4,403.8,FALSE,-6.194,1.505,6.374,6.421,7.029,7.029,filtered-optical,-30.899,27.153,63,8.3
2.32,145,TRACKING,3.385,6.332,6.639,7.243,9.12,5.21,-5.556,0.967,5.639,98.42,135.42,1,-35,25,1,TRUE,TRUE,493.4,392.2,493.9,392.2,584.8,404,FALSE,-5.735,1.122,5.844,5.639,6.692,6.692,filtered-optical,-38.938,27.125,63,12.42
2.336,146,TRACKING,3.284,6.348,6.135,7.642,8.56,5.61,-5.374,0.581,5.405,94.34,129.82,1,-35,25,1,TRUE,TRUE,497.8,383,497,384,579.5,404,FALSE,-5.276,0.738,5.328,5.405,6.38,6.38,filtered-optical,-39.117,27.079,63,4.17
2.352,147,TRACKING,3.182,6.364,5.413,7.701,8,6.01,-4.945,0.531,4.974,86.81,119.41,1,-35,25,1,TRUE,TRUE,508,381.6,509,382.3,574.9,403.8,FALSE,-4.818,0.354,4.831,4.974,6.039,6.039,filtered-optical,-39.26,27.029,63,6.42
2.368,148,TRACKING,3.08,6.379,4.434,8.139,7.44,6.41,-4.224,0.079,4.225,73.74,101.39,1,-35,25,1,TRUE,TRUE,525.3,370.8,525.8,370.3,571.2,403.1,FALSE,-4.36,-0.031,4.36,4.225,5.599,5.599,filtered-optical,-39.358,26.954,63,7.39
2.384,149,TRACKING,2.978,6.394,3.802,8.841,6.88,6.81,-3.829,-0.668,3.887,67.84,93.19,1,-35,25,1,TRUE,TRUE,534.7,353.3,534.9,353,567.9,401.7,FALSE,-3.902,-0.417,3.924,3.887,5.184,5.184,filtered-optical,-39.429,26.842,63,7.89
2.4,150,TRACKING,2.876,6.408,3.35,8.912,6.32,7.21,-3.6,-0.787,3.685,64.32,88.31,0.994,-35,25,1,TRUE,TRUE,540,350.6,540.7,350.9,565.1,400.3,FALSE,-3.445,-0.803,3.537,3.685,4.821,4.821,filtered-optical,-39.48,26.73,63,7.37
2.416,151,TRACKING,2.773,6.421,2.563,9.008,5.76,7.61,-3.007,-0.936,3.149,54.97,75.36,0.979,-35,25,1,TRUE,TRUE,554.2,347.3,554.4,347.6,562.8,398.7,FALSE,-2.987,-1.189,3.215,3.149,4.416,4.416,filtered-optical,-39.498,26.614,63,2.96
2.432,152,TRACKING,2.67,6.435,1.754,9.718,5.2,8.01,-2.365,-1.735,2.933,51.18,69.77,0.97,-35,25,1,TRUE,TRUE,569.5,328.8,568.4,327.7,561.3,396.3,FALSE,-2.53,-1.576,2.981,2.933,4.056,4.056,filtered-optical,-39.483,26.459,63,4.74
2.448,153,TRACKING,2.567,6.447,1.349,9.986,4.64,8.41,-2.111,-2.102,2.979,52,70.65,0.968,-35,25,1,TRUE,TRUE,575.5,320.3,575.6,320.3,560.2,393.7,FALSE,-2.073,-1.963,2.855,2.979,3.795,3.795,filtered-optical,-39.451,26.293,63,6.81
2.464,154,TRACKING,2.464,6.459,0.881,9.963,4.08,8.81,-1.778,-2.179,2.813,49.09,66.55,0.972,-35,25,1,TRUE,TRUE,583.6,318.7,583.6,318.9,559.4,391.1,FALSE,-1.616,-2.351,2.853,2.813,3.557,3.557,filtered-optical,-39.4,26.131,63,10.25
2.48,155,TRACKING,2.36,6.471,0.053,10.284,3.52,9.21,-1.054,-2.615,2.82,49.21,66.36,0.978,-35,25,1,TRUE,TRUE,601,308.4,600.6,309.2,559.4,388.1,FALSE,-1.16,-2.739,2.975,2.82,3.378,3.378,filtered-optical,-39.313,25.954,63,9.02
2.496,156,TRACKING,2.257,6.482,-0.515,10.958,2.96,9.61,-0.57,-3.438,3.485,60.82,81.85,0.984,-35,25,1,TRUE,TRUE,612.8,289,612.2,289.1,559.9,384.3,FALSE,-0.703,-3.128,3.206,3.485,3.404,3.404,filtered-optical,-39.203,25.741,63,5.89
2.512,157,TRACKING,2.153,6.493,-0.737,10.778,2.4,10.01,-0.422,-3.404,3.43,59.87,80.55,0.988,-35,25,1,TRUE,TRUE,616.5,289.6,617.3,288.7,560.6,380.7,FALSE,-0.247,-3.517,3.526,3.43,3.41,3.41,filtered-optical,-39.084,25.535,63,3.84
2.528,158,TRACKING,2.049,6.503,-1.35,10.963,1.84,10.403,0.14,-3.746,3.748,65.42,88.02,0.988,-35,24.573,1,TRUE,TRUE,630.1,281.2,630.5,280.8,561.9,376.7,FALSE,0.209,-3.9,3.906,3.748,3.492,3.492,filtered-optical,-38.94,25.321,63,10.03
2.544,159,TRACKING,1.945,6.513,-2.121,11.374,1.28,10.772,0.891,-4.335,4.426,77.25,104.07,0.984,-35,23.056,1,TRUE,TRUE,648.2,266.6,648.1,266.2,563.9,372.3,FALSE,0.665,-4.26,4.311,4.426,3.719,3.719,filtered-optical,-38.764,24.657,63,8.97
2.56,160,TRACKING,1.841,6.522,-2.33,11.656,0.72,11.099,1.086,-4.814,4.935,86.13,116.1,0.979,-35,20.421,1,TRUE,TRUE,653,254.2,653.3,254.3,566,367.5,FALSE,1.12,-4.577,4.712,4.935,4.013,4.013,filtered-optical,-38.582,22.888,63,11.11
2.576,161,TRACKING,1.736,6.531,-2.596,11.187,0.16,11.37,1.345,-4.527,4.723,82.42,111.15,0.974,-35,16.935,1,TRUE,TRUE,659.2,259.6,657.3,259.7,568.4,363,FALSE,1.576,-4.839,5.09,4.723,4.185,4.185,filtered-optical,-38.397,20.023,63,3.55
2.592,162,TRACKING,1.632,6.539,-3.41,11.526,-0.4,11.569,2.187,-5.07,5.522,96.37,130.22,0.972,-35,12.469,1,TRUE,TRUE,679.4,245.2,679,244.7,571.6,358,FALSE,2.031,-5.031,5.425,5.522,4.509,4.509,filtered-optical,-38.173,16.286,63,3.39
2.608,163,TRACKING,1.527,6.546,-3.835,11.543,-0.96,11.683,2.657,-5.298,5.927,103.45,139.94,0.976,-35,7.071,1,TRUE,TRUE,690.6,237.9,690.1,238.4,575.2,352.9,FALSE,2.487,-5.136,5.707,5.927,4.853,4.853,filtered-optical,-37.934,11.565,63,10.73
2.624,164,TRACKING,1.422,6.553,-3.82,11.199,-1.52,11.697,2.685,-5.16,5.816,101.52,137.33,0.987,-35,0.9,1,TRUE,TRUE,691.1,239.1,690.4,239.2,578.7,348,FALSE,2.942,-5.144,5.925,5.816,5.087,5.087,filtered-optical,-37.701,5.926,63,9.24
2.64,165,TRACKING,1.317,6.56,-4.418,10.595,-2.08,11.604,3.35,-4.742,5.806,101.34,137.4,1,-35,-5.808,1,TRUE,TRUE,706.9,246.6,706.5,246.7,582.8,343.4,FALSE,3.397,-5.044,6.081,5.806,5.261,5.261,filtered-optical,-37.444,-0.459,63,8.82
2.656,166,TRACKING,1.212,6.566,-5.12,10.734,-2.64,11.393,4.151,-5.083,6.562,114.53,155.56,1,-35,-13.168,1,TRUE,TRUE,726,235.9,726.4,235.8,587.7,338.5,FALSE,3.852,-4.827,6.176,6.562,5.577,5.577,filtered-optical,-37.156,-7.395,63,3.68
2.672,167,TRACKING,1.107,6.572,-5.069,10.01,-3.2,11.058,4.196,-4.542,6.184,107.93,146.74,1,-35,-20.95,1,TRUE,TRUE,726.9,245.8,728.1,244,592.6,334.1,FALSE,4.307,-4.486,6.219,6.184,5.724,5.724,filtered-optical,-36.875,-14.955,63,4.38
2.688,168,TRACKING,1.002,6.577,-5.276,9.232,-3.76,10.658,4.508,-3.918,5.973,104.24,142.04,1,-35,-25,1,TRUE,TRUE,734.3,258.9,734.6,258.3,597.6,330.4,FALSE,4.762,-4.081,6.271,5.973,5.784,5.784,filtered-optical,-36.592,-22.895,63,6.83
2.704,169,TRACKING,0.897,6.582,-6.095,8.763,-4.317,10.258,5.466,-3.587,6.538,114.11,156.02,1,-34.834,-25,1,TRUE,TRUE,757.5,266.5,757.9,265.9,603.4,327.1,FALSE,5.214,-3.677,6.38,6.538,5.967,5.967,filtered-optical,-36.272,-27.081,63,8.24
2.72,170,TRACKING,0.791,6.586,-6.248,8.623,-4.849,9.858,5.767,-3.58,6.788,118.47,162.11,1,-33.24,-25,1,TRUE,TRUE,765.4,266.4,765.9,265.9,609.5,323.8,FALSE,5.64,-3.273,6.521,6.788,6.166,6.166,filtered-optical,-35.783,-27.208,63,8.36
2.736,171,TRACKING,0.686,6.589,-6.029,7.66,-5.335,9.458,5.693,-2.721,6.31,110.13,150.99,1,-30.401,-25,1,TRUE,TRUE,764.8,286.4,767.2,281.2,615.5,321.3,FALSE,6.021,-2.869,6.67,6.31,6.201,6.201,filtered-optical,-33.876,-27.296,63,4.16
2.752,172,TRACKING,0.581,6.592,-6.554,7.17,-5.755,9.058,6.384,-2.308,6.789,118.48,162.83,1,-26.235,-25,1,TRUE,TRUE,783.3,296.1,782.7,296.2,622,319.4,FALSE,6.336,-2.466,6.799,6.789,6.343,6.343,filtered-optical,-30.706,-27.348,63,2.85
2.768,173,TRACKING,0.475,6.595,-6.853,7.009,-6.086,8.658,6.869,-2.218,7.218,125.98,173.32,1,-20.692,-25,1,TRUE,TRUE,797.3,298.2,797.9,297.7,629,317.7,FALSE,6.561,-2.063,6.878,7.218,6.555,6.555,filtered-optical,-26.192,-27.391,63,7.1
2.784,174,TRACKING,0.369,6.597,-6.284,6.54,-6.312,8.258,6.466,-1.8,6.712,117.15,161.18,0.983,-14.095,-25,1,TRUE,TRUE,790.3,308.1,790.6,308.8,635.5,316.4,FALSE,6.681,-1.661,6.885,6.712,6.593,6.593,filtered-optical,-20.331,-27.408,63,9.21
2.8,175,TRACKING,0.264,6.598,-6.14,5.722,-6.416,7.858,6.488,-1,6.564,114.57,157.82,0.959,-6.535,-25,1,TRUE,TRUE,793.9,327.1,793.6,327.2,642,316,FALSE,6.68,-1.26,6.798,6.564,6.586,6.586,filtered-optical,-13.423,-27.384,63,11.67
2.816,176,TRACKING,0.158,6.599,-6.331,5.58,-6.383,7.458,6.859,-0.868,6.914,120.67,166.34,0.943,2.053,-25,1,TRUE,TRUE,806.3,330.4,805.6,331.3,648.9,315.7,FALSE,6.542,-0.859,6.598,6.914,6.666,6.666,filtered-optical,-5.542,-27.35,63,2.98
2.832,177,TRACKING,0.053,6.6,-5.593,5.411,-6.202,7.058,6.276,-0.704,6.315,110.22,151.83,0.936,11.342,-25,1,TRUE,TRUE,795.8,334.4,794.4,334,655.1,315.6,FALSE,6.255,-0.458,6.271,6.315,6.581,6.581,filtered-optical,3.331,-27.309,63,2.66
2.848,178,TRACKING,-0.053,6.6,-4.681,4.661,-5.865,6.658,5.489,0.073,5.49,95.81,131.91,0.939,21.04,-25,1,TRUE,TRUE,780.4,352.7,780.9,352.6,660.6,316.2,FALSE,5.812,-0.058,5.813,5.49,6.316,6.316,filtered-optical,12.865,-27.23,63,10.18
2.864,179,TRACKING,-0.158,6.599,-4.429,4.273,-5.367,6.258,5.359,0.504,5.383,93.95,129.29,0.95,31.131,-25,1,TRUE,TRUE,781.1,362.9,781.5,362.3,666.1,317.2,FALSE,5.209,0.341,5.22,5.383,6.09,6.09,filtered-optical,22.798,-27.132,63,9.72
2.88,180,TRACKING,-0.264,6.598,-3.753,4.256,-4.807,5.858,4.778,0.568,4.811,83.97,115.48,0.967,35,-25,1,TRUE,TRUE,768.3,364.2,768.2,364.7,670.9,318.4,FALSE,4.543,0.74,4.603,4.811,5.78,5.78,filtered-optical,33.087,-27.032,63,13.23
2.896,181,TRACKING,-0.37,6.597,-2.545,3.879,-4.247,5.458,3.61,1.007,3.748,65.42,89.76,0.985,35,-25,1,TRUE,TRUE,740,374.3,739.7,374.6,674.4,319.9,FALSE,3.878,1.139,4.041,3.748,5.287,5.287,filtered-optical,37.088,-26.914,63,3.72
2.912,182,TRACKING,-0.475,6.595,-2.042,3.144,-3.687,5.058,3.125,1.836,3.625,63.26,86.43,1,35,-25,1,TRUE,TRUE,728.2,393.6,727.7,393.6,677.3,322.1,FALSE,3.212,1.537,3.561,3.625,4.884,4.884,filtered-optical,37.19,-26.759,63,4.93
2.928,183,TRACKING,-0.581,6.592,-1.758,3.223,-3.127,4.658,2.845,1.848,3.392,59.2,80.81,1,35,-25,1,TRUE,TRUE,721.3,393.7,721,393.3,679.9,324.3,FALSE,2.547,1.934,3.198,3.392,4.523,4.523,filtered-optical,37.273,-26.611,63,7.76
2.944,184,TRACKING,-0.686,6.589,-0.766,3.01,-2.567,4.258,1.812,2.162,2.821,49.23,66.77,1,35,-25,1,TRUE,TRUE,696.4,400.9,696.3,400.8,681.5,326.8,FALSE,1.881,2.331,2.995,2.821,4.11,4.11,filtered-optical,37.303,-26.451,63,10.24
2.96,185,TRACKING,-0.791,6.586,0,2.503,-2.007,3.858,0.97,2.794,2.958,51.63,69.57,1,35,-25,1,TRUE,TRUE,676.3,415.8,676.8,415.9,682.2,329.8,FALSE,1.216,2.727,2.986,2.958,3.831,3.831,filtered-optical,37.292,-26.266,63,9.15
2.976,186,TRACKING,-0.897,6.582,0.147,2.072,-1.447,3.458,0.735,3.37,3.449,60.2,81.05,1,35,-25,1,TRUE,TRUE,670.7,429.4,670.4,429.5,682.6,333.3,FALSE,0.55,3.123,3.171,3.449,3.738,3.738,filtered-optical,37.268,-26.06,63,5.75
2.992,187,TRACKING,-1.002,6.577,0.742,2.359,-0.887,3.058,0.022,3.218,3.219,56.17,75.55,1,35,-25,1,TRUE,TRUE,653.7,426,652.6,425.8,682.3,336.6,FALSE,-0.115,3.519,3.521,3.219,3.612,3.612,filtered-optical,37.208,-25.869,63,3.2
3.008,188,TRACKING,-1.107,6.572,1.624,1.806,-0.327,2.658,-1.015,3.933,4.062,70.89,95.51,1,35,-25,1,TRUE,TRUE,629,443.1,629.5,442.5,681.1,340.5,FALSE,-0.78,3.914,3.991,4.062,3.721,3.721,filtered-optical,37.105,-25.652,63,7.41
3.024,189,TRACKING,-1.212,6.566,1.895,1.463,0.233,2.275,-1.462,4.455,4.689,81.83,110.38,1,35,-23.976,1,TRUE,TRUE,618.5,455.9,618.1,456,679.4,344.8,FALSE,-1.445,4.292,4.528,4.689,3.956,3.956,filtered-optical,36.982,-25.415,63,7.88
3.04,190,TRACKING,-1.317,6.56,2.132,1.434,0.793,1.924,-1.889,4.671,5.038,87.94,118.74,1,35,-21.896,1,TRUE,TRUE,608.4,461.9,608.3,462.4,677.4,349.3,FALSE,-2.11,4.636,5.094,5.038,4.218,4.218,filtered-optical,36.845,-24.15,63,10.29
3.056,191,TRACKING,-1.422,6.553,2.875,1.667,1.353,1.622,-2.857,4.62,5.432,94.81,128.37,1,35,-18.919,1,TRUE,TRUE,585.3,461.8,586,462.4,674.5,353.7,FALSE,-2.775,4.932,5.659,5.432,4.512,4.512,filtered-optical,36.668,-21.84,63,3.22
3.072,192,TRACKING,-1.527,6.546,3.367,1.089,1.913,1.384,-3.605,5.407,6.499,113.43,153.79,1,35,-14.864,1,TRUE,TRUE,567.4,481.8,567,481.5,670.9,358.8,FALSE,-3.44,5.163,6.204,6.499,4.994,4.994,filtered-optical,36.462,-18.602,63,2.64
3.088,193,TRACKING,-1.632,6.539,3.46,1.322,2.473,1.225,-3.963,5.38,6.682,116.62,158.27,1,35,-9.89,1,TRUE,TRUE,558.8,482.9,559.1,482.3,667,363.8,FALSE,-4.105,5.313,6.714,6.682,5.403,5.403,filtered-optical,36.248,-14.298,63,6.68
3.104,194,TRACKING,-1.736,6.531,3.881,1.679,3.033,1.159,-4.675,5.221,7.008,122.32,166.34,1,35,-4.152,1,TRUE,TRUE,541.6,481.1,541.9,481,662.6,368.7,FALSE,-4.769,5.372,7.183,7.008,5.792,5.792,filtered-optical,36.01,-9.086,63,6.52
3.12,195,TRACKING,-1.841,6.522,4.481,1.885,3.593,1.195,-5.598,5.211,7.648,133.49,181.97,1,35,2.269,1,TRUE,TRUE,519.2,483.1,519.3,482.7,657.3,373.5,FALSE,-5.434,5.327,7.609,7.648,6.242,6.242,filtered-optical,35.738,-3.119,63,9.96
3.136,196,TRACKING,-1.945,6.513,4.656,1.819,4.142,1.346,-6.115,5.484,8.214,143.36,195.6,1,34.323,9.436,1,TRUE,TRUE,506.3,492.2,505.8,492.4,651.6,378.5,FALSE,-6.087,5.166,7.984,8.214,6.72,6.72,filtered-optical,35.451,3.541,63,3.67
3.152,197,TRACKING,-2.049,6.503,4.728,2.733,4.657,1.618,-6.542,4.746,8.082,141.06,192.91,1,32.204,16.992,1,TRUE,TRUE,495,477.6,495.2,477.1,645.6,382.9,FALSE,-6.706,4.885,8.297,8.082,7.05,7.05,filtered-optical,34.479,10.905,63,2.75
3.168,198,TRACKING,-2.153,6.493,5.1,3.32,5.114,2.015,-7.296,4.319,8.479,147.99,202.93,0.979,28.548,24.801,1,TRUE,TRUE,475.1,470.6,474.4,470.7,639,386.9,FALSE,-7.267,4.478,8.536,8.479,7.397,7.397,filtered-optical,32.038,18.636,63,9.38
3.184,199,TRACKING,-2.257,6.482,5.298,3.591,5.488,2.415,-7.898,4.199,8.944,156.11,214.42,0.956,23.346,25,1,TRUE,TRUE,458.4,468,457.9,467.3,631.8,390.7,FALSE,-7.745,4.067,8.748,8.944,7.772,7.772,filtered-optical,28.042,26.605,63,10.48
3.2,200,TRACKING,-2.361,6.471,5.029,4.098,5.756,2.815,-8.034,3.822,8.897,155.29,213.52,0.939,16.776,25,1,TRUE,TRUE,452.4,459.3,453,458.8,624.6,394,FALSE,-8.117,3.656,8.902,8.897,8.045,8.045,filtered-optical,22.506,26.938,63,13.22
3.216,201,TRACKING,-2.464,6.459,4.816,5.04,5.899,3.215,-8.233,2.978,8.755,152.8,210.52,0.93,8.929,25,1,TRUE,TRUE,444.5,439.6,445,440.8,617.2,396.6,FALSE,-8.363,3.244,8.97,8.755,8.217,8.217,filtered-optical,15.602,27.03,63,5.34
3.232,202,TRACKING,-2.567,6.447,4.747,5.265,5.894,3.615,-8.598,2.834,9.053,158,217.91,0.931,-0.278,25,1,TRUE,TRUE,432.1,436.3,426.8,433.4,609.3,398.7,FALSE,-8.462,2.832,8.923,9.053,8.419,8.419,filtered-optical,7.402,27.101,63,3.6
3.248,203,TRACKING,-2.67,6.435,4.214,5.518,5.725,4.015,-8.484,2.658,8.89,155.16,214.01,0.942,-10.559,25,1,TRUE,TRUE,430.9,432.2,431,432.2,601.7,400.8,FALSE,-8.396,2.42,8.737,8.89,8.534,8.534,filtered-optical,-2.135,27.166,63,7.95
3.264,204,TRACKING,-2.773,6.421,3.299,6.315,5.379,4.415,-7.967,1.904,8.192,142.97,197.21,0.962,-21.625,25,1,TRUE,TRUE,439.4,414.3,439.4,414.5,594.6,402.2,FALSE,-8.153,2.006,8.396,8.192,8.451,8.451,filtered-optical,-12.715,27.191,63,11.32
3.28,205,TRACKING,-2.876,6.408,2.65,6.834,4.846,4.815,-7.706,1.406,7.833,136.71,188.61,0.987,-33.345,25,1,TRUE,TRUE,441.4,402.4,441.4,402.1,587.8,403,FALSE,-7.722,1.593,7.884,7.833,8.301,8.301,filtered-optical,-24.062,27.19,63,12.55
3.296,206,TRACKING,-2.978,6.394,2.048,6.907,4.286,5.215,-7.477,1.351,7.598,132.61,182.89,1,-35,25,1,TRUE,TRUE,446.5,400.9,445.6,401.6,581.3,403.7,FALSE,-7.264,1.178,7.359,7.598,8.13,8.13,filtered-optical,-36.042,27.185,63,4.2
3.312,207,TRACKING,-3.08,6.379,0.959,7.352,3.726,5.615,-6.724,0.902,6.784,118.41,163.19,1,-35,25,1,TRUE,TRUE,464.9,390.2,464.6,390.1,575.6,404,FALSE,-6.806,0.764,6.849,6.784,7.804,7.804,filtered-optical,-37.91,27.157,63,4.04
3.328,208,TRACKING,-3.182,6.364,0.083,8.154,3.166,6.015,-6.154,0.063,6.154,107.41,147.98,1,-35,25,1,TRUE,TRUE,478.9,370.4,479.2,369.9,570.7,403.5,FALSE,-6.348,0.349,6.358,6.154,7.404,7.404,filtered-optical,-38.085,27.088,63,9.49
3.344,209,TRACKING,-3.284,6.348,-0.292,8.185,2.606,6.415,-6.078,-0.009,6.078,106.07,146.13,1,-35,25,1,TRUE,TRUE,480.7,368.8,480.6,368.7,566,402.9,FALSE,-5.89,-0.067,5.89,6.078,7.082,7.082,filtered-optical,-38.247,27.019,63,9.57
3.36,210,TRACKING,-3.385,6.332,-1.092,8.424,2.046,6.815,-5.549,-0.3,5.557,96.99,133.52,1,-35,25,1,TRUE,TRUE,493.4,362.1,493.9,361.8,561.9,402,FALSE,-5.431,-0.483,5.453,5.557,6.713,6.713,filtered-optical,-38.377,26.937,63,11.24
3.376,211,TRACKING,-3.487,6.315,-2.168,9.007,1.486,7.215,-4.708,-0.958,4.804,83.85,115.24,1,-35,25,1,TRUE,TRUE,513.6,346.9,513.3,348.3,558.7,400.7,FALSE,-4.973,-0.9,5.053,4.804,6.25,6.25,filtered-optical,-38.463,26.831,63,3.91
3.392,212,TRACKING,-3.588,6.298,-2.572,9.521,0.926,7.615,-4.525,-1.571,4.79,83.6,114.7,1,-35,25,1,TRUE,TRUE,517.9,332.7,519.1,333.9,555.8,398.7,FALSE,-4.513,-1.317,4.702,4.79,5.896,5.896,filtered-optical,-38.533,26.699,63,4.14
3.408,213,TRACKING,-3.688,6.281,-2.979,9.304,0.366,8.015,-4.332,-1.449,4.567,79.72,109.37,1,-35,25,1,TRUE,TRUE,522.4,335.7,522,335.8,553.1,396.9,FALSE,-4.054,-1.734,4.41,4.567,5.574,5.574,filtered-optical,-38.592,26.576,63,7.79
3.424,214,TRACKING,-3.789,6.262,-4.05,9.884,-0.194,8.415,-3.434,-2.15,4.051,70.71,96.57,1,-35,25,1,TRUE,TRUE,543.9,319.4,543.9,319.6,551.4,394.5,FALSE,-3.594,-2.153,4.19,4.051,5.205,5.205,filtered-optical,-38.606,26.424,63,10.82
3.44,215,TRACKING,-3.889,6.244,-4.71,10.327,-0.754,8.815,-2.927,-2.736,4.006,69.92,95.11,0.996,-35,25,1,TRUE,TRUE,556,305.6,555.4,305.4,550.1,391.6,FALSE,-3.135,-2.571,4.054,4.006,4.914,4.914,filtered-optical,-38.596,26.25,63,9.36
3.456,216,TRACKING,-3.988,6.225,-4.831,10.482,-1.314,9.215,-2.955,-3.043,4.241,74.02,100.59,0.993,-35,25,1,TRUE,TRUE,555.3,298.2,556,298.8,548.9,388.5,FALSE,-2.674,-2.99,4.012,4.241,4.751,4.751,filtered-optical,-38.583,26.068,63,5.56
3.472,217,TRACKING,-4.088,6.205,-5.627,10.377,-1.874,9.615,-2.279,-3.09,3.839,67.01,90.79,0.994,-35,25,1,TRUE,TRUE,571.6,296.9,572.4,297.8,548.4,385.4,FALSE,-2.214,-3.41,4.065,3.839,4.53,4.53,filtered-optical,-38.537,25.891,63,3.88
3.488,218,TRACKING,-4.187,6.185,-6.566,11.158,-2.434,10.015,-1.427,-4.061,4.304,75.13,101.33,0.997,-35,25,1,TRUE,TRUE,592.1,273.9,592,273.4,548.7,381.4,FALSE,-1.753,-3.83,4.212,4.304,4.475,4.475,filtered-optical,-38.455,25.673,63,7.96
3.504,219,TRACKING,-4.286,6.165,-6.677,11.223,-2.994,10.411,-1.401,-4.325,4.546,79.34,107,0.999,-35,24.732,1,TRUE,TRUE,592.9,267.4,592.7,266.9,549,377.2,FALSE,-1.292,-4.246,4.438,4.546,4.492,4.492,filtered-optical,-38.372,25.449,63,10.62
3.52,220,TRACKING,-4.384,6.144,-7.045,11.201,-3.554,10.786,-1.104,-4.504,4.637,80.94,109.09,0.998,-35,23.452,1,TRUE,TRUE,600.1,262.6,600.2,262.8,549.7,373,FALSE,-0.83,-4.642,4.716,4.637,4.528,4.528,filtered-optical,-38.276,24.958,63,11.83
3.536,221,TRACKING,-4.482,6.122,-8.061,11.333,-4.114,11.123,-0.109,-4.861,4.862,84.86,114.29,0.992,-35,21.065,1,TRUE,TRUE,624.2,253.3,632,247.3,551.5,368.2,FALSE,-0.368,-5.001,5.014,4.862,4.609,4.609,filtered-optical,-38.124,23.434,63,4.18
3.552,222,TRACKING,-4.58,6.1,-8.42,11.86,-4.674,11.404,0.231,-5.629,5.634,98.32,132.53,0.983,-35,17.549,1,TRUE,TRUE,632.4,234,632.7,235,553.4,363.1,FALSE,0.094,-5.303,5.304,5.634,4.857,4.857,filtered-optical,-37.973,20.787,63,3.98
3.568,223,TRACKING,-4.677,6.078,-8.431,11.407,-5.234,11.614,0.223,-5.407,5.412,94.46,127.29,0.971,-35,13.125,1,TRUE,TRUE,632.3,237.8,632.4,238.2,555.3,358.2,FALSE,0.557,-5.536,5.564,5.412,4.992,4.992,filtered-optical,-37.827,17.027,63,9.75
3.584,224,TRACKING,-4.775,6.055,-9.257,11.288,-5.794,11.739,1.062,-5.525,5.626,98.2,132.43,0.959,-35,7.838,1,TRUE,TRUE,652.4,233.2,653.2,232.9,558,353.1,FALSE,1.02,-5.684,5.775,5.626,5.145,5.145,filtered-optical,-37.645,12.359,63,9.67
3.6,225,TRACKING,-4.871,6.032,-9.946,11.357,-6.354,11.766,1.79,-5.842,6.11,106.64,144.01,0.951,-35,1.667,1,TRUE,TRUE,669.9,223.5,670.3,223.7,561.2,347.9,FALSE,1.483,-5.734,5.923,6.11,5.379,5.379,filtered-optical,-37.438,6.821,63,13.86
3.616,226,TRACKING,-4.968,6.008,-9.861,11.131,-6.914,11.681,1.741,-5.865,6.118,106.78,144.19,0.95,-35,-5.317,1,TRUE,TRUE,668.6,220.4,668.4,220,564.4,342.6,FALSE,1.946,-5.673,5.998,6.118,5.558,5.558,filtered-optical,-37.24,0.401,63,4.51
3.632,227,TRACKING,-5.063,5.984,-10.286,10.264,-7.474,11.476,2.219,-5.221,5.673,99.02,133.8,0.957,-35,-12.787,1,TRUE,TRUE,679.9,232.8,680.5,233.5,568,337.9,FALSE,2.411,-5.493,5.998,5.673,5.586,5.586,filtered-optical,-37.026,-6.795,63,5.07
3.648,228,TRACKING,-5.159,5.959,-11.155,9.999,-8.034,11.144,3.175,-5.18,6.076,106.04,143.64,0.973,-35,-20.737,1,TRUE,TRUE,702.7,230.6,702.8,230.8,572.4,333.3,FALSE,2.875,-5.185,5.929,6.076,5.705,5.705,filtered-optical,-36.777,-14.474,63,8.48
3.664,229,TRACKING,-5.254,5.934,-11.258,9.641,-8.594,10.744,3.368,-5.04,6.062,105.79,143.4,0.994,-35,-25,1,TRUE,TRUE,707.1,232.1,706.5,232.2,576.8,328.8,FALSE,3.34,-4.811,5.856,6.062,5.791,5.791,filtered-optical,-36.53,-22.62,63,8.82
3.68,230,TRACKING,-5.349,5.908,-11.298,8.777,-9.154,10.344,3.503,-4.364,5.595,97.66,132.54,1,-35,-25,1,TRUE,TRUE,710.2,247.8,710.5,247.8,581.4,324.9,FALSE,3.805,-4.436,5.845,5.595,5.744,5.744,filtered-optical,-36.284,-27.04,63,9.3
3.696,231,TRACKING,-5.443,5.882,-12.068,8.102,-9.714,9.944,4.399,-3.853,5.848,102.06,139.05,1,-35,-25,1,TRUE,TRUE,731.7,259.7,731.9,259.8,586.6,321.7,FALSE,4.271,-4.062,5.894,5.848,5.769,5.769,filtered-optical,-36.007,-27.166,63,5.02
3.712,232,TRACKING,-5.537,5.855,-12.486,7.946,-10.274,9.544,4.958,-3.861,6.284,109.67,149.65,1,-35,-25,1,TRUE,TRUE,745.1,259.5,743.6,258.9,592.3,318.5,FALSE,4.737,-3.689,6.004,6.284,5.894,5.894,filtered-optical,-35.719,-27.287,63,3.42
3.728,233,TRACKING,-5.631,5.828,-12.362,7.402,-10.834,9.144,4.973,-3.46,6.058,105.74,144.43,1,-35,-25,1,TRUE,TRUE,745.6,269,745.3,269.5,597.9,315.8,FALSE,5.203,-3.316,6.17,6.058,5.934,5.934,filtered-optical,-35.437,-27.381,63,9.13
3.744,234,TRACKING,-5.724,5.801,-12.789,6.505,-11.376,8.744,5.56,-2.673,6.17,107.68,147.61,1,-33.896,-25,1,TRUE,TRUE,760.3,287.6,760.2,287.8,603.9,313.8,FALSE,5.653,-2.944,6.373,6.17,5.991,5.991,filtered-optical,-35.14,-27.434,63,8.66
3.76,235,TRACKING,-5.816,5.773,-13.362,6.326,-11.877,8.344,6.319,-2.601,6.833,119.26,163.78,1,-31.304,-25,1,TRUE,TRUE,779.7,289.6,779.3,289.1,610.6,312,FALSE,6.061,-2.571,6.584,6.833,6.195,6.195,filtered-optical,-33.714,-27.48,63,10.36
3.776,236,TRACKING,-5.908,5.745,-13.224,6.028,-12.315,7.944,6.369,-2.397,6.805,118.78,163.2,1,-27.376,-25,1,TRUE,TRUE,782.7,294.6,783.4,295.5,617.3,310.4,FALSE,6.407,-2.2,6.774,6.805,6.343,6.343,filtered-optical,-30.806,-27.51,63,3.81
3.792,237,TRACKING,-6,5.716,-13.12,5.34,-12.671,7.544,6.453,-1.779,6.693,116.82,160.74,1,-22.248,-25,1,TRUE,TRUE,786.8,309.2,786.5,309.5,624,309.4,FALSE,6.671,-1.829,6.917,6.693,6.428,6.428,filtered-optical,-26.568,-27.51,63,3.38
3.808,238,TRACKING,-6.091,5.686,-13.427,4.713,-12.925,7.144,6.967,-1.199,7.069,123.38,170.05,0.992,-15.853,-25,1,TRUE,TRUE,801.9,322.9,801.4,322.4,631.2,309,FALSE,6.834,-1.458,6.987,7.069,6.583,6.583,filtered-optical,-21.116,-27.483,63,6.94
3.824,239,TRACKING,-6.182,5.657,-13.267,4.817,-13.058,6.744,7.015,-1.356,7.145,124.7,171.85,0.972,-8.298,-25,1,TRUE,TRUE,806.1,319.2,806.4,319.2,638.3,308.5,FALSE,6.876,-1.088,6.961,7.145,6.72,6.72,filtered-optical,-14.402,-27.461,63,11.33
3.84,240,TRACKING,-6.272,5.627,-12.663,4.177,-13.055,6.344,6.603,-0.743,6.645,115.98,159.84,0.958,0.154,-25,1,TRUE,TRUE,799.4,333.4,799.6,333.7,645.1,308.6,FALSE,6.783,-0.718,6.821,6.645,6.701,6.701,filtered-optical,-6.552,-27.41,63,12
3.856,241,TRACKING,-6.362,5.596,-12.361,3.609,-12.905,5.944,6.49,-0.182,6.493,113.32,156.19,0.953,9.416,-25,1,TRUE,TRUE,800.1,346.3,801,346,651.8,309.1,FALSE,6.542,-0.348,6.552,6.493,6.651,6.651,filtered-optical,2.184,-27.335,63,3.4
3.872,242,TRACKING,-6.451,5.565,-12.016,3.34,-12.595,5.544,6.327,0.089,6.327,110.43,152.18,0.956,19.373,-25,1,TRUE,TRUE,799.9,352.5,800,352.4,658.3,309.9,FALSE,6.143,0.021,6.143,6.327,6.572,6.572,filtered-optical,11.715,-27.249,63,3.55
3.888,243,TRACKING,-6.54,5.534,-11.095,3.367,-12.119,5.144,5.558,0.064,5.558,97.01,133.56,0.964,29.717,-25,1,TRUE,TRUE,785.1,351.8,785,351.9,664,310.7,FALSE,5.579,0.389,5.592,5.558,6.326,6.326,filtered-optical,21.902,-27.166,63,11.96
3.904,244,TRACKING,-6.628,5.502,-10.187,2.495,-11.559,4.744,4.769,0.973,4.867,84.95,116.75,0.974,35,-25,1,TRUE,TRUE,767.9,373,767.9,373.6,669,312.3,FALSE,4.931,0.757,4.988,4.867,5.973,5.973,filtered-optical,32.434,-27.041,63,10.35
3.92,245,TRACKING,-6.716,5.469,-9.677,2.296,-10.999,4.344,4.359,1.216,4.526,78.99,108.44,0.985,35,-25,1,TRUE,TRUE,757.9,378.8,758.1,378.3,673.5,314.1,FALSE,4.283,1.125,4.428,4.526,5.622,5.622,filtered-optical,37.878,-26.911,63,12.65
3.936,246,TRACKING,-6.803,5.437,-9.012,2.179,-10.439,3.944,3.765,1.366,4.005,69.91,95.84,0.992,35,-25,1,TRUE,TRUE,743.4,382.5,743.1,373,677.3,315.6,FALSE,3.636,1.492,3.93,4.005,5.23,5.23,filtered-optical,38.003,-26.795,63,2.86
3.952,247,TRACKING,-6.89,5.404,-8.082,1.908,-9.879,3.544,2.87,1.697,3.334,58.19,79.49,0.995,35,-25,1,TRUE,TRUE,721.8,390.4,722.1,390.1,680.2,317.8,FALSE,2.989,1.859,3.52,3.334,4.77,4.77,filtered-optical,38.082,-26.648,63,4.22
3.968,248,TRACKING,-6.976,5.37,-7.458,1.142,-9.319,3.144,2.252,2.556,3.406,59.45,80.68,0.995,35,-25,1,TRUE,TRUE,707,410.8,706.5,410.3,682.4,320.8,FALSE,2.343,2.226,3.231,3.406,4.44,4.44,filtered-optical,38.128,-26.467,63,9.4
3.984,249,TRACKING,-7.062,5.336,-7.069,1.309,-8.759,2.744,1.853,2.475,3.092,53.96,73.11,0.992,35,-25,1,TRUE,TRUE,697.5,409.1,697.1,408.9,684.2,323.6,FALSE,1.697,2.592,3.098,3.092,4.113,4.113,filtered-optical,38.153,-26.294,63,11.82
4,250,TRACKING,-7.147,5.302,-6.348,1.084,-8.199,2.344,1.091,2.798,3.003,52.41,70.67,0.99,35,-25,1,TRUE,TRUE,679.3,416.7,679.4,416.6,685.3,326.7,FALSE,1.052,2.957,3.139,3.003,3.844,3.844,filtered-optical,38.141,-26.112,63,12.75
4.016,251,TRACKING,-7.232,5.267,-5.557,0.595,-7.639,1.944,0.224,3.407,3.414,59.59,80.17,0.99,35,-25,1,TRUE,TRUE,658.7,430.9,658.7,432.5,685.5,330.3,FALSE,0.407,3.322,3.347,3.414,3.74,3.74,filtered-optical,38.091,-25.905,63,4.1
4.032,252,TRACKING,-7.316,5.232,-5.223,0.231,-7.079,1.544,-0.203,3.904,3.909,68.23,91.82,0.994,35,-25,1,TRUE,TRUE,648.7,442.5,648.3,442.2,685.3,334.3,FALSE,-0.237,3.687,3.695,3.909,3.781,3.781,filtered-optical,38.02,-25.686,63,3.65
4.048,253,TRACKING,-7.399,5.196,-4.844,0.483,-6.519,1.144,-0.692,3.778,3.841,67.03,90.25,1,35,-25,1,TRUE,TRUE,637.1,439.3,637.5,439.3,684.6,338.1,FALSE,-0.88,4.052,4.146,3.841,3.795,3.795,filtered-optical,37.931,-25.48,63,8.83
4.064,254,TRACKING,-7.482,5.16,-4.037,0.018,-5.959,0.758,-1.645,4.389,4.688,81.81,110.41,1,35,-24.178,1,TRUE,TRUE,614.4,453.8,614.7,454.3,683.1,342.3,FALSE,-1.523,4.402,4.658,4.688,4.012,4.012,filtered-optical,37.8,-25.253,63,7.7
4.08,255,TRACKING,-7.564,5.124,-3.538,-0.371,-5.399,0.401,-2.316,4.941,5.457,95.24,128.73,1,35,-22.26,1,TRUE,TRUE,598.3,467.4,598.5,466.8,681,347,FALSE,-2.165,4.722,5.195,5.457,4.362,4.362,filtered-optical,37.643,-24.188,63,10.33
4.096,256,TRACKING,-7.646,5.087,-3.437,-0.238,-4.839,0.089,-2.599,4.955,5.595,97.65,132.08,1,35,-19.522,1,TRUE,TRUE,591.5,468.7,591.2,459.2,678.6,351.3,FALSE,-2.807,4.998,5.732,5.595,4.661,4.661,filtered-optical,37.477,-22.051,63,4.15
4.112,257,TRACKING,-7.727,5.05,-2.86,-0.108,-4.279,-0.165,-3.386,4.984,6.025,105.16,142.56,1,35,-15.906,1,TRUE,TRUE,572.6,470.8,572.5,469.4,675.5,355.9,FALSE,-3.448,5.215,6.252,6.025,4.992,4.992,filtered-optical,37.281,-19.082,63,3.69
4.128,258,TRACKING,-7.807,5.012,-2.143,-0.47,-3.719,-0.346,-4.348,5.528,7.033,122.74,166.72,1,35,-11.276,1,TRUE,TRUE,549.3,485.6,549.7,485.9,671.6,361.1,FALSE,-4.088,5.358,6.74,7.033,5.486,5.486,filtered-optical,37.049,-15.213,63,10.19
4.144,259,TRACKING,-7.887,4.974,-2.082,-0.321,-3.159,-0.438,-4.662,5.56,7.256,126.64,172.14,1,35,-5.745,1,TRUE,TRUE,541.6,488.7,541.9,488.5,667.4,366.2,FALSE,-4.728,5.412,7.186,7.256,5.915,5.915,filtered-optical,36.81,-10.335,63,8.03
4.16,260,TRACKING,-7.967,4.936,-1.891,0.289,-2.599,-0.431,-5.122,5.113,7.238,126.32,172.02,1,35,0.435,1,TRUE,TRUE,530.3,480.6,529.9,480.5,662.8,370.9,FALSE,-5.368,5.367,7.59,7.238,6.236,6.236,filtered-optical,36.557,-4.581,63,10.17
4.176,261,TRACKING,-8.045,4.897,-1.113,0.359,-2.039,-0.315,-6.207,5.211,8.104,141.45,193.12,1,35,7.267,1,TRUE,TRUE,504,485.7,504.7,485.9,657.4,375.8,FALSE,-6.006,5.211,7.952,8.104,6.689,6.689,filtered-optical,36.266,1.823,63,2.72
4.192,262,TRACKING,-8.123,4.858,-0.862,0.587,-1.494,-0.08,-6.784,5.148,8.516,148.63,203.24,0.984,34.071,14.685,1,TRUE,TRUE,489.6,487,489.7,487.1,651.4,380.6,FALSE,-6.629,4.937,8.266,8.516,7.132,7.132,filtered-optical,35.958,8.871,63,2.61
4.208,263,TRACKING,-8.201,4.818,-1.053,1.376,-0.986,0.279,-6.92,4.497,8.253,144.03,197.26,0.959,31.756,22.412,1,TRUE,TRUE,485.4,474.5,485.8,474.1,645.5,384.7,FALSE,-7.215,4.539,8.524,8.253,7.404,7.404,filtered-optical,34.725,16.47,63,10.21
4.224,264,TRACKING,-8.278,4.778,-0.594,2.145,-0.539,0.679,-7.735,3.838,8.635,150.71,207.08,0.94,27.928,25,1,TRUE,TRUE,464.1,459.7,464,459,638.8,388.3,FALSE,-7.739,4.099,8.757,8.635,7.702,7.702,filtered-optical,32.078,24.342,63,10.82
4.24,265,TRACKING,-8.354,4.738,-0.228,2.186,-0.179,1.079,-8.485,3.908,9.341,163.04,224.38,0.931,22.503,25,1,TRUE,TRUE,443.8,461.1,443,461.5,631.4,391.8,FALSE,-8.175,3.659,8.956,9.341,8.1,8.1,filtered-optical,27.891,27.071,63,9.81
4.256,266,TRACKING,-8.429,4.698,-0.747,2.905,0.074,1.479,-8.338,3.268,8.956,156.31,215.29,0.932,15.783,25,1,TRUE,TRUE,444.8,445.9,446.2,445.2,624.3,394.6,FALSE,-8.503,3.219,9.091,8.956,8.307,8.307,filtered-optical,22.128,27.173,63,4.75
4.272,267,TRACKING,-8.504,4.657,-1.001,3.605,0.198,1.879,-8.471,2.61,8.864,154.71,213.39,0.942,7.757,25,1,TRUE,TRUE,438.6,430.3,433.2,425,616.8,396.6,FALSE,-8.702,2.778,9.134,8.864,8.442,8.442,filtered-optical,15.059,27.231,63,3.18
4.288,268,TRACKING,-8.578,4.615,-0.827,3.998,0.173,2.279,-9.044,2.253,9.32,162.67,224.76,0.96,-1.554,25,1,TRUE,TRUE,421.1,421.8,421.5,422.3,609,398.4,FALSE,-8.751,2.336,9.057,9.32,8.655,8.655,filtered-optical,6.678,27.279,63,8.65
4.304,269,TRACKING,-8.652,4.574,-1.546,4.062,-0.018,2.679,-8.71,2.221,8.989,156.89,216.63,0.982,-11.9,25,1,TRUE,TRUE,425.4,421.2,425.2,421.7,601.6,400.1,FALSE,-8.634,1.895,8.839,8.989,8.736,8.736,filtered-optical,-2.968,27.323,63,8.31
4.32,270,TRACKING,-8.725,4.532,-2.609,5.021,-0.384,3.079,-8.003,1.255,8.101,141.39,195.2,1,-22.93,25,1,TRUE,TRUE,438.5,398.7,438.9,398.9,594.8,400.9,FALSE,-8.34,1.453,8.466,8.101,8.582,8.582,filtered-optical,-13.608,27.319,63,10.74
4.336,271,TRACKING,-8.797,4.489,-3.004,5.347,-0.938,3.479,-7.963,0.906,8.015,139.88,193.17,1,-34.625,25,1,TRUE,TRUE,434.9,390.7,435.5,390.4,588,401.4,FALSE,-7.858,1.01,7.923,8.015,8.445,8.445,filtered-optical,-24.928,27.297,63,3.49
4.352,272,TRACKING,-8.868,4.446,-3.653,5.539,-1.498,3.879,-7.649,0.682,7.68,134.03,185.02,1,-35,25,1,TRUE,TRUE,442.4,385.6,443.4,385.9,581.7,401.6,FALSE,-7.37,0.567,7.391,7.68,8.259,8.259,filtered-optical,-36.883,27.265,63,2.72
4.368,273,TRACKING,-8.939,4.403,-4.967,5.867,-2.058,4.279,-6.627,0.306,6.634,115.78,159.62,1,-35,25,1,TRUE,TRUE,467.2,377,466.8,376.9,576.4,401.5,FALSE,-6.88,0.124,6.882,6.634,7.865,7.865,filtered-optical,-37.466,27.215,63,8.16
4.384,274,TRACKING,-9.009,4.36,-5.612,6.738,-2.618,4.679,-6.25,-0.651,6.284,109.68,151.1,1,-35,25,1,TRUE,TRUE,476.2,354.5,476.8,354.1,571.6,400.5,FALSE,-6.391,-0.319,6.399,6.284,7.482,7.482,filtered-optical,-37.645,27.122,63,8.21
4.4,275,TRACKING,-9.078,4.316,-5.904,6.661,-3.178,5.079,-6.222,-0.66,6.257,109.21,150.43,1,-35,25,1,TRUE,TRUE,476.8,354.2,477.3,353.8,566.9,399.5,FALSE,-5.9,-0.763,5.949,6.257,7.185,7.185,filtered-optical,-37.814,27.03,63,10.13
4.416,276,TRACKING,-9.147,4.272,-6.976,6.948,-3.738,5.479,-5.375,-1.047,5.477,95.58,131.46,1,-35,25,1,TRUE,TRUE,497.1,345,497.4,345.9,563.2,398.2,FALSE,-5.409,-1.207,5.542,5.477,6.771,6.771,filtered-optical,-37.938,26.925,63,2.62
4.432,277,TRACKING,-9.215,4.228,-7.922,7.489,-4.298,5.879,-4.623,-1.713,4.93,86.05,118.04,1,-35,25,1,TRUE,TRUE,515.2,329.1,514.8,330.1,560.2,396.3,FALSE,-4.917,-1.651,5.187,4.93,6.325,6.325,filtered-optical,-38.023,26.791,63,2.99
4.448,278,TRACKING,-9.282,4.183,-8.126,7.961,-4.858,6.279,-4.608,-2.336,5.166,90.16,123.44,1,-35,25,1,TRUE,TRUE,515.5,314.3,514.9,314.1,557.2,393.8,FALSE,-4.424,-2.096,4.895,5.166,6.044,6.044,filtered-optical,-38.103,26.631,63,10.13
4.464,279,TRACKING,-9.349,4.138,-8.783,7.744,-5.418,6.679,-4.116,-2.267,4.699,82.01,112.17,1,-35,25,1,TRUE,TRUE,527.3,315.8,527.4,315.1,554.9,391.4,FALSE,-3.931,-2.541,4.681,4.699,5.718,5.718,filtered-optical,-38.155,26.478,63,9.38
4.48,280,TRACKING,-9.415,4.092,-9.854,8.27,-5.978,7.079,-3.169,-2.966,4.34,75.75,103.05,1,-35,25,1,TRUE,TRUE,550.2,299.4,550.5,298.9,553.5,388.4,FALSE,-3.436,-2.987,4.553,4.34,5.384,5.384,filtered-optical,-38.161,26.298,63,11.77
4.496,281,TRACKING,-9.48,4.047,-10.231,8.75,-6.538,7.479,-2.902,-3.64,4.655,81.25,110.2,1,-35,25,1,TRUE,TRUE,556.7,283.6,558,284.8,552.4,384.9,FALSE,-2.941,-3.432,4.52,4.655,5.207,5.207,filtered-optical,-38.15,26.096,63,4.82
4.512,282,TRACKING,-9.544,4,-10.516,8.771,-7.098,7.879,-2.715,-3.865,4.723,82.44,111.69,1,-35,25,1,TRUE,TRUE,561.3,278.5,563.2,277.3,551.6,381.2,FALSE,-2.446,-3.879,4.585,4.723,5.09,5.09,filtered-optical,-38.128,25.887,63,5.28
4.528,283,TRACKING,-9.608,3.954,-11.441,8.771,-7.658,8.279,-1.856,-4.074,4.477,78.13,105.52,1,-35,24.991,1,TRUE,TRUE,582.1,273.8,582.6,273.5,551.5,377.4,FALSE,-1.95,-4.325,4.744,4.477,4.941,4.941,filtered-optical,-38.069,25.678,63,10.84
4.544,284,TRACKING,-9.671,3.907,-12.088,9.381,-8.218,8.66,-1.249,-4.92,5.076,88.6,119.46,1,-35,23.827,1,TRUE,TRUE,596.8,253.6,597.4,254.2,552.1,373,FALSE,-1.452,-4.753,4.97,5.076,4.974,4.974,filtered-optical,-37.984,25.43,63,11.24
4.56,285,TRACKING,-9.733,3.861,-12.238,9.505,-8.778,9.004,-1.135,-5.295,5.416,94.52,127.46,1,-35,21.518,1,TRUE,TRUE,599.7,244,599.7,243.4,552.7,368.2,FALSE,-0.955,-5.144,5.232,5.416,5.081,5.081,filtered-optical,-37.895,24.015,63,8.89
4.576,286,TRACKING,-9.794,3.813,-12.824,9.211,-9.338,9.296,-0.559,-5.249,5.279,92.13,124.15,0.982,-35,18.243,1,TRUE,TRUE,613.6,243.9,614.7,243.8,553.9,363.5,FALSE,-0.456,-5.483,5.502,5.279,5.129,5.129,filtered-optical,-37.78,21.465,63,3.22
4.592,287,TRACKING,-9.855,3.766,-13.613,9.421,-9.898,9.519,0.252,-5.723,5.729,99.98,134.78,0.963,-35,13.937,1,TRUE,TRUE,633,230.9,634.3,230.6,555.9,358.4,FALSE,0.043,-5.754,5.754,5.729,5.274,5.274,filtered-optical,-37.632,17.933,63,3.97
4.608,288,TRACKING,-9.915,3.718,-13.878,9.577,-10.458,9.656,0.548,-6.161,6.186,107.96,145.63,0.946,-35,8.556,1,TRUE,TRUE,640.1,218.3,640.1,217.9,558.1,352.9,FALSE,0.544,-5.938,5.963,6.186,5.495,5.495,filtered-optical,-37.478,13.354,63,8.2
4.624,289,TRACKING,-9.974,3.67,-14.142,9.129,-11.018,9.693,0.854,-5.988,6.049,105.57,142.41,0.936,-35,2.286,1,TRUE,TRUE,647.3,219.8,647.5,219.2,560.5,347.6,FALSE,1.044,-6.023,6.113,6.049,5.629,5.629,filtered-optical,-37.313,7.715,63,10.97
4.64,290,TRACKING,-10.032,3.621,-14.835,8.611,-11.578,9.618,1.617,-5.735,5.959,104,140.39,0.935,-35,-4.683,1,TRUE,TRUE,665.4,223,665.1,223.2,563.6,342.5,FALSE,1.546,-5.996,6.193,5.959,5.709,5.709,filtered-optical,-37.121,1.205,63,13.87
4.656,291,TRACKING,-10.09,3.573,-15.321,8.671,-12.138,9.419,2.195,-6.073,6.457,112.7,152.31,0.944,-35,-12.426,1,TRUE,TRUE,679.1,211.9,679.4,212.5,567.2,337.2,FALSE,2.049,-5.846,6.195,6.457,5.891,5.891,filtered-optical,-36.909,-6.016,63,3.53
4.672,292,TRACKING,-10.147,3.524,-15.461,7.975,-12.698,9.087,2.433,-5.637,6.14,107.16,144.87,0.962,-35,-20.72,1,TRUE,TRUE,684.7,219.1,684,219.9,570.9,332.2,FALSE,2.552,-5.564,6.121,6.14,5.951,5.951,filtered-optical,-36.696,-13.985,63,3.09
4.688,293,TRACKING,-10.203,3.474,-15.871,7.145,-13.258,8.687,2.96,-5.044,5.848,102.08,138.2,0.986,-35,-25,1,TRUE,TRUE,697.2,231.6,697,231.8,575.1,327.8,FALSE,3.056,-5.213,6.043,5.848,5.926,5.926,filtered-optical,-36.465,-22.472,63,8.96
4.704,294,TRACKING,-10.258,3.425,-16.475,6.644,-13.818,8.287,3.707,-4.766,6.038,105.39,143.03,1,-35,-25,1,TRUE,TRUE,715.1,238.4,714.8,238.6,579.8,323.7,FALSE,3.561,-4.863,6.027,6.038,5.953,5.953,filtered-optical,-36.21,-26.924,63,7.85
4.72,295,TRACKING,-10.312,3.375,-16.722,6.496,-14.378,7.887,4.111,-4.838,6.349,110.81,150.55,1,-35,-25,1,TRUE,TRUE,724.8,236.9,725.4,237.5,584.9,319.7,FALSE,4.066,-4.512,6.074,6.349,6.049,6.049,filtered-optical,-35.945,-27.09,63,10.17
4.736,296,TRACKING,-10.366,3.325,-16.854,5.458,-14.938,7.487,4.409,-3.985,5.943,103.73,141.28,1,-35,-25,1,TRUE,TRUE,732,257.3,731.8,257.2,590.2,316.5,FALSE,4.573,-4.162,6.183,5.943,6.024,6.024,filtered-optical,-35.677,-27.209,63,3.13
4.752,297,TRACKING,-10.419,3.275,-17.347,4.996,-15.498,7.087,5.091,-3.695,6.291,109.79,149.93,1,-35,-25,1,TRUE,TRUE,748.5,264.2,748.9,263.2,596,313.7,FALSE,5.08,-3.813,6.351,6.291,6.088,6.088,filtered-optical,-35.389,-27.311,63,2.88
4.768,298,TRACKING,-10.471,3.224,-17.796,4.704,-16.052,6.687,5.751,-3.566,6.767,118.11,161.61,1,-34.588,-25,1,TRUE,TRUE,764.8,267.2,765.3,266.7,602.3,311,FALSE,5.581,-3.463,6.568,6.767,6.253,6.253,filtered-optical,-35.081,-27.4,63,7.78
4.784,299,TRACKING,-10.522,3.173,-17.806,4.301,-16.576,6.287,5.976,-3.314,6.834,119.27,163.39,1,-32.768,-25,1,TRUE,TRUE,771.1,273.1,770.5,272.8,608.7,308.7,FALSE,6.054,-3.114,6.808,6.834,6.394,6.394,filtered-optical,-34.364,-27.473,63,7.88
4.8,300,TRACKING,-10.572,3.122,-17.924,3.307,-17.049,5.887,6.323,-2.435,6.776,118.26,162.46,1,-29.564,-25,1,TRUE,TRUE,780.9,293.6,781.5,293.9,615.4,307.2,FALSE,6.477,-2.765,7.043,6.776,6.486,6.486,filtered-optical,-32.23,-27.499,63,32.32
4.816,301,TRACKING,-10.622,3.071,-18.326,3.259,-17.448,5.487,6.978,-2.504,7.414,129.4,177.97,1,-24.898,-25,1,TRUE,TRUE,798.7,291.7,799.4,290.4,622.6,305.7,FALSE,6.826,-2.416,7.241,7.414,6.711,6.711,filtered-optical,-28.693,-27.53,63,3.32
4.832,302,TRACKING,-10.67,3.02,-18.271,2.879,-17.75,5.087,7.181,-2.228,7.519,131.22,180.65,1,-18.892,-25,1,TRUE,TRUE,806,298,805.5,297.9,629.9,304.4,FALSE,7.079,-2.068,7.375,7.519,6.907,6.907,filtered-optical,-23.696,-27.543,63,2.43
4.848,303,TRACKING,-10.718,2.968,-17.842,2.25,-17.938,4.687,7.003,-1.68,7.202,125.69,173.14,0.987,-11.742,-25,1,TRUE,TRUE,804.4,310.8,805,310.9,637.1,303.7,FALSE,7.219,-1.72,7.421,7.202,6.978,6.978,filtered-optical,-17.373,-27.529,63,8.9
4.864,304,TRACKING,-10.765,2.916,-17.801,1.622,-17.993,4.287,7.221,-1.112,7.306,127.51,175.83,0.979,-3.475,-25,1,TRUE,TRUE,812.9,324.1,813.4,323.4,644.4,303.5,FALSE,7.228,-1.372,7.357,7.306,7.058,7.058,filtered-optical,-9.906,-27.489,63,6.98
4.88,305,TRACKING,-10.812,2.864,-17.649,1.741,-17.9,3.887,7.33,-1.296,7.444,129.92,179.14,0.976,5.833,-25,1,TRUE,TRUE,819,319.9,818.6,319.9,651.8,303.3,FALSE,7.088,-1.024,7.162,7.444,7.151,7.151,filtered-optical,-1.325,-27.455,63,10.11
4.896,306,TRACKING,-10.857,2.811,-16.756,1.11,-17.646,3.487,6.674,-0.706,6.712,117.14,161.46,0.979,15.862,-25,1,TRUE,TRUE,806.8,334,806.8,333.8,658.6,303.5,FALSE,6.789,-0.676,6.823,6.712,7.045,7.045,filtered-optical,8.261,-27.395,63,3.28
4.912,307,TRACKING,-10.902,2.759,-15.984,0.517,-17.224,3.087,6.119,-0.133,6.12,106.82,147.16,0.983,26.39,-25,1,TRUE,TRUE,797.3,347.6,797.2,347.1,664.8,304.3,FALSE,6.322,-0.329,6.331,6.12,6.821,6.821,filtered-optical,18.539,-27.309,63,2.87
4.928,308,TRACKING,-10.945,2.706,-15.604,0.338,-16.664,2.687,5.949,0.034,5.949,103.83,143.02,0.987,35,-25,1,TRUE,TRUE,796.3,351.7,797,351.8,670.9,305.3,FALSE,5.719,0.018,5.719,5.949,6.609,6.609,filtered-optical,29.305,-27.215,63,10.28
4.944,309,TRACKING,-10.988,2.653,-14.692,0.266,-16.104,2.287,5.213,0.096,5.214,91,125.23,0.989,35,-25,1,TRUE,TRUE,778.4,353.3,778.1,353,676.2,306.3,FALSE,5.116,0.365,5.129,5.214,6.271,6.271,filtered-optical,38.106,-27.122,63,10.41
4.96,310,TRACKING,-11.03,2.599,-13.562,-0.495,-15.544,1.887,4.216,0.876,4.306,75.16,103.25,0.987,35,-25,1,TRUE,TRUE,754.3,371.6,753.9,371,680.4,308,FALSE,4.514,0.712,4.569,4.306,5.795,5.795,filtered-optical,38.244,-26.995,63,10.97
4.976,311,TRACKING,-11.071,2.546,-13.195,-0.802,-14.984,1.487,3.969,1.212,4.15,72.43,99.38,0.981,35,-25,1,TRUE,TRUE,748.3,379.3,748,378.7,684.2,309.9,FALSE,3.913,1.058,4.053,4.15,5.396,5.396,filtered-optical,38.364,-26.857,63,4.37
4.992,312,TRACKING,-11.112,2.492,-12.717,-0.752,-14.424,1.087,3.595,1.191,3.787,66.09,90.63,0.973,35,-25,1,TRUE,TRUE,739.4,378.6,739.9,378.4,687.7,311.8,FALSE,3.312,1.405,3.598,3.787,5.006,5.006,filtered-optical,38.462,-26.724,63,4.25
5.008,313,TRACKING,-11.151,2.438,-11.566,-1.204,-13.864,0.687,2.501,1.69,3.019,52.69,71.88,0.967,35,-25,1,TRUE,TRUE,713.2,390.1,713,390.4,690,314.2,FALSE,2.713,1.751,3.229,3.019,4.524,4.524,filtered-optical,38.506,-26.571,63,9.27
5.024,314,TRACKING,-11.19,2.384,-10.967,-1.776,-13.304,0.287,1.936,2.332,3.03,52.89,71.72,0.964,35,-25,1,TRUE,TRUE,699.8,405,699,405.8,691.7,317.1,FALSE,2.114,2.097,2.978,3.03,4.162,4.162,filtered-optical,38.519,-26.393,63,12.05
5.04,315,TRACKING,-11.227,2.33,-10.834,-1.789,-12.744,-0.113,1.831,2.415,3.031,52.89,71.66,0.968,35,-25,1,TRUE,TRUE,697.4,406.9,697.3,407.1,693.3,320,FALSE,1.517,2.442,2.875,3.031,3.888,3.888,filtered-optical,38.527,-26.218,63,14.2
5.056,316,TRACKING,-11.264,2.275,-9.941,-1.832,-12.184,-0.513,0.932,2.528,2.695,47.03,63.39,0.978,35,-25,1,TRUE,TRUE,676,409.5,676.3,408.6,694.1,323,FALSE,0.92,2.788,2.936,2.695,3.599,3.599,filtered-optical,38.493,-26.046,63,3.02
5.072,317,TRACKING,-11.3,2.221,-9.05,-2.541,-11.624,-0.913,-0.003,3.336,3.336,58.22,78.31,0.995,35,-25,1,TRUE,TRUE,653.7,428.6,652.8,427,693.9,326.5,FALSE,0.324,3.133,3.15,3.336,3.535,3.535,filtered-optical,38.416,-25.843,63,3.23
5.088,318,TRACKING,-11.335,2.166,-8.993,-2.675,-11.064,-1.313,-0.108,3.577,3.578,62.45,84.02,1,35,-25,1,TRUE,TRUE,651.3,434.5,650.8,434.1,693.6,330.3,FALSE,-0.271,3.479,3.489,3.578,3.545,3.545,filtered-optical,38.335,-25.635,63,9.67
5.104,319,TRACKING,-11.37,2.111,-8.541,-2.643,-10.504,-1.713,-0.626,3.654,3.707,64.7,87.09,1,35,-25,1,TRUE,TRUE,638.8,436.5,639,437.1,692.8,334.2,FALSE,-0.866,3.824,3.92,3.707,3.584,3.584,filtered-optical,38.233,-25.427,63,9.6
5.12,320,TRACKING,-11.403,2.056,-7.526,-2.929,-9.944,-2.112,-1.751,4.06,4.422,77.17,104.19,1,35,-24.959,1,TRUE,TRUE,611.8,446.3,611.1,446.6,690.9,338.3,FALSE,-1.459,4.168,4.416,4.422,3.787,3.787,filtered-optical,38.082,-25.208,63,9.84
5.136,321,TRACKING,-11.435,2.001,-7.267,-3.536,-9.384,-2.492,-2.133,4.815,5.266,91.91,124.18,1,35,-23.744,1,TRUE,TRUE,602.5,464.6,602.1,464.9,688.8,343.1,FALSE,-2.051,4.493,4.939,5.266,4.146,4.146,filtered-optical,37.918,-24.921,63,2.87
5.152,322,TRACKING,-11.467,1.945,-7.216,-3.211,-8.824,-2.837,-2.312,4.628,5.173,90.29,122.05,1,35,-21.574,1,TRUE,TRUE,598,461,598.1,461.7,686.5,347.6,FALSE,-2.643,4.782,5.464,5.173,4.395,4.395,filtered-optical,37.75,-23.475,63,3.29
5.168,323,TRACKING,-11.498,1.89,-6.364,-3.33,-8.264,-3.133,-3.329,4.891,5.917,103.27,139.98,1,35,-18.483,1,TRUE,TRUE,573.5,468.3,573.8,467.6,683.2,352.3,FALSE,-3.234,5.022,5.973,5.917,4.764,4.764,filtered-optical,37.542,-21.072,63,7.16
5.184,324,TRACKING,-11.527,1.834,-5.792,-3.57,-7.704,-3.363,-4.095,5.29,6.69,116.76,158.52,1,35,-14.411,1,TRUE,TRUE,554.9,479,554.3,479.3,679.3,357.3,FALSE,-3.823,5.197,6.452,6.69,5.231,5.231,filtered-optical,37.305,-17.733,63,8.33
5.2,325,TRACKING,-11.556,1.778,-5.901,-3.622,-7.144,-3.514,-4.178,5.508,6.913,120.66,163.82,1,35,-9.393,1,TRUE,TRUE,552.8,485.8,552.7,486.1,675.4,362.5,FALSE,-4.412,5.292,6.89,6.913,5.639,5.639,filtered-optical,37.071,-13.411,63,9.01
5.216,326,TRACKING,-11.584,1.722,-5.433,-2.94,-6.584,-3.573,-4.861,4.969,6.952,121.33,165.14,0.991,35,-3.729,1,TRUE,TRUE,536.4,475.1,537.1,475.3,670.9,367.2,FALSE,-5,5.295,7.283,6.952,5.957,5.957,filtered-optical,36.817,-8.173,63,2.84
5.232,327,TRACKING,-11.611,1.666,-4.663,-3.085,-6.024,-3.531,-5.882,5.268,7.896,137.81,187.98,0.968,35,2.641,1,TRUE,TRUE,511.8,484.5,512.3,483.9,665.6,372.1,FALSE,-5.587,5.197,7.631,7.896,6.427,6.427,filtered-optical,36.525,-2.282,63,4.11
5.248,328,TRACKING,-11.638,1.61,-4.645,-2.814,-5.464,-3.377,-6.156,5.147,8.025,140.06,191.21,0.95,35,9.639,1,TRUE,TRUE,505.2,484.3,505,484.8,660,377,FALSE,-6.174,4.987,7.936,8.025,6.814,6.814,filtered-optical,36.229,4.308,63,9.39
5.264,329,TRACKING,-11.663,1.553,-4.594,-2.178,-4.922,-3.104,-6.473,4.64,7.964,139.01,190.11,0.942,33.857,17.028,1,TRUE,TRUE,497.3,475.2,497.1,474.7,654.3,381.3,FALSE,-6.741,4.658,8.193,7.964,7.093,7.093,filtered-optical,35.93,11.495,63,11.45
5.28,330,TRACKING,-11.687,1.497,-3.953,-1.364,-4.424,-2.711,-7.412,3.93,8.39,146.43,201,0.942,31.162,24.58,1,TRUE,TRUE,473.6,461.5,473.5,461.9,647.7,385.1,FALSE,-7.264,4.208,8.394,8.39,7.407,7.407,filtered-optical,34.454,19.041,63,12.85
5.296,331,TRACKING,-11.711,1.44,-3.783,-1.348,-3.992,-2.311,-7.894,4.019,8.859,154.61,212.44,0.951,26.954,25,1,TRUE,TRUE,460.4,464,460.6,464.4,640.8,388.9,FALSE,-7.718,3.751,8.582,8.859,7.759,7.759,filtered-optical,31.416,26.746,63,3.58
5.312,332,TRACKING,-11.733,1.384,-4.121,-0.591,-3.649,-1.911,-7.864,3.334,8.541,149.07,205.08,0.965,21.446,25,1,TRUE,TRUE,459.1,448,459.8,446.7,634,391.9,FALSE,-8.084,3.295,8.73,8.541,7.949,7.949,filtered-optical,26.876,27.278,63,3.5
5.328,333,TRACKING,-11.755,1.327,-4.026,0.134,-3.415,-1.511,-8.282,2.654,8.696,151.78,209.26,0.981,14.618,25,1,TRUE,TRUE,446.3,432.1,446.5,432.1,626.8,394.3,FALSE,-8.34,2.838,8.809,8.696,8.13,8.13,filtered-optical,21.024,27.355,63,13.3
5.344,334,TRACKING,-11.776,1.27,-3.954,0.481,-3.312,-1.111,-8.691,2.336,8.999,157.07,216.84,0.995,6.459,25,1,TRUE,TRUE,433.2,424.6,433,424.4,619.2,396.3,FALSE,-8.464,2.381,8.792,8.999,8.341,8.341,filtered-optical,13.841,27.412,63,9.99
5.36,335,TRACKING,-11.796,1.213,-4.576,0.63,-3.356,-0.711,-8.392,2.209,8.678,151.46,209,1,-2.765,25,1,TRUE,TRUE,436.8,421.5,437.4,422,611.9,398.2,FALSE,-8.439,1.924,8.656,8.678,8.422,8.422,filtered-optical,5.35,27.46,63,9.26
5.376,336,TRACKING,-11.815,1.156,-5.211,1.515,-3.562,-0.311,-8.068,1.308,8.173,142.65,196.95,1,-12.86,25,1,TRUE,TRUE,440.7,400.1,440.9,399.2,604.9,399.1,FALSE,-8.253,1.467,8.382,8.173,8.362,8.362,filtered-optical,-4.187,27.46,63,3.21
5.392,337,TRACKING,-11.833,1.098,-5.579,1.936,-3.942,0.089,-8.009,0.853,8.055,140.58,194.16,1,-23.78,25,1,TRUE,TRUE,437.7,389.2,436.7,390.2,597.9,399.7,FALSE,-7.89,1.009,7.955,8.055,8.288,8.288,filtered-optical,-14.588,27.441,63,4.49
5.408,338,TRACKING,-11.85,1.041,-6.409,2.004,-4.502,0.489,-7.467,0.744,7.505,130.98,180.74,1,-35,25,1,TRUE,TRUE,446.4,386.5,446.7,386,591.4,400.1,FALSE,-7.347,0.552,7.368,7.505,8.098,8.098,filtered-optical,-25.784,27.412,63,7.33
5.424,339,TRACKING,-11.866,0.984,-7.476,2.501,-5.062,0.889,-6.649,0.185,6.652,116.1,160.06,1,-35,25,1,TRUE,TRUE,466.2,373.3,465.8,373.8,585.8,399.9,FALSE,-6.804,0.095,6.804,6.652,7.747,7.747,filtered-optical,-37.232,27.359,63,8.03
5.44,340,TRACKING,-11.881,0.926,-8.147,3.2,-5.622,1.289,-6.204,-0.608,6.234,108.8,149.88,1,-35,25,1,TRUE,TRUE,476.9,354.7,477.4,354.3,580.8,399.1,FALSE,-6.259,-0.363,6.269,6.234,7.38,7.38,filtered-optical,-37.429,27.269,63,8.09
5.456,341,TRACKING,-11.896,0.869,-8.68,3.291,-6.182,1.689,-5.877,-0.8,5.931,103.52,142.51,1,-35,25,1,TRUE,TRUE,484.7,350.4,485.8,350.9,576.2,398.1,FALSE,-5.713,-0.82,5.772,5.931,7.029,7.029,filtered-optical,-37.601,27.173,63,3.76
5.472,342,TRACKING,-11.909,0.811,-9.567,3.404,-6.742,2.089,-5.163,-1.022,5.263,91.86,126.31,1,-35,25,1,TRUE,TRUE,502,345.4,502.7,345.3,572.4,396.8,FALSE,-5.167,-1.278,5.322,5.263,6.601,6.601,filtered-optical,-37.733,27.069,63,2.56
5.488,343,TRACKING,-11.922,0.753,-10.413,4.152,-7.302,2.489,-4.459,-1.912,4.852,84.69,116.06,1,-35,25,1,TRUE,TRUE,519.1,324.7,519.3,325.3,569.3,394.9,FALSE,-4.619,-1.736,4.934,4.852,6.177,6.177,filtered-optical,-37.828,26.928,63,6.61
5.504,344,TRACKING,-11.933,0.696,-10.869,4.397,-7.862,2.889,-4.129,-2.316,4.734,82.62,112.99,1,-35,25,1,TRUE,TRUE,527.2,315.4,527.2,314.8,566.5,392.5,FALSE,-4.071,-2.193,4.624,4.734,5.827,5.827,filtered-optical,-37.903,26.77,63,10.08
5.52,345,TRACKING,-11.944,0.638,-11.434,4.4,-8.422,3.289,-3.667,-2.48,4.426,77.26,105.46,1,-35,25,1,TRUE,TRUE,538.5,311.6,538.1,311.8,564.3,390.1,FALSE,-3.521,-2.651,4.408,4.426,5.488,5.488,filtered-optical,-37.953,26.611,63,8.27
5.536,346,TRACKING,-11.954,0.58,-12.313,4.733,-8.982,3.689,-2.856,-2.991,4.136,72.18,98.07,1,-35,25,1,TRUE,TRUE,558.1,299.6,557.9,301.2,562.9,387.3,FALSE,-2.971,-3.109,4.3,4.136,5.16,5.16,filtered-optical,-37.962,26.437,63,5.69
5.552,347,TRACKING,-11.962,0.522,-12.906,5.411,-9.542,4.089,-2.308,-3.882,4.516,78.83,106.64,1,-35,25,1,TRUE,TRUE,571.5,278.5,571.1,278,562,383.6,FALSE,-2.42,-3.567,4.31,4.516,5.004,5.004,filtered-optical,-37.945,26.223,63,3.28
5.568,348,TRACKING,-11.97,0.464,-13.205,5.212,-10.102,4.489,-2.039,-3.894,4.396,76.72,103.7,1,-35,25,1,TRUE,TRUE,578,278,577.7,278.3,561.5,380,FALSE,-1.868,-4.025,4.437,4.396,4.857,4.857,filtered-optical,-37.914,26.017,63,7.29
5.584,349,TRACKING,-11.977,0.406,-13.883,5.423,-10.662,4.884,-1.365,-4.332,4.542,79.27,106.9,1,-35,24.661,1,TRUE,TRUE,594.3,267.3,594.1,266.7,561.6,376.1,FALSE,-1.315,-4.477,4.666,4.542,4.78,4.78,filtered-optical,-37.852,25.795,63,9.08
5.6,350,TRACKING,-11.983,0.348,-14.667,5.829,-11.222,5.254,-0.549,-4.988,5.018,87.59,118,0.986,-35,23.164,1,TRUE,TRUE,613.9,251.1,614.3,250.6,562.5,371.5,FALSE,-0.761,-4.906,4.965,5.018,4.838,4.838,filtered-optical,-37.754,25.211,63,10.49
5.616,351,TRACKING,-11.988,0.29,-14.925,6.095,-11.782,5.582,-0.25,-5.521,5.527,96.46,130.01,0.962,-35,20.497,1,TRUE,TRUE,620.9,237.5,619.7,238.3,563.6,366.6,FALSE,-0.206,-5.292,5.296,5.527,5.005,5.005,filtered-optical,-37.647,23.454,63,4.05
5.632,352,TRACKING,-11.993,0.232,-15.254,5.616,-12.342,5.852,0.137,-5.301,5.303,92.56,124.71,0.942,-35,16.885,1,TRUE,TRUE,630.1,241.4,629.8,241.2,565.1,361.9,FALSE,0.35,-5.62,5.631,5.303,5.077,5.077,filtered-optical,-37.524,20.542,63,3.34
5.648,353,TRACKING,-11.996,0.174,-16.082,5.959,-12.902,6.048,1.061,-5.926,6.02,105.07,141.75,0.93,-35,12.203,1,TRUE,TRUE,652.1,225,652.8,224.6,567.4,356.7,FALSE,0.907,-5.873,5.943,6.02,5.306,5.306,filtered-optical,-37.362,16.662,63,10.05
5.664,354,TRACKING,-11.998,0.116,-16.526,5.939,-13.462,6.151,1.619,-6.197,6.405,111.79,150.95,0.929,-35,6.489,1,TRUE,TRUE,665.3,216.6,665.1,216.5,570.3,351.2,FALSE,1.464,-6.035,6.21,6.405,5.572,5.572,filtered-optical,-37.181,11.706,63,9.68
5.68,355,TRACKING,-12,0.058,-16.561,5.552,-14.022,6.15,1.775,-6.095,6.348,110.8,149.63,0.938,-35,-0.094,1,TRUE,TRUE,668.9,216.7,669.4,216.8,573.2,345.9,FALSE,2.023,-6.092,6.419,6.348,5.76,5.76,filtered-optical,-36.998,5.731,63,12.93
5.696,356,TRACKING,-12,0,-17.182,4.925,-14.582,6.032,2.544,-5.74,6.278,109.58,148.17,0.956,-35,-7.337,1,TRUE,TRUE,687.2,222.5,686.6,222.4,576.8,340.9,FALSE,2.582,-6.033,6.562,6.278,5.886,5.886,filtered-optical,-36.789,-1.093,63,3.16
5.712,357,TRACKING,-12,-0.058,-17.886,5.005,-15.142,5.787,3.429,-6.107,7.004,122.24,165.6,0.979,-35,-15.335,1,TRUE,TRUE,708.4,210.9,708.4,210.9,581.1,335.5,FALSE,3.143,-5.845,6.637,7.004,6.157,6.157,filtered-optical,-36.547,-8.589,63,4.57
5.728,358,TRACKING,-11.998,-0.116,-17.864,4.205,-15.702,5.406,3.593,-5.571,6.629,115.7,156.85,1,-35,-23.825,1,TRUE,TRUE,712.3,220.3,712.2,221,585.5,330.7,FALSE,3.704,-5.522,6.649,6.629,6.271,6.271,filtered-optical,-36.307,-16.809,63,8.3
5.744,359,TRACKING,-11.996,-0.174,-18.095,3.402,-16.262,5.006,4.023,-5.009,6.424,112.12,152.26,1,-35,-25,1,TRUE,TRUE,722.7,233,722.3,232.9,590.2,326.4,FALSE,4.267,-5.18,6.711,6.424,6.308,6.308,filtered-optical,-36.056,-25.488,63,10.47
5.76,360,TRACKING,-11.993,-0.232,-18.911,2.931,-16.822,4.606,5.078,-4.766,6.964,121.55,165.6,1,-35,-25,1,TRUE,TRUE,748.2,238.5,748.8,238.8,595.9,322.4,FALSE,4.83,-4.838,6.836,6.964,6.467,6.467,filtered-optical,-35.765,-26.833,63,12.76
5.776,361,TRACKING,-11.988,-0.29,-19.096,2.737,-17.382,4.206,5.515,-4.796,7.309,127.56,173.98,1,-35,-25,1,TRUE,TRUE,758.9,237.6,758.8,238.2,601.8,318.5,FALSE,5.394,-4.496,7.022,7.309,6.671,6.671,filtered-optical,-35.467,-26.995,63,2.92
5.792,362,TRACKING,-11.983,-0.348,-18.953,1.754,-17.931,3.806,5.624,-4.002,6.903,120.47,164.63,1,-34.269,-25,1,TRUE,TRUE,762,256.2,761.1,257.4,607.8,315.4,FALSE,5.947,-4.154,7.255,6.903,6.727,6.727,filtered-optical,-35.177,-27.113,63,2.91
5.808,363,TRACKING,-11.977,-0.406,-19.559,1.232,-18.443,3.406,6.516,-3.655,7.471,130.39,178.71,1,-31.998,-25,1,TRUE,TRUE,784.6,264.3,784.4,264.2,614.5,312.7,FALSE,6.465,-3.812,7.506,7.471,6.908,6.908,filtered-optical,-34.124,-27.211,63,6.72
5.824,364,TRACKING,-11.97,-0.464,-19.959,1.046,-18.893,3.006,7.226,-3.64,8.092,141.22,193.89,1,-28.134,-25,1,TRUE,TRUE,803.5,264.7,802.9,264.6,621.7,310,FALSE,6.923,-3.47,7.744,8.092,7.195,7.195,filtered-optical,-31.51,-27.303,63,9.88
5.84,365,TRACKING,-11.962,-0.522,-19.511,0.501,-19.26,2.606,7.082,-3.248,7.791,135.98,186.78,1,-22.935,-25,1,TRUE,TRUE,802,274.1,801.7,273.8,628.8,307.8,FALSE,7.297,-3.128,7.94,7.791,7.339,7.339,filtered-optical,-27.319,-27.371,63,8.06
5.856,366,TRACKING,-11.954,-0.58,-19.491,-0.338,-19.523,2.206,7.378,-2.531,7.8,136.14,187.39,1,-16.423,-25,1,TRUE,TRUE,811.7,291.2,812.5,291.2,636.2,306.3,FALSE,7.569,-2.786,8.066,7.8,7.451,7.451,filtered-optical,-21.786,-27.402,63,2.79
5.872,367,TRACKING,-11.944,-0.638,-19.807,-0.529,-19.659,1.806,8.034,-2.457,8.402,146.64,202.13,1,-8.508,-25,1,TRUE,TRUE,830.7,293.2,831.1,293.4,644.1,304.9,FALSE,7.715,-2.444,8.093,8.402,7.682,7.682,filtered-optical,-14.922,-27.425,63,2.86
5.888,368,TRACKING,-11.933,-0.696,-19.182,-0.745,-19.65,1.406,7.736,-2.352,8.086,141.12,194.45,1,0.526,-25,1,TRUE,TRUE,826.8,295.8,826.3,295.7,651.7,303.7,FALSE,7.717,-2.102,7.998,8.086,7.78,7.78,filtered-optical,-6.677,-27.441,63,8.82
5.904,369,TRACKING,-11.922,-0.753,-18.374,-1.568,-19.484,1.006,7.236,-1.61,7.412,129.37,178.29,1,10.4,-25,1,TRUE,TRUE,818.3,313.3,818,313.2,658.8,303.1,FALSE,7.562,-1.759,7.764,7.412,7.691,7.691,filtered-optical,2.657,-27.421,63,9.46
5.92,370,TRACKING,-11.909,-0.811,-18.217,-1.974,-19.146,0.606,7.392,-1.27,7.5,130.91,180.54,1,21.133,-25,1,TRUE,TRUE,826.2,321.2,825.8,321,666,302.9,FALSE,7.237,-1.417,7.374,7.5,7.644,7.644,filtered-optical,12.832,-27.384,63,11.41
5.936,371,TRACKING,-11.896,-0.869,-17.493,-2.06,-18.625,0.206,6.967,-1.247,7.078,123.54,170.26,1,32.522,-25,1,TRUE,TRUE,820.1,321.6,819.9,322.7,672.8,302.8,FALSE,6.73,-1.075,6.815,7.078,7.507,7.507,filtered-optical,23.841,-27.344,63,4.84
5.952,372,TRACKING,-11.881,-0.926,-16.178,-2.498,-18.065,-0.194,5.908,-0.859,5.97,104.2,143.45,1,35,-25,1,TRUE,TRUE,795.2,330.4,795.9,330.3,678.6,303,FALSE,6.184,-0.732,6.227,5.97,7.135,7.135,filtered-optical,35.452,-27.289,63,3.15
5.968,373,TRACKING,-11.866,-0.984,-15.589,-3.292,-17.505,-0.594,5.554,-0.083,5.555,96.95,133.48,0.997,35,-25,1,TRUE,TRUE,786.6,348.4,786.2,349,683.9,303.9,FALSE,5.639,-0.39,5.653,5.555,6.752,6.752,filtered-optical,38.122,-27.199,63,10.19
5.984,374,TRACKING,-11.85,-1.041,-15.214,-3.247,-16.945,-0.994,5.405,-0.152,5.407,94.37,129.9,0.985,35,-25,1,TRUE,TRUE,783,346.7,783.2,346.2,688.9,304.7,FALSE,5.096,-0.047,5.096,5.407,6.426,6.426,filtered-optical,38.299,-27.116,63,8.89
6,375,TRACKING,-11.833,-1.098,-14.099,-3.546,-16.385,-1.394,4.475,0.136,4.478,78.15,107.47,0.971,35,-25,1,TRUE,TRUE,760.6,353.4,760.4,353.2,692.9,305.8,FALSE,4.553,0.296,4.562,4.478,5.953,5.953,filtered-optical,38.426,-27.021,63,11.55
6.016,376,TRACKING,-11.815,-1.156,-13.226,-4.111,-15.825,-1.794,3.758,0.711,3.824,66.75,91.67,0.957,35,-25,1,TRUE,TRUE,743.5,367,744,367,696.2,307.4,FALSE,4.011,0.638,4.061,3.824,5.437,5.437,filtered-optical,38.516,-26.901,63,3.24
6.032,377,TRACKING,-11.796,-1.213,-12.989,-4.591,-15.265,-2.194,3.669,1.222,3.867,67.5,92.56,0.947,35,-25,1,TRUE,TRUE,741.5,379.1,741.6,379.4,699.4,309.4,FALSE,3.47,0.981,3.606,3.867,5.057,5.057,filtered-optical,38.595,-26.761,63,3.87
6.048,378,TRACKING,-11.776,-1.27,-12.263,-4.363,-14.705,-2.594,3.067,1.016,3.231,56.39,77.3,0.944,35,-25,1,TRUE,TRUE,727.2,374.5,727.4,374.9,701.8,311.3,FALSE,2.93,1.324,3.215,3.231,4.614,4.614,filtered-optical,38.643,-26.633,63,7.45
6.064,379,TRACKING,-11.755,-1.327,-11.249,-5,-14.145,-2.994,2.138,1.7,2.732,47.68,64.94,0.949,35,-25,1,TRUE,TRUE,705,390.7,704.8,390.9,703.4,313.7,FALSE,2.39,1.667,2.914,2.732,4.158,4.158,filtered-optical,38.646,-26.478,63,10.83
6.08,380,TRACKING,-11.733,-1.384,-10.884,-5.41,-13.585,-3.394,1.846,2.173,2.851,49.76,67.49,0.964,35,-25,1,TRUE,TRUE,698.1,402,697.7,401.7,704.6,316.5,FALSE,1.852,2.01,2.734,2.851,3.841,3.841,filtered-optical,38.633,-26.307,63,10.19
6.096,381,TRACKING,-11.711,-1.44,-10.527,-5.545,-13.025,-3.794,1.548,2.376,2.836,49.5,66.97,0.986,35,-25,1,TRUE,TRUE,690.9,406.8,690.2,406.1,705.5,319.5,FALSE,1.315,2.354,2.696,2.836,3.597,3.597,filtered-optical,38.604,-26.132,63,3.95
6.112,382,TRACKING,-11.687,-1.497,-9.629,-5.492,-12.465,-4.194,0.678,2.392,2.486,43.39,58.42,1,35,-25,1,TRUE,TRUE,670,407.1,671,407.3,705.6,322.4,FALSE,0.778,2.697,2.807,2.486,3.328,3.328,filtered-optical,38.539,-25.962,63,2.93
6.128,383,TRACKING,-11.663,-1.553,-9.023,-6.291,-11.905,-4.594,0.075,3.293,3.294,57.48,77.32,1,35,-25,1,TRUE,TRUE,655.5,428.1,655.5,429,705.1,326.1,FALSE,0.243,3.041,3.05,3.294,3.32,3.32,filtered-optical,38.445,-25.754,63,9.25
6.144,384,TRACKING,-11.638,-1.61,-8.824,-6.339,-11.345,-4.994,-0.129,3.444,3.446,60.15,80.91,1,35,-25,1,TRUE,TRUE,650.5,431.4,650,431.6,704.3,329.9,FALSE,-0.292,3.384,3.397,3.446,3.35,3.35,filtered-optical,38.343,-25.549,63,9.41
6.16,385,TRACKING,-11.611,-1.666,-8.241,-6.36,-10.785,-5.394,-0.742,3.569,3.645,63.62,85.66,1,35,-25,1,TRUE,TRUE,635.6,434.1,635.1,433.8,703,333.6,FALSE,-0.826,3.728,3.818,3.645,3.422,3.422,filtered-optical,38.214,-25.346,63,10.53
6.176,386,TRACKING,-11.584,-1.722,-7.5,-6.645,-10.225,-5.794,-1.539,3.973,4.261,74.37,100.34,1,35,-25,1,TRUE,TRUE,616.4,443.5,617.2,444.6,701,337.7,FALSE,-1.359,4.072,4.293,4.261,3.625,3.625,filtered-optical,38.055,-25.13,63,3.44
6.192,387,TRACKING,-11.556,-1.778,-7.212,-7.24,-9.665,-6.179,-1.898,4.712,5.08,88.67,119.73,1,35,-24.066,1,TRUE,TRUE,607.6,461.3,607.6,461.5,698.6,342.4,FALSE,-1.891,4.401,4.79,5.08,3.978,3.978,filtered-optical,37.882,-24.889,63,3.33
6.208,388,TRACKING,-11.527,-1.834,-6.94,-6.949,-9.105,-6.534,-2.253,4.555,5.082,88.7,119.89,1,35,-22.192,1,TRUE,TRUE,599,458.3,599.1,458.1,696,346.9,FALSE,-2.422,4.7,5.287,5.082,4.246,4.246,filtered-optical,37.698,-23.73,63,9.46
6.224,389,TRACKING,-11.498,-1.89,-6.296,-7.048,-8.545,-6.844,-3.004,4.796,5.66,98.78,133.78,1,35,-19.388,1,TRUE,TRUE,581,465.3,581.7,465.1,692.7,351.5,FALSE,-2.952,4.955,5.767,5.66,4.588,4.588,filtered-optical,37.487,-21.625,63,7.17
6.24,390,TRACKING,-11.467,-1.945,-5.805,-7.386,-7.985,-7.094,-3.625,5.295,6.417,112,151.87,1,35,-15.568,1,TRUE,TRUE,566.1,478.7,566.4,478.7,688.8,356.6,FALSE,-3.481,5.148,6.215,6.417,5.032,5.032,filtered-optical,37.254,-18.573,63,11.74
6.256,391,TRACKING,-11.435,-2.001,-5.658,-7.339,-7.425,-7.266,-3.91,5.413,6.678,116.55,158.15,0.98,35,-10.797,1,TRUE,TRUE,559.4,483.5,559.1,483.9,684.7,361.8,FALSE,-4.01,5.265,6.618,6.678,5.431,5.431,filtered-optical,37.014,-14.505,63,4.13
6.272,392,TRACKING,-11.403,-2.056,-5.298,-6.806,-6.865,-7.351,-4.426,5.033,6.702,116.98,159.02,0.967,35,-5.292,1,TRUE,TRUE,547.1,476.7,546.1,478.5,680.2,366.6,FALSE,-4.537,5.295,6.973,6.702,5.739,5.739,filtered-optical,36.758,-9.505,63,3.66
6.288,393,TRACKING,-11.369,-2.111,-4.698,-6.85,-6.305,-7.336,-5.206,5.231,7.38,128.81,175.41,0.961,35,0.928,1,TRUE,TRUE,528.5,483.8,528.5,483.2,675.1,371.6,FALSE,-5.064,5.225,7.276,7.38,6.137,6.137,filtered-optical,36.478,-3.773,63,14.3
6.304,394,TRACKING,-11.335,-2.166,-4.441,-6.748,-5.745,-7.211,-5.655,5.288,7.742,135.13,184.21,0.962,35,7.839,1,TRUE,TRUE,517.8,487.6,518.1,487.6,669.7,376.6,FALSE,-5.59,5.044,7.529,7.742,6.526,6.526,filtered-optical,36.189,2.673,63,13.21
6.32,395,TRACKING,-11.3,-2.221,-4.358,-5.954,-5.185,-6.968,-5.936,4.626,7.526,131.35,179.4,0.968,35,15.138,1,TRUE,TRUE,511.2,474.6,511.3,474,664.1,380.9,FALSE,-6.115,4.747,7.741,7.526,6.769,6.769,filtered-optical,35.897,9.774,63,9.13
6.336,396,TRACKING,-11.264,-2.276,-3.897,-5.372,-4.647,-6.606,-6.618,4.159,7.817,136.43,186.83,0.976,33.65,22.671,1,TRUE,TRUE,494.2,466.2,494.2,465.9,657.9,384.9,FALSE,-6.617,4.33,7.908,7.817,7.023,7.023,filtered-optical,35.584,17.238,63,6.32
6.352,397,TRACKING,-11.227,-2.33,-3.489,-5.152,-4.155,-6.206,-7.269,4.048,8.32,145.21,199.22,0.984,30.781,25,1,TRUE,TRUE,477.3,464.2,477.2,464.9,651.2,388.7,FALSE,-7.073,3.876,8.065,8.32,7.337,7.337,filtered-optical,33.901,24.925,63,4.07
6.368,398,TRACKING,-11.19,-2.384,-3.631,-4.574,-3.73,-5.806,-7.371,3.556,8.183,142.83,196.19,0.989,26.547,25,1,TRUE,TRUE,473.2,452.5,472.9,453,644.5,392,FALSE,-7.46,3.421,8.207,8.183,7.542,7.542,filtered-optical,30.704,27.379,63,7.4
6.384,399,TRACKING,-11.151,-2.438,-3.669,-3.643,-3.393,-5.406,-7.582,2.673,8.04,140.32,193.16,0.99,21.024,25,1,TRUE,TRUE,465.7,431.7,465.4,431.7,637.6,394.4,FALSE,-7.758,2.967,8.306,8.04,7.663,7.663,filtered-optical,26.141,27.455,63,10.04
6.4,400,TRACKING,-11.112,-2.492,-3.392,-3.517,-3.167,-5.006,-8.128,2.591,8.531,148.89,205.22,0.988,14.147,25,1,TRUE,TRUE,449.6,429.9,449.2,430.3,630.2,396.7,FALSE,-7.945,2.514,8.333,8.531,7.873,7.873,filtered-optical,20.272,27.524,63,10.99
6.416,401,TRACKING,-11.071,-2.546,-3.682,-3.133,-3.07,-4.606,-8.104,2.234,8.406,146.71,202.33,0.984,6.074,25,1,TRUE,TRUE,446.9,421.7,446.6,421.7,622.9,398.6,FALSE,-8.001,2.06,8.262,8.406,8.002,8.002,filtered-optical,13.058,27.571,63,3.42
6.432,402,TRACKING,-11.03,-2.599,-4.371,-2.444,-3.116,-4.206,-7.661,1.543,7.815,136.4,188.14,0.981,-2.909,25,1,TRUE,TRUE,454,405.7,454.5,405.3,616,399.8,FALSE,-7.914,1.606,8.075,7.815,7.957,7.957,filtered-optical,4.676,27.582,63,2.48
6.448,403,TRACKING,-10.988,-2.653,-4.594,-1.833,-3.321,-3.806,-7.686,0.904,7.739,135.07,186.43,0.981,-12.773,25,1,TRUE,TRUE,449.4,390.9,449.2,391.1,609.1,400.4,FALSE,-7.667,1.153,7.754,7.739,7.904,7.904,filtered-optical,-4.613,27.563,63,10.52
6.464,404,TRACKING,-10.945,-2.706,-5.008,-1.949,-3.695,-3.406,-7.513,0.996,7.579,132.28,182.52,0.987,-23.404,25,1,TRUE,TRUE,449.4,393.1,449.1,393,602.2,401.1,FALSE,-7.25,0.7,7.284,7.579,7.825,7.825,filtered-optical,-14.768,27.546,63,9.44
6.48,405,TRACKING,-10.902,-2.759,-6.224,-1.244,-4.246,-3.006,-6.497,0.235,6.502,113.47,156.41,0.998,-34.392,25,1,TRUE,TRUE,469.9,375.3,470.2,375.5,596.4,401.1,FALSE,-6.656,0.247,6.661,6.502,7.504,7.504,filtered-optical,-25.64,27.494,63,9.83
6.496,406,TRACKING,-10.857,-2.811,-7.038,-0.719,-4.806,-2.606,-5.855,-0.369,5.866,102.39,141,1,-35,25,1,TRUE,TRUE,485.3,361,484.3,360.7,591.2,400.4,FALSE,-6.051,-0.206,6.055,5.866,7.107,7.107,filtered-optical,-36.832,27.413,63,3.66
6.512,407,TRACKING,-10.812,-2.864,-7.332,-0.479,-5.366,-2.206,-5.72,-0.699,5.762,100.57,138.44,1,-35,25,1,TRUE,TRUE,488.7,353.1,488.4,354.3,586.3,399.5,FALSE,-5.446,-0.658,5.486,5.762,6.781,6.781,filtered-optical,-37.627,27.321,63,4.61
6.528,408,TRACKING,-10.765,-2.916,-8.272,-0.478,-5.926,-1.806,-4.9,-0.795,4.964,86.64,119.13,1,-35,25,1,TRUE,TRUE,508.7,350.6,509.2,351,582.3,398.5,FALSE,-4.84,-1.11,4.966,4.964,6.341,6.341,filtered-optical,-37.767,27.225,63,7.2
6.544,409,TRACKING,-10.718,-2.968,-9.334,0.396,-6.486,-1.406,-3.914,-1.803,4.309,75.21,102.99,1,-35,25,1,TRUE,TRUE,532.7,326.8,533.3,326.9,579.3,396.6,FALSE,-4.233,-1.562,4.512,4.309,5.848,5.848,filtered-optical,-37.854,27.083,63,9.53
6.56,410,TRACKING,-10.67,-3.02,-9.581,0.534,-7.046,-1.006,-3.735,-2.085,4.277,74.65,102.07,1,-35,25,1,TRUE,TRUE,537.2,320.1,537.1,320.1,576.6,394.4,FALSE,-3.625,-2.014,4.147,4.277,5.467,5.467,filtered-optical,-37.93,26.931,63,10.07
6.576,411,TRACKING,-10.622,-3.071,-10.074,0.615,-7.606,-0.606,-3.285,-2.319,4.021,70.19,95.75,1,-35,25,1,TRUE,TRUE,548.1,314.6,548.5,313.7,574.4,392.1,FALSE,-3.016,-2.465,3.896,4.021,5.117,5.117,filtered-optical,-37.979,26.772,63,3.72
6.592,412,TRACKING,-10.572,-3.122,-11.208,0.922,-8.166,-0.206,-2.148,-2.793,3.524,61.5,83.35,1,-35,25,1,TRUE,TRUE,575.5,303.6,576.2,304.6,573.3,389.4,FALSE,-2.407,-2.917,3.781,3.524,4.731,4.731,filtered-optical,-37.974,26.599,63,4.49
6.608,413,TRACKING,-10.522,-3.174,-11.671,1.617,-8.726,0.194,-1.662,-3.689,4.046,70.61,95.33,1,-35,25,1,TRUE,TRUE,587.2,282.7,586.6,282.3,572.6,385.8,FALSE,-1.796,-3.368,3.817,4.046,4.565,4.565,filtered-optical,-37.947,26.389,63,7.95
6.624,414,TRACKING,-10.471,-3.224,-11.782,1.414,-9.286,0.594,-1.519,-3.683,3.984,69.54,93.83,0.992,-35,25,1,TRUE,TRUE,590.5,283,590.6,282.7,572.1,382.4,FALSE,-1.185,-3.819,3.998,3.984,4.424,4.424,filtered-optical,-37.912,26.186,63,10.96
6.64,415,TRACKING,-10.419,-3.275,-12.701,1.63,-9.846,0.994,-0.528,-4.11,4.144,72.33,97.38,0.967,-35,25,1,TRUE,TRUE,614.1,273.2,614.4,273.1,572.6,378.6,FALSE,-0.573,-4.269,4.307,4.144,4.356,4.356,filtered-optical,-37.832,25.971,63,10.36
6.656,416,TRACKING,-10.366,-3.325,-13.472,2.111,-10.406,1.377,0.349,-4.826,4.839,84.45,113.74,0.946,-35,23.944,1,TRUE,TRUE,635,256,635.1,256.3,573.9,374.3,FALSE,0.04,-4.703,4.703,4.839,4.473,4.473,filtered-optical,-37.715,25.73,63,3.12
6.672,417,TRACKING,-10.312,-3.375,-13.456,2.309,-10.966,1.725,0.443,-5.276,5.294,92.4,124.51,0.935,-35,21.735,1,TRUE,TRUE,637.1,244.6,637.3,244.4,575.3,369.6,FALSE,0.653,-5.1,5.142,5.294,4.672,4.672,filtered-optical,-37.596,24.419,63,5.24
6.688,418,TRACKING,-10.258,-3.425,-13.954,1.968,-11.526,2.022,1.075,-5.179,5.289,92.32,124.47,0.933,-35,18.574,1,TRUE,TRUE,652.1,245.5,651.2,246,577.2,365,FALSE,1.268,-5.447,5.593,5.289,4.822,4.822,filtered-optical,-37.455,21.968,63,9.28
6.704,419,TRACKING,-10.203,-3.475,-14.893,2.25,-12.086,2.252,2.191,-5.726,6.131,107.01,144.6,0.941,-35,14.379,1,TRUE,TRUE,678.7,230.8,679.1,230.9,580.1,360,FALSE,1.883,-5.727,6.029,6.131,5.139,5.139,filtered-optical,-37.266,18.544,63,11.47
6.72,420,TRACKING,-10.147,-3.524,-15.037,2.398,-12.646,2.397,2.525,-6.156,6.654,116.13,157.05,0.957,-35,9.066,1,TRUE,TRUE,686.7,218.4,686.9,218.1,583.3,354.5,FALSE,2.499,-5.921,6.427,6.654,5.506,5.506,filtered-optical,-37.068,14.071,63,10.78
6.736,421,TRACKING,-10.09,-3.573,-15.119,1.897,-13.206,2.444,2.805,-5.924,6.555,114.4,154.78,0.977,-35,2.907,1,TRUE,TRUE,693.4,221.4,693,223,586.7,349.3,FALSE,3.116,-6.017,6.776,6.555,5.761,5.761,filtered-optical,-36.865,8.501,63,3.48
6.752,422,TRACKING,-10.032,-3.621,-15.945,1.512,-13.766,2.38,3.87,-5.807,6.978,121.79,165.19,0.996,-35,-4.007,1,TRUE,TRUE,719.1,221.4,718.9,221.3,591,344.2,FALSE,3.733,-6.001,7.068,6.978,6.056,6.056,filtered-optical,-36.62,2.091,63,2.25
6.768,423,TRACKING,-9.974,-3.67,-16.389,1.465,-14.326,2.193,4.578,-6.035,7.575,132.2,179.58,1,-35,-11.696,1,TRUE,TRUE,736.2,213.1,736.2,213.5,596,338.9,FALSE,4.352,-5.863,7.301,7.575,6.424,6.424,filtered-optical,-36.353,-5.079,63,8.03
6.784,424,TRACKING,-9.915,-3.718,-16.269,0.897,-14.886,1.873,4.726,-5.731,7.429,129.66,176.24,1,-35,-19.991,1,TRUE,TRUE,740,217.3,740.7,217.2,601,333.8,FALSE,4.971,-5.591,7.481,7.429,6.668,6.668,filtered-optical,-36.086,-13.005,63,8.24
6.8,425,TRACKING,-9.855,-3.766,-16.748,-0.109,-15.446,1.473,5.501,-4.958,7.405,129.24,176.22,1,-35,-25,1,TRUE,TRUE,758.8,233.9,759,233.7,606.6,329.5,FALSE,5.591,-5.239,7.661,7.405,6.846,6.846,filtered-optical,-35.795,-21.496,63,10.98
6.816,426,TRACKING,-9.794,-3.813,-17.391,-0.373,-15.989,1.073,6.467,-4.935,8.135,141.98,194.06,1,-33.937,-25,1,TRUE,TRUE,782.7,234.7,778.3,225.7,612.9,325,FALSE,6.194,-4.886,7.889,8.135,7.159,7.159,filtered-optical,-35.48,-26.706,63,3.62
6.832,427,TRACKING,-9.733,-3.861,-17.296,-0.798,-16.49,0.673,6.708,-4.721,8.203,143.17,195.88,1,-31.352,-25,1,TRUE,TRUE,789.6,239.9,789.7,240.9,619.5,321.1,FALSE,6.757,-4.533,8.137,8.203,7.412,7.412,filtered-optical,-34.093,-26.869,63,2.97
6.848,428,TRACKING,-9.671,-3.908,-17.269,-1.579,-16.927,0.273,7.029,-4.125,8.15,142.24,195,1,-27.329,-25,1,TRUE,TRUE,799,254.1,799.1,254.4,626.4,317.8,FALSE,7.257,-4.18,8.375,8.15,7.591,7.591,filtered-optical,-31.179,-26.998,63,8.36
6.864,429,TRACKING,-9.608,-3.954,-17.682,-2.295,-17.275,-0.127,7.819,-3.572,8.596,150.03,206.29,1,-21.745,-25,1,TRUE,TRUE,820.4,267.1,821.1,266.6,633.9,315.1,FALSE,7.667,-3.827,8.57,8.596,7.835,7.835,filtered-optical,-26.799,-27.096,63,7.58
6.88,430,TRACKING,-9.544,-4.001,-17.58,-2.278,-17.511,-0.527,8.105,-3.753,8.932,155.88,214.4,1,-14.702,-25,1,TRUE,TRUE,830,262.7,830.4,262.9,641.6,312.4,FALSE,7.966,-3.473,8.691,8.932,8.1,8.1,filtered-optical,-20.857,-27.197,63,9.03
6.896,431,TRACKING,-9.48,-4.047,-17.038,-3.045,-17.614,-0.927,7.936,-3.13,8.531,148.89,204.94,1,-6.496,-25,1,TRUE,TRUE,828.9,277.2,825.4,273.8,649.1,310.1,FALSE,8.135,-3.119,8.712,8.531,8.205,8.205,filtered-optical,-13.479,-27.27,63,2.88
6.912,432,TRACKING,-9.415,-4.092,-16.832,-3.692,-17.569,-1.327,8.114,-2.6,8.521,148.72,204.98,1,2.874,-25,1,TRUE,TRUE,836.8,289.4,836.1,288.4,656.7,308.4,FALSE,8.154,-2.765,8.61,8.521,8.281,8.281,filtered-optical,-4.933,-27.311,63,3.39
6.928,433,TRACKING,-9.349,-4.138,-16.53,-4.042,-17.355,-1.727,8.202,-2.353,8.533,148.93,205.39,1,13.337,-25,1,TRUE,TRUE,842.9,295.1,842.5,295.3,664.5,307,FALSE,8.006,-2.411,8.361,8.533,8.342,8.342,filtered-optical,4.775,-27.334,63,7.16
6.944,434,TRACKING,-9.282,-4.183,-15.597,-4.119,-16.962,-2.127,7.637,-2.378,7.998,139.6,192.3,1,24.595,-25,1,TRUE,TRUE,833.3,294.4,833.1,294.7,671.7,305.7,FALSE,7.679,-2.056,7.95,7.998,8.259,8.259,filtered-optical,15.543,-27.357,63,9.37
6.96,435,TRACKING,-9.215,-4.228,-14.64,-5.09,-16.402,-2.527,7.024,-1.474,7.177,125.27,172.61,1,35,-25,1,TRUE,TRUE,822.4,315.6,822.6,314.9,678.3,305.2,FALSE,7.187,-1.7,7.385,7.177,7.997,7.997,filtered-optical,27.074,-27.337,63,7.95
6.976,436,TRACKING,-9.147,-4.272,-14.08,-5.356,-15.842,-2.927,6.793,-1.262,6.909,120.59,166.15,1,35,-25,1,TRUE,TRUE,816.7,320.7,815.9,321.5,684.6,304.9,FALSE,6.695,-1.345,6.828,6.909,7.733,7.733,filtered-optical,37.727,-27.304,63,2.83
6.992,437,TRACKING,-9.078,-4.316,-13.299,-5.546,-15.282,-3.327,6.32,-1.123,6.419,112.04,154.28,1,35,-25,1,TRUE,TRUE,805.2,324.2,806.3,323.1,690.3,304.8,FALSE,6.203,-0.989,6.282,6.419,7.415,7.415,filtered-optical,37.946,-27.267,63,3.48
7.008,438,TRACKING,-9.009,-4.36,-12.286,-5.922,-14.722,-3.727,5.579,-0.78,5.633,98.31,135.3,0.988,35,-25,1,TRUE,TRUE,787.3,332.5,786.7,333.2,695.2,305,FALSE,5.713,-0.633,5.748,5.633,6.983,6.983,filtered-optical,38.119,-27.21,63,7.09
7.024,439,TRACKING,-8.939,-4.403,-11.609,-6.755,-14.162,-4.127,5.153,0.051,5.154,89.95,123.79,0.966,35,-25,1,TRUE,TRUE,777.2,352.1,776.9,352.1,699.5,306,FALSE,5.223,-0.276,5.23,5.154,6.539,6.539,filtered-optical,38.264,-27.118,63,10.27
7.04,440,TRACKING,-8.868,-4.446,-11.11,-6.664,-13.602,-4.527,4.892,-0.044,4.892,85.38,117.47,0.948,35,-25,1,TRUE,TRUE,771,350,770.4,350.5,703.5,306.9,FALSE,4.734,0.081,4.734,4.892,6.14,6.14,filtered-optical,38.391,-27.03,63,12.14
7.056,441,TRACKING,-8.797,-4.489,-10.269,-6.98,-13.042,-4.927,4.261,0.279,4.27,74.53,102.47,0.935,35,-25,1,TRUE,TRUE,756,357.5,755.8,356.7,706.9,308.1,FALSE,4.245,0.438,4.268,4.27,5.687,5.687,filtered-optical,38.483,-26.933,63,3.6
7.072,442,TRACKING,-8.724,-4.532,-9.411,-7.565,-12.482,-5.327,3.584,0.896,3.694,64.48,88.5,0.931,35,-25,1,TRUE,TRUE,739.8,371.9,738.8,372.5,709.5,309.9,FALSE,3.757,0.796,3.841,3.694,5.204,5.204,filtered-optical,38.538,-26.807,63,3.63
7.088,443,TRACKING,-8.652,-4.574,-8.976,-7.975,-11.922,-5.727,3.319,1.354,3.585,62.56,85.7,0.938,35,-25,1,TRUE,TRUE,733.5,382.4,734,382.8,711.8,312,FALSE,3.27,1.154,3.468,3.585,4.811,4.811,filtered-optical,38.58,-26.664,63,12.64
7.104,444,TRACKING,-8.578,-4.615,-8.456,-7.819,-11.362,-6.127,2.953,1.24,3.202,55.89,76.53,0.954,35,-25,1,TRUE,TRUE,724.7,379.5,725.2,379,713.7,313.9,FALSE,2.784,1.512,3.168,3.202,4.421,4.421,filtered-optical,38.602,-26.533,63,12.7
7.12,445,TRACKING,-8.504,-4.657,-7.555,-8.377,-10.802,-6.527,2.172,1.863,2.861,49.93,67.95,0.977,35,-25,1,TRUE,TRUE,705.9,394,705.6,393.7,714.8,316.4,FALSE,2.298,1.87,2.963,2.861,4.043,4.043,filtered-optical,38.584,-26.378,63,12.46
7.136,446,TRACKING,-8.429,-4.698,-6.965,-8.885,-10.242,-6.927,1.682,2.455,2.976,51.94,70.31,1,35,-25,1,TRUE,TRUE,694,407.8,693.8,406.9,715.4,319.4,FALSE,1.813,2.229,2.873,2.976,3.784,3.784,filtered-optical,38.543,-26.201,63,3.55
7.152,447,TRACKING,-8.354,-4.738,-6.719,-8.868,-9.682,-7.327,1.529,2.526,2.952,51.53,69.67,1,35,-25,1,TRUE,TRUE,690.2,409.5,689.7,409.9,715.8,322.4,FALSE,1.328,2.589,2.91,2.952,3.583,3.583,filtered-optical,38.494,-26.025,63,4.34
7.168,448,TRACKING,-8.277,-4.779,-6.016,-8.979,-9.122,-7.727,0.892,2.732,2.874,50.16,67.58,1,35,-25,1,TRUE,TRUE,674.7,414.5,674.2,414.9,715.6,325.5,FALSE,0.844,2.949,3.067,2.874,3.411,3.411,filtered-optical,38.416,-25.844,63,7.92
7.184,449,TRACKING,-8.201,-4.818,-5.202,-9.607,-8.562,-8.127,0.117,3.48,3.482,60.77,81.75,1,35,-25,1,TRUE,TRUE,656,432.2,655.9,432,714.7,329.3,FALSE,0.361,3.309,3.328,3.482,3.428,3.428,filtered-optical,38.304,-25.637,63,9.92
7.2,450,TRACKING,-8.123,-4.858,-5.005,-9.81,-8.002,-8.527,-0.051,3.815,3.815,66.59,89.59,1,35,-25,1,TRUE,TRUE,651.9,440.3,651.1,440.4,713.6,333.3,FALSE,-0.122,3.669,3.671,3.815,3.522,3.522,filtered-optical,38.186,-25.42,63,11.26
7.216,451,TRACKING,-8.045,-4.897,-4.649,-9.642,-7.442,-8.927,-0.374,3.765,3.784,66.04,88.87,1,35,-25,1,TRUE,TRUE,644.1,439.3,652,434.5,712.5,337,FALSE,-0.604,4.03,4.075,3.784,3.585,3.585,filtered-optical,38.071,-25.223,63,5.25
7.232,452,TRACKING,-7.967,-4.936,-3.756,-10.13,-6.882,-9.321,-1.281,4.405,4.587,80.06,107.95,1,35,-24.616,1,TRUE,TRUE,622.3,454.6,622.7,455.5,710.2,341.5,FALSE,-1.085,4.385,4.517,4.587,3.828,3.828,filtered-optical,37.904,-24.991,63,2.51
7.248,453,TRACKING,-7.887,-4.974,-3.359,-10.477,-6.322,-9.69,-1.709,4.918,5.206,90.87,122.64,1,35,-23.091,1,TRUE,TRUE,612.1,467.3,611.3,466.8,707.6,346.3,FALSE,-1.566,4.716,4.969,5.206,4.162,4.162,filtered-optical,37.721,-24.362,63,8.18
7.264,454,TRACKING,-7.807,-5.012,-3.339,-10.352,-5.762,-10.019,-1.76,4.96,5.263,91.85,123.99,1,35,-20.548,1,TRUE,TRUE,611,469.1,610.4,469.5,704.9,351.1,FALSE,-2.046,5.007,5.409,5.263,4.429,4.429,filtered-optical,37.541,-22.597,63,7.96
7.28,455,TRACKING,-7.727,-5.05,-2.629,-10.21,-5.202,-10.293,-2.526,4.984,5.587,97.52,131.88,0.994,35,-17.102,1,TRUE,TRUE,592.8,470.7,592.5,471,701.6,355.9,FALSE,-2.525,5.243,5.82,5.587,4.71,4.71,filtered-optical,37.333,-19.82,63,10.46
7.296,456,TRACKING,-7.646,-5.087,-1.934,-10.707,-4.642,-10.495,-3.305,5.67,6.563,114.54,155.16,0.987,35,-12.617,1,TRUE,TRUE,574.3,488.4,574.2,487.4,697.7,361.2,FALSE,-3.004,5.408,6.186,6.563,5.159,5.159,filtered-optical,37.098,-16.117,63,3.11
7.312,457,TRACKING,-7.564,-5.124,-2.002,-10.374,-4.082,-10.611,-3.319,5.521,6.441,112.43,152.31,0.985,35,-7.259,1,TRUE,TRUE,574.1,486.8,573.8,486.5,693.8,366.3,FALSE,-3.482,5.487,6.499,6.441,5.47,5.47,filtered-optical,36.868,-11.387,63,2.84
7.328,458,TRACKING,-7.482,-5.16,-1.68,-9.983,-3.522,-10.63,-3.736,5.304,6.487,113.22,153.58,0.987,35,-1.201,1,TRUE,TRUE,564.2,483.8,563.5,483.1,689.5,371.3,FALSE,-3.96,5.47,6.753,6.487,5.717,5.717,filtered-optical,36.628,-5.801,63,7.53
7.344,459,TRACKING,-7.399,-5.196,-0.816,-9.778,-2.962,-10.542,-4.727,5.272,7.081,123.59,168.09,0.99,35,5.518,1,TRUE,TRUE,540.4,485.7,541,486,684.5,376.2,FALSE,-4.437,5.346,6.947,7.081,6.047,6.047,filtered-optical,36.354,0.481,63,9.47
7.36,460,TRACKING,-7.316,-5.232,-0.69,-9.753,-2.402,-10.335,-4.987,5.429,7.372,128.67,175.07,0.993,35,12.921,1,TRUE,TRUE,534.2,492.4,534.5,492.9,679.2,381.3,FALSE,-4.914,5.103,7.085,7.372,6.369,6.369,filtered-optical,36.077,7.427,63,8.44
7.376,461,TRACKING,-7.232,-5.267,-0.754,-8.704,-1.842,-10.005,-5.055,4.528,6.786,118.45,161.43,0.992,35,20.635,1,TRUE,TRUE,532.5,474.2,533.6,474.9,674.1,385.6,FALSE,-5.39,4.738,7.176,6.786,6.47,6.47,filtered-optical,35.808,15.012,63,3.31
7.392,462,TRACKING,-7.147,-5.302,0,-8.253,-1.282,-9.605,-5.972,4.208,7.306,127.51,174.32,0.987,35,25,1,TRUE,TRUE,510.2,468.5,510.7,467.3,668.1,389.5,FALSE,-5.865,4.303,7.275,7.306,6.673,6.673,filtered-optical,35.507,22.885,63,3.71
7.408,463,TRACKING,-7.062,-5.336,0.443,-7.913,-0.741,-9.205,-6.6,3.991,7.713,134.61,184.4,0.979,33.771,25,1,TRUE,TRUE,494.4,463.5,494.6,463.8,661.7,393.2,FALSE,-6.321,3.869,7.411,7.713,6.925,6.925,filtered-optical,35.188,27.394,63,10.23
7.424,464,TRACKING,-6.976,-5.37,0.145,-7.421,-0.241,-8.805,-6.478,3.604,7.413,129.37,177.32,0.969,31.236,25,1,TRUE,TRUE,496.2,454.5,496.1,454.7,655.4,396.4,FALSE,-6.735,3.435,7.56,7.413,7.043,7.043,filtered-optical,33.654,27.513,63,10.1
7.44,465,TRACKING,-6.89,-5.404,0.422,-6.424,0.196,-8.405,-6.947,2.67,7.442,129.89,178.58,0.961,27.363,25,1,TRUE,TRUE,483.2,432.4,482.7,432.1,648.7,398.7,FALSE,-7.086,3.001,7.696,7.442,7.14,7.14,filtered-optical,30.802,27.581,63,14.36
7.456,466,TRACKING,-6.803,-5.437,0.939,-6.369,0.549,-8.005,-7.68,2.68,8.135,141.97,195.48,0.957,22.052,25,1,TRUE,TRUE,463.1,432.5,464,433.7,641.5,401,FALSE,-7.352,2.568,7.788,8.135,7.381,7.381,filtered-optical,26.59,27.648,63,3.09
7.472,467,TRACKING,-6.716,-5.47,0.531,-5.937,0.798,-7.605,-7.477,2.295,7.821,136.51,188.01,0.959,15.555,25,1,TRUE,TRUE,465.5,423.3,466.9,424.1,634.5,402.9,FALSE,-7.514,2.135,7.812,7.821,7.488,7.488,filtered-optical,20.958,27.691,63,3.06
7.488,468,TRACKING,-6.628,-5.502,0.113,-5.251,0.927,-7.205,-7.256,1.626,7.436,129.78,178.85,0.97,8.057,25,1,TRUE,TRUE,468,407.3,468.5,407.5,627.7,404,FALSE,-7.555,1.703,7.745,7.436,7.475,7.475,filtered-optical,14.158,27.698,63,11.33
7.504,469,TRACKING,-6.54,-5.534,0.298,-4.678,0.919,-6.805,-7.651,1.047,7.722,134.78,186,0.987,-0.52,25,1,TRUE,TRUE,455.1,393.6,455.3,393.2,620.5,404.6,FALSE,-7.459,1.271,7.566,7.722,7.535,7.535,filtered-optical,6.343,27.675,63,11
7.52,470,TRACKING,-6.451,-5.565,-0.156,-4.751,0.759,-6.405,-7.398,1.114,7.481,130.57,180.11,1,-9.993,25,1,TRUE,TRUE,457.7,395.1,457.4,394.5,613.6,405.2,FALSE,-7.21,0.84,7.259,7.481,7.522,7.522,filtered-optical,-2.531,27.653,63,10.13
7.536,471,TRACKING,-6.362,-5.596,-1.197,-4.098,0.439,-6.005,-6.521,0.425,6.535,114.06,157.2,1,-19.964,25,1,TRUE,TRUE,475.3,379,476.1,376.6,607.5,405.1,FALSE,-6.801,0.409,6.814,6.535,7.283,7.283,filtered-optical,-12.255,27.595,63,3.02
7.552,472,TRACKING,-6.272,-5.627,-1.68,-3.493,-0.046,-5.605,-6.19,-0.237,6.195,108.12,148.97,1,-30.351,25,1,TRUE,TRUE,479.5,363.6,479.4,364.1,601.7,404.5,FALSE,-6.226,-0.022,6.226,6.195,7.019,7.019,filtered-optical,-22.46,27.513,63,2.46
7.568,473,TRACKING,-6.182,-5.657,-2.149,-3.376,-0.606,-5.205,-5.857,-0.419,5.872,102.48,141.13,1,-35,25,1,TRUE,TRUE,485.9,359.6,486.2,359.7,596.3,403.7,FALSE,-5.576,-0.452,5.594,5.872,6.741,6.741,filtered-optical,-33.056,27.423,63,6.56
7.584,474,TRACKING,-6.091,-5.687,-3.277,-3.223,-1.166,-4.805,-4.819,-0.644,4.861,84.85,116.68,1,-35,25,1,TRUE,TRUE,511.2,354.5,511.4,354.2,592,402.7,FALSE,-4.925,-0.882,5.003,4.861,6.285,6.285,filtered-optical,-37.859,27.324,63,8.79
7.6,475,TRACKING,-6,-5.716,-4.087,-2.49,-1.726,-4.405,-4.064,-1.48,4.325,75.49,103.52,1,-35,25,1,TRUE,TRUE,529.4,335,529.3,335.2,588.4,401,FALSE,-4.274,-1.311,4.47,4.325,5.81,5.81,filtered-optical,-37.972,27.191,63,10.19
7.616,476,TRACKING,-5.908,-5.745,-4.374,-2.198,-2.286,-4.005,-3.82,-1.889,4.262,74.38,101.8,1,-35,25,1,TRUE,TRUE,535.3,325.5,535.3,325.7,585.2,398.9,FALSE,-3.622,-1.74,4.018,4.262,5.435,5.435,filtered-optical,-38.067,27.042,63,3.17
7.632,477,TRACKING,-5.816,-5.773,-5.136,-2.286,-2.846,-3.605,-3.069,-1.921,3.62,63.19,86.28,1,-35,25,1,TRUE,TRUE,553.3,324.7,552.2,323.6,582.7,396.7,FALSE,-2.97,-2.168,3.677,3.62,4.995,4.995,filtered-optical,-38.125,26.893,63,2.45
7.648,478,TRACKING,-5.723,-5.801,-6.082,-1.762,-3.406,-3.205,-2.091,-2.586,3.325,58.04,78.69,1,-35,25,1,TRUE,TRUE,576.6,308.9,576.6,309.3,581.3,394.1,FALSE,-2.317,-2.596,3.48,3.325,4.59,4.59,filtered-optical,-38.134,26.72,63,7.3
7.664,479,TRACKING,-5.63,-5.828,-6.449,-1.274,-3.966,-2.805,-1.675,-3.238,3.646,63.63,85.96,0.976,-35,25,1,TRUE,TRUE,586.5,293.4,586.1,293.9,580.2,390.9,FALSE,-1.664,-3.023,3.451,3.646,4.361,4.361,filtered-optical,-38.123,26.523,63,8.39
7.68,480,TRACKING,-5.537,-5.855,-6.843,-1.271,-4.526,-2.405,-1.21,-3.411,3.619,63.17,85.17,0.958,-35,25,1,TRUE,TRUE,597.4,289.1,597.9,289.1,579.7,387.5,FALSE,-1.011,-3.451,3.595,3.619,4.181,4.181,filtered-optical,-38.088,26.322,63,11.3
7.696,481,TRACKING,-5.443,-5.882,-7.68,-1.242,-5.086,-2.005,-0.264,-3.616,3.625,63.28,85.14,0.948,-35,25,1,TRUE,TRUE,620,284.1,621.3,283.6,580.1,384,FALSE,-0.357,-3.877,3.893,3.625,4.047,4.047,filtered-optical,-38.009,26.118,63,3.99
7.712,482,TRACKING,-5.349,-5.908,-8.25,-0.522,-5.646,-1.607,0.441,-4.542,4.563,79.65,107.25,0.947,-35,24.847,1,TRUE,TRUE,636.8,262.2,636,263.1,581,379.8,FALSE,0.298,-4.301,4.311,4.563,4.172,4.172,filtered-optical,-37.904,25.88,63,3.88
7.728,483,TRACKING,-5.254,-5.934,-8.471,-0.517,-6.206,-1.23,0.813,-4.761,4.83,84.3,113.58,0.954,-35,23.586,1,TRUE,TRUE,645.6,256.6,646.1,256.5,582.4,375.4,FALSE,0.952,-4.704,4.799,4.83,4.331,4.331,filtered-optical,-37.782,25.484,63,8.12
7.744,484,TRACKING,-5.159,-5.959,-9.006,-0.59,-6.766,-0.889,1.527,-4.902,5.135,89.62,120.91,0.965,-35,21.326,1,TRUE,TRUE,662.8,252.6,663,253.2,584.4,370.9,FALSE,1.607,-5.07,5.319,5.135,4.526,4.526,filtered-optical,-37.632,23.983,63,8.59
7.76,485,TRACKING,-5.063,-5.984,-9.69,-0.427,-7.326,-0.6,2.422,-5.296,5.823,101.63,137.4,0.978,-35,18.034,1,TRUE,TRUE,684.3,242.3,683.8,242,587.2,366.1,FALSE,2.263,-5.384,5.84,5.823,4.841,4.841,filtered-optical,-37.447,21.47,63,9.29
7.776,486,TRACKING,-4.967,-6.008,-9.977,-0.027,-7.886,-0.386,2.942,-5.948,6.636,115.82,156.75,0.99,-35,13.357,1,TRUE,TRUE,696.9,225.3,698,225.3,590.5,360.8,FALSE,2.919,-5.621,6.334,6.636,5.276,5.276,filtered-optical,-37.241,17.901,63,3.03
7.792,487,TRACKING,-4.871,-6.032,-10.2,-0.628,-8.446,-0.257,3.413,-5.584,6.545,114.23,154.78,0.999,-35,8.117,1,TRUE,TRUE,708.4,232.1,707.9,232,594.1,355.8,FALSE,3.575,-5.775,6.792,6.545,5.583,5.583,filtered-optical,-37.023,12.971,63,3.97
7.808,488,TRACKING,-4.774,-6.055,-10.772,-0.731,-9.006,-0.224,4.264,-5.723,7.137,124.56,169.12,1,-35,2.027,1,TRUE,TRUE,729,226.5,729,226.1,598.5,350.7,FALSE,4.232,-5.831,7.205,7.137,5.96,5.96,filtered-optical,-36.773,7.477,63,8.58
7.824,489,TRACKING,-4.677,-6.078,-11.244,-0.816,-9.566,-0.303,5.045,-5.886,7.752,135.3,184.03,1,-35,-4.902,1,TRUE,TRUE,748,220,748.7,219.3,603.5,345.4,FALSE,4.889,-5.775,7.567,7.752,6.394,6.394,filtered-optical,-36.495,1.128,63,10.52
7.84,490,TRACKING,-4.58,-6.1,-11.334,-1.161,-10.126,-0.503,5.455,-5.785,7.952,138.79,188.97,1,-35,-12.553,1,TRUE,TRUE,757.9,219.3,758.2,218.8,608.9,340.2,FALSE,5.546,-5.597,7.88,7.952,6.772,6.772,filtered-optical,-36.209,-6.048,63,12.38
7.856,491,TRACKING,-4.482,-6.122,-11.595,-2.201,-10.672,-0.833,6.057,-4.958,7.828,136.62,186.54,0.997,-34.137,-20.583,1,TRUE,TRUE,772.8,235.6,772.7,234.6,614.7,335.7,FALSE,6.19,-5.29,8.142,7.828,7.028,7.028,filtered-optical,-35.906,-13.906,63,4.44
7.872,492,TRACKING,-4.384,-6.144,-12.114,-2.361,-11.179,-1.233,6.948,-5.009,8.565,149.49,204.55,0.998,-31.672,-25,1,TRUE,TRUE,795.3,232.6,794.5,233.2,621.3,331.3,FALSE,6.795,-4.911,8.384,8.565,7.401,7.401,filtered-optical,-34.712,-22.136,63,3.6
7.888,493,TRACKING,-4.286,-6.165,-12.195,-2.872,-11.622,-1.633,7.417,-4.692,8.777,153.18,209.97,1,-27.649,-25,1,TRUE,TRUE,808.2,239.9,808.2,240,628.2,327.2,FALSE,7.336,-4.532,8.623,8.777,7.734,7.734,filtered-optical,-31.903,-26.731,63,8.1
7.904,494,TRACKING,-4.187,-6.185,-11.968,-3.633,-11.977,-2.033,7.585,-4.098,8.621,150.47,206.56,1,-22.21,-25,1,TRUE,TRUE,814.2,253.9,814.5,254.1,635.3,323.7,FALSE,7.79,-4.152,8.828,8.621,7.949,7.949,filtered-optical,-27.537,-26.873,63,10.77
7.92,495,TRACKING,-4.088,-6.205,-12.109,-4.348,-12.222,-2.433,8.14,-3.526,8.871,154.82,213.05,1,-15.323,-25,1,TRUE,TRUE,830.3,267.4,830.5,266.9,642.8,320.9,FALSE,8.135,-3.773,8.967,8.871,8.173,8.173,filtered-optical,-21.739,-26.983,63,11.46
7.936,496,TRACKING,-3.988,-6.225,-12.108,-4.352,-12.334,-2.833,8.57,-3.666,9.321,162.69,224.04,1,-6.99,-25,1,TRUE,TRUE,843.9,264.3,845.1,264.3,650.8,317.9,FALSE,8.346,-3.392,9.009,9.321,8.451,8.451,filtered-optical,-14.482,-27.092,63,3.55
7.952,497,TRACKING,-3.888,-6.244,-11.408,-5.097,-12.294,-3.233,8.289,-3.035,8.827,154.06,212.27,1,2.502,-25,1,TRUE,TRUE,840.6,279.4,840.8,279.5,658.4,315.7,FALSE,8.406,-3.011,8.929,8.827,8.542,8.542,filtered-optical,-5.8,-27.166,63,3.17
7.968,498,TRACKING,-3.788,-6.262,-10.819,-5.794,-12.086,-3.633,8.111,-2.426,8.466,147.75,203.71,1,12.977,-25,1,TRUE,TRUE,840.3,293.9,840.1,294.3,665.9,314.1,FALSE,8.298,-2.63,8.705,8.466,8.524,8.524,filtered-optical,4.023,-27.206,63,8.52
7.984,499,TRACKING,-3.688,-6.281,-10.522,-6.048,-11.696,-4.033,8.231,-2.251,8.533,148.93,205.44,1,24.416,-25,1,TRUE,TRUE,847.7,298.2,847.7,297.9,673.5,312.6,FALSE,8.008,-2.248,8.317,8.533,8.526,8.526,filtered-optical,14.829,-27.236,63,10.27
8,500,TRACKING,-3.587,-6.298,-9.532,-6.247,-11.136,-4.433,7.635,-2.123,7.925,138.31,190.6,1,35,-25,1,TRUE,TRUE,837.3,301.2,837.7,301.8,680.5,311.4,FALSE,7.548,-1.865,7.775,7.925,8.38,8.38,filtered-optical,26.568,-27.255,63,12.25
8.016,501,TRACKING,-3.486,-6.315,-8.343,-7.091,-10.576,-4.833,6.803,-1.316,6.93,120.94,166.63,1,35,-25,1,TRUE,TRUE,817.1,320.1,818.6,321.1,686.6,310.9,FALSE,7.089,-1.483,7.243,6.93,8.029,8.029,filtered-optical,37.402,-27.235,63,3.43
8.032,502,TRACKING,-3.385,-6.332,-7.884,-7.484,-10.016,-5.233,6.69,-0.947,6.756,117.92,162.5,0.994,35,-25,1,TRUE,TRUE,814.5,328.6,814.9,328.2,692.5,310.8,FALSE,6.63,-1.099,6.721,6.756,7.72,7.72,filtered-optical,37.634,-27.199,63,4.87
8.048,503,TRACKING,-3.284,-6.348,-7.307,-7.51,-9.456,-5.633,6.443,-0.943,6.512,113.66,156.57,0.968,35,-25,1,TRUE,TRUE,808.7,328.5,808.4,328.3,698,310.6,FALSE,6.172,-0.715,6.213,6.512,7.427,7.427,filtered-optical,37.844,-27.163,63,9.83
8.064,504,TRACKING,-3.182,-6.364,-6.081,-8.079,-8.896,-6.033,5.505,-0.372,5.518,96.3,132.57,0.947,35,-25,1,TRUE,TRUE,786,341.7,785.6,342.1,702.5,311,FALSE,5.714,-0.331,5.723,5.518,6.964,6.964,filtered-optical,38.001,-27.101,63,10.61
8.08,505,TRACKING,-3.08,-6.379,-5.39,-8.704,-8.336,-6.433,5.084,0.281,5.091,88.86,122.27,0.932,35,-25,1,TRUE,TRUE,776,356.8,775.9,357.3,706.5,312,FALSE,5.255,0.054,5.256,5.091,6.51,6.51,filtered-optical,38.133,-27.009,63,11.47
8.096,506,TRACKING,-2.978,-6.394,-5.15,-8.798,-7.776,-6.833,5.107,0.407,5.124,89.42,123.04,0.928,35,-25,1,TRUE,TRUE,776.6,359.7,776.1,359.8,710.4,313.1,FALSE,4.798,0.439,4.818,5.124,6.174,6.174,filtered-optical,38.257,-26.915,63,2.86
8.112,507,TRACKING,-2.876,-6.408,-4.16,-8.919,-7.216,-7.233,4.35,0.564,4.387,76.56,105.24,0.935,35,-25,1,TRUE,TRUE,758.3,363.5,758.5,362.6,713.5,314.3,FALSE,4.34,0.825,4.418,4.387,5.741,5.741,filtered-optical,38.342,-26.818,63,3.31
8.128,508,TRACKING,-2.773,-6.421,-3.171,-9.714,-6.656,-7.633,3.56,1.43,3.836,66.95,91.73,0.951,35,-25,1,TRUE,TRUE,739.2,384,738.7,383.8,715.8,316.3,FALSE,3.883,1.211,4.067,3.836,5.279,5.279,filtered-optical,38.386,-26.681,63,13.41
8.144,509,TRACKING,-2.67,-6.435,-3.004,-9.882,-6.096,-8.033,3.59,1.68,3.964,69.18,94.7,0.972,35,-25,1,TRUE,TRUE,739.8,390.1,740.6,390.4,718.1,318.5,FALSE,3.426,1.598,3.78,3.964,4.96,4.96,filtered-optical,38.428,-26.536,63,11.24
8.16,510,TRACKING,-2.567,-6.447,-2.443,-9.933,-5.536,-8.433,3.207,1.816,3.686,64.33,87.91,0.996,35,-25,1,TRUE,TRUE,730.4,393.5,730,393.2,719.9,320.8,FALSE,2.969,1.986,3.571,3.686,4.651,4.651,filtered-optical,38.447,-26.39,63,10.89
8.176,511,TRACKING,-2.464,-6.459,-1.317,-10.289,-4.976,-8.833,2.218,2.273,3.176,55.43,75.29,1,35,-25,1,TRUE,TRUE,706.5,404.3,705.6,403.6,720.7,323.5,FALSE,2.512,2.373,3.456,3.176,4.293,4.293,filtered-optical,38.419,-26.228,63,3.45
8.192,512,TRACKING,-2.36,-6.471,-0.948,-10.97,-4.416,-9.233,1.975,3.087,3.665,63.96,86.54,1,35,-25,1,TRUE,TRUE,700.5,423.5,699.8,423.5,721.2,326.9,FALSE,2.055,2.762,3.443,3.665,4.141,4.141,filtered-optical,38.378,-26.033,63,5.86
8.208,513,TRACKING,-2.257,-6.482,-0.784,-10.738,-3.856,-9.633,1.934,2.981,3.553,62.01,83.92,1,35,-25,1,TRUE,TRUE,699.4,420.9,698.7,421.3,721.7,330.1,FALSE,1.599,3.151,3.533,3.553,3.998,3.998,filtered-optical,38.335,-25.848,63,7.77
8.224,514,TRACKING,-2.153,-6.493,0.196,-11.034,-3.296,-10.033,1.043,3.418,3.574,62.37,84.05,1,35,-25,1,TRUE,TRUE,678,431,678.3,431.2,721.4,333.7,FALSE,1.143,3.54,3.72,3.574,3.896,3.896,filtered-optical,38.253,-25.651,63,9.4
8.24,515,TRACKING,-2.049,-6.503,0.893,-11.483,-2.736,-10.433,0.411,4.029,4.05,70.69,95.15,1,35,-25,1,TRUE,TRUE,662.9,445.1,663,445.6,720.4,337.7,FALSE,0.687,3.93,3.989,4.05,3.933,3.933,filtered-optical,38.144,-25.433,63,9.93
8.256,516,TRACKING,-1.945,-6.513,0.898,-11.802,-2.176,-10.831,0.473,4.524,4.549,79.39,106.91,1,35,-24.908,1,TRUE,TRUE,664.4,456.6,664.6,455.3,719.5,342.1,FALSE,0.231,4.319,4.325,4.549,4.082,4.082,filtered-optical,38.04,-25.203,63,5.5
8.272,517,TRACKING,-1.841,-6.522,1.5,-11.473,-1.616,-11.214,-0.085,4.363,4.363,76.15,102.52,1,35,-23.895,1,TRUE,TRUE,651.2,453.1,650.4,452,718.1,346.2,FALSE,-0.225,4.692,4.697,4.363,4.15,4.15,filtered-optical,37.911,-24.897,63,3.28
8.288,518,TRACKING,-1.736,-6.531,2.412,-12.028,-1.056,-11.562,-0.986,5.114,5.208,90.89,122.53,1,35,-21.771,1,TRUE,TRUE,629.7,471.6,630,471.7,715.8,351,FALSE,-0.68,5.031,5.077,5.208,4.407,4.407,filtered-optical,37.748,-23.639,63,7.36
8.304,519,TRACKING,-1.632,-6.539,2.545,-12.186,-0.496,-11.859,-1.112,5.481,5.592,97.6,131.63,1,35,-18.549,1,TRUE,TRUE,626.9,481.6,626.3,481.4,713.5,356.1,FALSE,-1.136,5.32,5.44,5.592,4.694,4.694,filtered-optical,37.582,-21.261,63,10.2
8.32,520,TRACKING,-1.527,-6.546,2.749,-12.004,0.064,-12.088,-1.314,5.51,5.664,98.86,133.37,1,35,-14.336,1,TRUE,TRUE,622.2,484,622.5,484.9,711,361.2,FALSE,-1.591,5.542,5.766,5.664,4.929,4.929,filtered-optical,37.413,-17.788,63,10.1
8.336,521,TRACKING,-1.422,-6.553,3.618,-11.712,0.624,-12.237,-2.208,5.418,5.851,102.12,137.98,1,35,-9.331,1,TRUE,TRUE,600.9,484,605.1,481.1,707.9,366.1,FALSE,-2.046,5.684,6.041,5.851,5.153,5.153,filtered-optical,37.217,-13.341,63,6.23
8.352,522,TRACKING,-1.317,-6.56,4.044,-12.064,1.184,-12.291,-2.681,6.002,6.573,114.72,155.18,1,35,-3.317,1,TRUE,TRUE,589.6,500.3,590,501.6,704.3,371.7,FALSE,-2.502,5.73,6.253,6.573,5.497,5.497,filtered-optical,37,-8.071,63,3.19
8.368,523,TRACKING,-1.212,-6.566,4.036,-11.548,1.744,-12.235,-2.719,5.702,6.317,110.25,149.14,1,35,3.461,1,TRUE,TRUE,588.7,495.9,589.1,495.8,700.6,376.9,FALSE,-2.957,5.669,6.394,6.317,5.696,5.696,filtered-optical,36.787,-1.816,63,11.18
8.384,524,TRACKING,-1.107,-6.572,4.609,-10.944,2.304,-12.062,-3.36,5.299,6.274,109.51,148.39,1,35,10.793,1,TRUE,TRUE,573.2,489.1,573.7,488.8,696.5,381.7,FALSE,-3.411,5.491,6.464,6.274,5.836,5.836,filtered-optical,36.553,5.18,63,11.79
8.4,525,TRACKING,-1.002,-6.577,5.261,-10.611,2.864,-11.765,-4.108,5.162,6.597,115.14,156.36,1,35,18.617,1,TRUE,TRUE,555.1,488.7,554.6,488.7,691.6,386.5,FALSE,-3.866,5.188,6.47,6.597,6.021,6.021,filtered-optical,36.292,12.721,63,10.79
8.416,526,TRACKING,-0.897,-6.582,5.312,-10.314,3.424,-11.365,-4.257,5.058,6.611,115.38,156.77,0.989,35,25,1,TRUE,TRUE,551.4,488.5,551.3,488.8,686.8,391.1,FALSE,-4.321,4.783,6.446,6.611,6.164,6.164,filtered-optical,36.033,20.743,63,3.79
8.432,527,TRACKING,-0.791,-6.586,5.533,-9.317,3.984,-10.965,-4.585,4.217,6.229,108.72,148.07,0.973,35,25,1,TRUE,TRUE,543.3,468.4,543,467.9,681.7,394.8,FALSE,-4.776,4.379,6.479,6.229,6.18,6.18,filtered-optical,35.769,27.275,63,2.6
8.448,528,TRACKING,-0.686,-6.589,6.186,-8.785,4.544,-10.565,-5.371,3.821,6.591,115.03,157.16,0.956,35,25,1,TRUE,TRUE,524.2,458.9,524.8,458.3,676,398.1,FALSE,-5.23,3.975,6.57,6.591,6.279,6.279,filtered-optical,35.481,27.397,63,9.69
8.464,529,TRACKING,-0.58,-6.592,6.467,-8.612,5.104,-10.165,-5.799,3.779,6.921,120.8,165.23,0.944,35,25,1,TRUE,TRUE,513.8,457.8,513.6,457.5,669.9,401.3,FALSE,-5.685,3.572,6.714,6.921,6.435,6.435,filtered-optical,35.183,27.512,63,9.73
8.48,530,TRACKING,-0.475,-6.595,6.473,-7.964,5.65,-9.765,-5.952,3.24,6.777,118.28,162.06,0.938,34.097,25,1,TRUE,TRUE,509.7,445.1,509.9,445.8,663.9,403.9,FALSE,-6.125,3.17,6.896,6.777,6.518,6.518,filtered-optical,34.889,27.597,63,12.66
8.496,531,TRACKING,-0.369,-6.597,6.84,-7.182,6.158,-9.365,-6.49,2.529,6.966,121.57,167.03,0.942,31.741,25,1,TRUE,TRUE,495.8,428.4,492,423.1,657.2,405.6,FALSE,-6.527,2.768,7.09,6.966,6.626,6.626,filtered-optical,33.671,27.632,63,3.59
8.512,532,TRACKING,-0.264,-6.598,7.208,-6.973,6.605,-8.965,-7.041,2.391,7.436,129.79,178.57,0.956,27.973,25,1,TRUE,TRUE,481,425.4,481.4,425,650.3,407.3,FALSE,-6.869,2.366,7.265,7.436,6.823,6.823,filtered-optical,30.993,27.668,63,4.19
8.528,533,TRACKING,-0.158,-6.599,7.089,-6.74,6.972,-8.565,-7.104,2.224,7.444,129.92,178.83,0.977,22.941,25,1,TRUE,TRUE,477.7,421.7,478.2,422,643.4,408.9,FALSE,-7.131,1.965,7.396,7.444,6.973,6.973,filtered-optical,26.911,27.695,63,8.52
8.544,534,TRACKING,-0.053,-6.6,6.94,-5.857,7.24,-8.165,-7.138,1.371,7.269,126.87,174.87,1,16.756,25,1,TRUE,TRUE,474.6,401.8,474.2,401.6,636.5,409.6,FALSE,-7.293,1.565,7.459,7.269,7.045,7.045,filtered-optical,21.571,27.679,63,8.97
8.56,535,TRACKING,0.053,-6.6,7.026,-5.528,7.391,-7.765,-7.416,1.058,7.491,130.75,180.37,1,9.429,25,1,TRUE,TRUE,465.2,394.6,465,394.2,629.4,410,FALSE,-7.338,1.165,7.43,7.491,7.153,7.153,filtered-optical,15.072,27.647,63,7.33
8.576,536,TRACKING,0.159,-6.599,6.802,-5.394,7.409,-7.365,-7.379,0.936,7.438,129.81,179.09,1,1.098,25,1,TRUE,TRUE,463,391.7,463.8,391,622.4,410.2,FALSE,-7.25,0.765,7.291,7.438,7.222,7.222,filtered-optical,7.444,27.608,63,4.88
8.592,537,TRACKING,0.264,-6.598,6.146,-4.941,7.281,-6.965,-6.892,0.478,6.909,120.58,166.27,1,-7.995,25,1,TRUE,TRUE,471.4,380.9,471.2,381.5,615.8,410.1,FALSE,-7.017,0.366,7.026,6.909,7.146,7.146,filtered-optical,-1.162,27.55,63,3.47
8.608,538,TRACKING,0.37,-6.597,5.639,-4.149,6.998,-6.565,-6.538,-0.353,6.548,114.28,157.52,1,-17.677,25,1,TRUE,TRUE,476.2,361.2,477,361,609.6,409.1,FALSE,-6.628,-0.032,6.629,6.548,7.001,7.001,filtered-optical,-10.507,27.452,63,6.66
8.624,539,TRACKING,0.475,-6.595,5.202,-4.255,6.552,-6.165,-6.246,-0.283,6.252,109.12,150.35,1,-27.852,25,1,TRUE,TRUE,479.4,362.6,479.6,362.1,603.6,408.2,FALSE,-6.077,-0.43,6.092,6.252,6.82,6.82,filtered-optical,-20.424,27.359,63,7.39
8.64,540,TRACKING,0.581,-6.592,4.287,-3.897,5.992,-5.765,-5.442,-0.692,5.486,95.75,131.76,1,-35,25,1,TRUE,TRUE,496,352.9,496.1,352.6,598.4,407,FALSE,-5.412,-0.828,5.475,5.486,6.496,6.496,filtered-optical,-30.794,27.248,63,9.77
8.656,541,TRACKING,0.686,-6.589,3.322,-3.35,5.432,-5.365,-4.548,-1.314,4.734,82.63,113.44,1,-35,25,1,TRUE,TRUE,517.5,338.2,517.9,338.1,594.2,405.2,FALSE,-4.746,-1.225,4.902,4.734,6.069,6.069,filtered-optical,-38.087,27.112,63,2.7
8.672,542,TRACKING,0.792,-6.586,2.855,-2.914,4.872,-4.965,-4.135,-1.842,4.527,79.01,108.23,1,-35,25,1,TRUE,TRUE,527.3,325.8,526.2,326.4,590.3,402.9,FALSE,-4.081,-1.621,4.391,4.527,5.695,5.695,filtered-optical,-38.209,26.957,63,3.05
8.688,543,TRACKING,0.897,-6.582,2.3,-3.148,4.312,-4.565,-3.61,-1.693,3.987,69.59,95.25,0.988,-35,25,1,TRUE,TRUE,539.8,329.4,539,329.1,587.1,400.8,FALSE,-3.416,-2.017,3.967,3.987,5.281,5.281,filtered-optical,-38.3,26.812,63,9.67
8.704,544,TRACKING,1.002,-6.577,1.3,-2.477,3.752,-4.165,-2.597,-2.477,3.589,62.64,85.17,0.975,-35,25,1,TRUE,TRUE,564,311.2,563.4,311.3,584.9,398.1,FALSE,-2.75,-2.412,3.658,3.589,4.871,4.871,filtered-optical,-38.341,26.636,63,9.04
8.72,545,TRACKING,1.107,-6.572,0.691,-2.117,3.192,-3.765,-1.947,-2.968,3.55,61.95,83.84,0.969,-35,25,1,TRUE,TRUE,579.5,299.9,578.9,299.1,583.4,394.9,FALSE,-2.085,-2.807,3.497,3.55,4.551,4.551,filtered-optical,-38.349,26.442,63,10.96
8.736,546,TRACKING,1.212,-6.566,0.457,-2.029,2.632,-3.365,-1.658,-3.191,3.596,62.76,84.78,0.969,-35,25,1,TRUE,TRUE,586.4,294.8,586.8,295.2,582.2,391.6,FALSE,-1.42,-3.202,3.502,3.596,4.319,4.319,filtered-optical,-38.34,26.246,63,3.36
8.752,547,TRACKING,1.317,-6.56,-0.324,-2.047,2.072,-2.965,-0.784,-3.313,3.404,59.41,80,0.973,-35,25,1,TRUE,TRUE,607.4,292.1,608.3,290.2,581.9,388.2,FALSE,-0.755,-3.596,3.674,3.404,4.097,4.097,filtered-optical,-38.29,26.047,63,3.48
8.768,548,TRACKING,1.422,-6.553,-1.162,-1.274,1.512,-2.565,0.183,-4.255,4.259,74.33,100.05,0.98,-35,25,1,TRUE,TRUE,630.7,269.9,630.8,270.2,582.4,384,FALSE,-0.09,-3.989,3.99,4.259,4.137,4.137,filtered-optical,-38.198,25.816,63,10.38
8.784,549,TRACKING,1.527,-6.546,-1.301,-1.289,0.952,-2.175,0.463,-4.414,4.438,77.46,104.29,0.985,-35,24.357,1,TRUE,TRUE,637.5,265.8,637.8,265.3,583.3,379.8,FALSE,0.575,-4.371,4.409,4.438,4.21,4.21,filtered-optical,-38.094,25.583,63,10.24
8.8,550,TRACKING,1.632,-6.539,-1.685,-1.331,0.392,-1.811,1.007,-4.548,4.658,81.3,109.56,0.988,-35,22.739,1,TRUE,TRUE,650.8,261.8,650.3,262.1,584.6,375.5,FALSE,1.239,-4.728,4.887,4.658,4.318,4.318,filtered-optical,-37.969,24.709,63,10.85
8.816,551,TRACKING,1.736,-6.531,-2.621,-1.082,-0.168,-1.49,2.147,-4.987,5.43,94.77,128.03,0.987,-35,20.095,1,TRUE,TRUE,678.2,250.2,677.3,250.4,587,370.8,FALSE,1.904,-5.041,5.389,5.43,4.588,4.588,filtered-optical,-37.797,22.846,63,3.85
8.832,552,TRACKING,1.841,-6.522,-2.93,-0.699,-0.728,-1.228,2.683,-5.584,6.195,108.12,146.25,0.983,-35,16.319,1,TRUE,TRUE,691.2,234.5,691.9,234.1,590,365.6,FALSE,2.568,-5.293,5.884,6.195,4.977,4.977,filtered-optical,-37.602,19.934,63,4.81
8.848,553,TRACKING,1.945,-6.513,-2.932,-1.172,-1.288,-1.045,2.917,-5.311,6.059,105.76,143.14,0.977,-35,11.488,1,TRUE,TRUE,696.9,239,696.9,239.1,593,360.7,FALSE,3.233,-5.468,6.352,6.059,5.24,5.24,filtered-optical,-37.403,15.911,63,8.81
8.864,554,TRACKING,2.049,-6.503,-3.694,-1.288,-1.848,-0.948,3.949,-5.398,6.689,116.74,158.42,0.973,-35,6.032,1,TRUE,TRUE,721.7,234.9,721.4,234.5,597,355.7,FALSE,3.897,-5.555,6.785,6.689,5.591,5.591,filtered-optical,-37.165,10.832,63,12.15
8.88,555,TRACKING,2.153,-6.493,-4.301,-1.176,-2.408,-0.953,4.859,-5.725,7.509,131.06,178.2,0.973,-35,-0.308,1,TRUE,TRUE,743.5,224.9,743.6,224.7,601.8,350.4,FALSE,4.561,-5.54,7.176,7.509,6.056,6.056,filtered-optical,-36.894,5.12,63,13.31
8.896,556,TRACKING,2.257,-6.482,-4.146,-1.593,-2.968,-1.071,5.009,-5.512,7.448,130,176.87,0.979,-35,-7.349,1,TRUE,TRUE,747.1,227.5,747.1,228.2,606.6,345.4,FALSE,5.225,-5.412,7.522,7.448,6.393,6.393,filtered-optical,-36.625,-1.459,63,3.36
8.912,557,TRACKING,2.361,-6.471,-4.505,-2.372,-3.526,-1.308,5.698,-4.914,7.525,131.33,179.17,0.991,-34.888,-14.843,1,TRUE,TRUE,763.6,239,764.6,238.3,612,340.9,FALSE,5.886,-5.163,7.83,7.525,6.668,6.668,filtered-optical,-36.333,-8.71,63,3.26
8.928,558,TRACKING,2.464,-6.459,-5.277,-2.658,-4.056,-1.672,6.839,-4.806,8.359,145.89,199.64,1,-33.113,-22.738,1,TRUE,TRUE,791.7,238.8,791.7,238.9,618.4,336.5,FALSE,6.52,-4.787,8.089,8.359,7.078,7.078,filtered-optical,-35.889,-16.403,63,9.82
8.944,559,TRACKING,2.567,-6.447,-5.177,-3.001,-4.533,-2.072,7.117,-4.63,8.49,148.18,202.98,1,-29.818,-25,1,TRUE,TRUE,799.6,242.2,799.7,241.9,625,332.2,FALSE,7.1,-4.375,8.34,8.49,7.42,7.42,filtered-optical,-33.781,-24.483,63,8.09
8.96,560,TRACKING,2.67,-6.435,-4.955,-3.965,-4.935,-2.472,7.277,-3.795,8.207,143.23,196.61,1,-25.144,-25,1,TRUE,TRUE,805.1,261.9,805.6,262.2,631.6,328.9,FALSE,7.605,-3.963,8.576,8.207,7.611,7.611,filtered-optical,-30.153,-26.881,63,7.67
8.976,561,TRACKING,2.773,-6.421,-5.435,-4.454,-5.238,-2.872,8.17,-3.419,8.857,154.58,212.77,1,-18.936,-25,1,TRUE,TRUE,829.2,270.6,829.2,270.1,639.1,326,FALSE,8.011,-3.549,8.762,8.857,7.913,7.913,filtered-optical,-25.115,-26.995,63,3.53
8.992,562,TRACKING,2.876,-6.408,-5.369,-4.671,-5.418,-3.272,8.533,-3.307,9.152,159.73,220.08,1,-11.238,-25,1,TRUE,TRUE,841.1,273,842.2,272,646.9,323.1,FALSE,8.294,-3.136,8.867,9.152,8.213,8.213,filtered-optical,-18.534,-27.099,63,4.6
9.008,563,TRACKING,2.978,-6.393,-4.577,-5.22,-5.456,-3.672,8.151,-2.843,8.633,150.67,207.6,1,-2.396,-25,1,TRUE,TRUE,835.3,283.7,834.7,283.1,654.3,320.8,FALSE,8.434,-2.722,8.863,8.633,8.315,8.315,filtered-optical,-10.491,-27.176,63,6.88
9.024,564,TRACKING,3.08,-6.379,-4.34,-6.117,-5.335,-4.072,8.332,-1.994,8.567,149.52,206.37,1,7.56,-25,1,TRUE,TRUE,843.7,303.5,843.2,303.8,661.8,319.4,FALSE,8.416,-2.307,8.726,8.567,8.376,8.376,filtered-optical,-1.302,-27.208,63,9.05
9.04,565,TRACKING,3.182,-6.364,-4.119,-6.143,-5.037,-4.472,8.537,-2.014,8.772,153.1,211.38,1,18.631,-25,1,TRUE,TRUE,853.3,303,853.7,303.1,669.6,317.9,FALSE,8.219,-1.892,8.434,8.772,8.472,8.472,filtered-optical,9.005,-27.238,63,9.41
9.056,566,TRACKING,3.284,-6.348,-2.936,-6.562,-4.55,-4.872,7.75,-1.626,7.919,138.21,190.64,1,30.415,-25,1,TRUE,TRUE,838.8,312.1,838.1,311.1,676.7,316.8,FALSE,7.834,-1.476,7.972,7.919,8.338,8.338,filtered-optical,20.384,-27.25,63,4.69
9.072,567,TRACKING,3.386,-6.332,-1.931,-7.209,-3.99,-5.272,7.116,-0.981,7.183,125.37,172.87,0.975,35,-25,1,TRUE,TRUE,825.2,327.4,826.5,327.3,683.1,316.4,FALSE,7.376,-1.06,7.452,7.183,8.058,8.058,filtered-optical,32.441,-27.228,63,4.06
9.088,568,TRACKING,3.487,-6.315,-1.583,-7.757,-3.43,-5.672,7.13,-0.41,7.141,124.64,171.94,0.953,35,-25,1,TRUE,TRUE,825.7,341,825.4,341.6,689.4,316.6,FALSE,6.917,-0.643,6.947,7.141,7.836,7.836,filtered-optical,37.285,-27.177,63,9.4
9.104,569,TRACKING,3.588,-6.298,-0.712,-7.607,-2.87,-6.072,6.596,-0.542,6.618,115.51,159.21,0.94,35,-25,1,TRUE,TRUE,812.7,338.1,813.3,337.9,695,316.6,FALSE,6.458,-0.226,6.462,6.618,7.541,7.541,filtered-optical,37.51,-27.134,63,11.59
9.12,570,TRACKING,3.688,-6.281,0.449,-8.337,-2.31,-6.472,5.731,0.237,5.736,100.11,137.86,0.936,35,-25,1,TRUE,TRUE,791.7,356.5,792,357,699.7,317.3,FALSE,5.999,0.191,6.002,5.736,7.103,7.103,filtered-optical,37.685,-27.053,63,14.73
9.136,571,TRACKING,3.789,-6.262,0.923,-8.799,-1.75,-6.872,5.541,0.771,5.595,97.65,134.38,0.942,35,-25,1,TRUE,TRUE,787.1,369.1,787.3,369.7,704.2,318.6,FALSE,5.539,0.609,5.572,5.595,6.737,6.737,filtered-optical,37.843,-26.95,63,3.5
9.152,572,TRACKING,3.889,-6.244,1.411,-8.987,-1.19,-7.272,5.325,1.038,5.425,94.68,130.21,0.955,35,-25,1,TRUE,TRUE,781.7,375.3,781.6,374.1,708.2,320,FALSE,5.079,1.028,5.182,5.425,6.419,6.419,filtered-optical,37.983,-26.84,63,3.87
9.168,573,TRACKING,3.988,-6.225,2.468,-9.015,-0.63,-7.672,4.501,1.15,4.645,81.08,111.35,0.972,35,-25,1,TRUE,TRUE,761.6,377.8,761.4,377.5,711.5,321.5,FALSE,4.619,1.447,4.84,4.645,5.989,5.989,filtered-optical,38.077,-26.727,63,12.74
9.184,574,TRACKING,4.088,-6.205,3.191,-9.869,-0.07,-8.072,3.988,2.125,4.519,78.88,107.9,0.99,35,-25,1,TRUE,TRUE,749.1,400.5,749.7,400.4,714.1,323.9,FALSE,4.158,1.867,4.558,4.519,5.633,5.633,filtered-optical,38.145,-26.572,63,11.46
9.2,575,TRACKING,4.187,-6.185,3.501,-9.954,0.49,-8.472,3.88,2.339,4.531,79.08,108.06,1,35,-25,1,TRUE,TRUE,746.3,405.3,746,405.7,716.6,326.5,FALSE,3.697,2.287,4.347,4.531,5.366,5.366,filtered-optical,38.201,-26.412,63,9.82
9.216,576,TRACKING,4.286,-6.165,4.248,-10.021,1.05,-8.872,3.311,2.54,4.173,72.83,99.27,1,35,-25,1,TRUE,TRUE,732.5,409.9,733.2,409.2,718.5,329.1,FALSE,3.236,2.707,4.219,4.173,5.076,5.076,filtered-optical,38.228,-26.249,63,5.75
9.232,577,TRACKING,4.384,-6.144,5.127,-10.375,1.61,-9.272,2.578,3.047,3.991,69.66,94.52,1,35,-25,1,TRUE,TRUE,714.8,421.7,715,421.8,719.6,332.2,FALSE,2.775,3.128,4.181,3.991,4.813,4.813,filtered-optical,38.22,-26.068,63,4.2
9.248,578,TRACKING,4.482,-6.122,5.515,-11,2.17,-9.672,2.324,3.854,4.5,78.55,106.27,1,35,-25,1,TRUE,TRUE,708.8,440.7,709.4,440.7,720.5,336,FALSE,2.313,3.55,4.237,4.5,4.738,4.738,filtered-optical,38.199,-25.856,63,7.71
9.264,579,TRACKING,4.58,-6.1,5.936,-10.789,2.73,-10.072,2.024,3.822,4.325,75.48,102.02,1,35,-25,1,TRUE,TRUE,701.6,440.1,702.2,440.1,721.1,339.7,FALSE,1.85,3.972,4.382,4.325,4.637,4.637,filtered-optical,38.163,-25.653,63,8.76
9.28,580,TRACKING,4.678,-6.078,6.74,-11.012,3.29,-10.472,1.313,4.236,4.435,77.41,104.37,1,35,-25,1,TRUE,TRUE,684.7,450.1,685.4,449.7,720.9,343.6,FALSE,1.388,4.394,4.608,4.435,4.588,4.588,filtered-optical,38.095,-25.438,63,9.38
9.296,581,TRACKING,4.775,-6.055,7.334,-11.516,3.85,-10.853,0.79,4.961,5.023,87.67,118.14,1,35,-23.838,1,TRUE,TRUE,672.3,467.8,672.9,468.6,720.3,348.3,FALSE,0.925,4.798,4.887,5.023,4.694,4.694,filtered-optical,38.005,-25.194,63,3.26
9.312,582,TRACKING,4.871,-6.032,7.607,-11.623,4.41,-11.198,0.579,5.296,5.328,92.98,125.31,1,35,-21.562,1,TRUE,TRUE,667.4,476.7,668.1,475.6,719.5,353.1,FALSE,0.462,5.167,5.187,5.328,4.847,4.847,filtered-optical,37.907,-23.784,63,3.26
9.328,583,TRACKING,4.968,-6.008,8.139,-11.326,4.97,-11.491,0.09,5.226,5.227,91.23,122.91,1,35,-18.314,1,TRUE,TRUE,655.8,476.4,655.8,477,718.2,357.8,FALSE,-0.002,5.483,5.483,5.227,4.939,4.939,filtered-optical,37.789,-21.267,63,8.31
9.344,584,TRACKING,5.064,-5.984,8.859,-11.598,5.53,-11.716,-0.615,5.744,5.776,100.82,135.93,1,35,-14.029,1,TRUE,TRUE,639.1,490.2,639.2,489.9,716.3,363,FALSE,-0.466,5.732,5.751,5.776,5.142,5.142,filtered-optical,37.642,-17.761,63,8.77
9.36,585,TRACKING,5.159,-5.959,9.22,-11.739,6.09,-11.855,-0.973,6.144,6.221,108.57,146.5,1,35,-8.676,1,TRUE,TRUE,630.5,501.6,630.8,501.9,714,368.5,FALSE,-0.931,5.896,5.969,6.221,5.404,5.404,filtered-optical,37.484,-13.206,63,9.84
9.376,586,TRACKING,5.254,-5.934,9.465,-11.171,6.65,-11.895,-1.224,5.821,5.948,103.82,140.07,1,35,-2.523,1,TRUE,TRUE,624.5,496,625.1,495,711.6,373.7,FALSE,-1.395,5.961,6.122,5.948,5.536,5.536,filtered-optical,37.32,-7.607,63,3.33
9.392,587,TRACKING,5.349,-5.908,10.077,-10.881,7.21,-11.827,-1.88,5.764,6.063,105.81,142.9,1,35,4.248,1,TRUE,TRUE,608.7,497,600.6,490.1,708.3,378.6,FALSE,-1.861,5.919,6.205,6.063,5.663,5.663,filtered-optical,37.115,-1.228,63,2.92
9.408,588,TRACKING,5.443,-5.882,10.648,-10.795,7.77,-11.639,-2.505,5.929,6.437,112.34,151.9,1,35,11.775,1,TRUE,TRUE,593.6,503.6,593.3,503.7,704.7,383.8,FALSE,-2.326,5.757,6.209,6.437,5.851,5.851,filtered-optical,36.903,5.786,63,6.85
9.424,589,TRACKING,5.537,-5.855,10.779,-10.223,8.33,-11.321,-2.695,5.595,6.21,108.39,146.62,1,35,19.864,1,TRUE,TRUE,588.8,498.7,589.4,498.2,701,388.8,FALSE,-2.792,5.465,6.138,6.21,5.938,5.938,filtered-optical,36.691,13.535,63,6.71
9.44,590,TRACKING,5.631,-5.828,11.112,-9.212,8.89,-10.921,-3.104,4.79,5.708,99.62,134.96,0.995,35,25,1,TRUE,TRUE,578.9,481.7,578.4,481.3,697,393,FALSE,-3.259,5.093,6.046,5.708,5.882,5.882,filtered-optical,36.465,21.804,63,10
9.456,591,TRACKING,5.724,-5.801,11.814,-9.035,9.45,-10.521,-3.905,4.816,6.2,108.21,146.93,0.972,35,25,1,TRUE,TRUE,559.5,482.4,561.4,481.4,692.4,397.1,FALSE,-3.726,4.72,6.013,6.2,5.959,5.959,filtered-optical,36.216,27.111,63,3.86
9.472,592,TRACKING,5.816,-5.773,12.073,-8.544,10.01,-10.121,-4.279,4.512,6.219,108.54,147.61,0.95,35,25,1,TRUE,TRUE,550.4,475.5,549.6,474.9,687.4,400.8,FALSE,-4.193,4.348,6.041,6.219,6.022,6.022,filtered-optical,35.955,27.261,63,3.62
9.488,593,TRACKING,5.908,-5.745,12.098,-7.775,10.57,-9.721,-4.422,3.907,5.9,102.98,140.29,0.935,35,25,1,TRUE,TRUE,546.9,461.4,546.5,461.8,682.4,404,FALSE,-4.661,3.976,6.127,5.9,5.993,5.993,filtered-optical,35.696,27.378,63,12.11
9.504,594,TRACKING,6,-5.716,12.69,-7.091,11.13,-9.321,-5.156,3.361,6.155,107.42,146.84,0.929,35,25,1,TRUE,TRUE,529.3,448.7,529.2,448.5,676.8,406.6,FALSE,-5.13,3.605,6.27,6.155,6.032,6.032,filtered-optical,35.416,27.463,63,10.62
9.52,595,TRACKING,6.091,-5.686,13.216,-7.124,11.69,-8.921,-5.846,3.539,6.834,119.27,163.26,0.933,35,25,1,TRUE,TRUE,512.7,452.9,512.8,453.6,670.6,409.3,FALSE,-5.598,3.234,6.465,6.834,6.226,6.226,filtered-optical,35.116,27.553,63,12.86
9.536,596,TRACKING,6.182,-5.657,13.113,-6.31,12.242,-8.521,-5.903,2.838,6.549,114.31,156.75,0.948,34.501,25,1,TRUE,TRUE,511.3,436.4,512.7,435.8,664.6,411.3,FALSE,-6.06,2.864,6.702,6.549,6.305,6.305,filtered-optical,34.828,27.602,63,4.39
9.552,597,TRACKING,6.272,-5.627,13.342,-5.713,12.764,-8.121,-6.307,2.331,6.724,117.36,161.25,0.969,32.631,25,1,TRUE,TRUE,501,424.3,500.4,423,658.3,412.7,FALSE,-6.491,2.494,6.954,6.724,6.406,6.406,filtered-optical,34.029,27.623,63,3.88
9.568,598,TRACKING,6.362,-5.596,13.967,-5.396,13.232,-7.721,-7.136,2.096,7.437,129.8,178.71,0.995,29.26,25,1,TRUE,TRUE,479.7,418.6,479.6,418.1,651.2,413.9,FALSE,-6.87,2.125,7.191,7.437,6.656,6.656,filtered-optical,31.834,27.632,63,10.59
9.584,599,TRACKING,6.451,-5.565,13.853,-5.287,13.624,-7.321,-7.227,2.065,7.516,131.18,180.65,1,24.535,25,1,TRUE,TRUE,475.8,417.6,475.2,417.4,644.2,415,FALSE,-7.173,1.756,7.385,7.516,6.865,6.865,filtered-optical,28.142,27.637,63,9.36
9.6,600,TRACKING,6.54,-5.534,13.504,-4.318,13.923,-6.921,-7.074,1.139,7.165,125.05,172.4,1,18.686,25,1,TRUE,TRUE,477.3,395.7,477.9,396.5,637.4,415.2,FALSE,-7.383,1.387,7.512,7.165,6.937,6.937,filtered-optical,23.115,27.599,63,8.47
9.616,601,TRACKING,6.629,-5.502,13.806,-4.103,14.109,-6.521,-7.591,0.956,7.651,133.54,184.28,1,11.619,25,1,TRUE,TRUE,462,391.4,462.3,390.6,630.1,415.2,FALSE,-7.481,1.019,7.55,7.651,7.11,7.11,filtered-optical,16.948,27.549,63,2.96
9.632,602,TRACKING,6.716,-5.469,13.707,-3.925,14.164,-6.121,-7.71,0.806,7.752,135.3,186.78,1,3.417,25,1,TRUE,TRUE,455.9,387.9,456.4,388.5,622.8,415.2,FALSE,-7.448,0.651,7.476,7.752,7.266,7.266,filtered-optical,9.566,27.495,63,2.63
9.648,603,TRACKING,6.804,-5.437,12.821,-3.499,14.075,-5.721,-7.015,0.391,7.026,122.63,169.14,1,-5.562,25,1,TRUE,TRUE,469.2,378.4,469.6,377.9,616.1,414.7,FALSE,-7.272,0.284,7.277,7.026,7.208,7.208,filtered-optical,1.087,27.421,63,7.22
9.664,604,TRACKING,6.89,-5.404,12.432,-2.727,13.832,-5.321,-6.81,-0.398,6.822,119.07,164.18,1,-15.219,25,1,TRUE,TRUE,470.3,360.1,470.6,360.1,609.6,413.5,FALSE,-6.941,-0.083,6.942,6.822,7.114,7.114,filtered-optical,-8.155,27.313,63,8.84
9.68,605,TRACKING,6.976,-5.37,12.215,-2.832,13.423,-4.921,-6.779,-0.307,6.786,118.43,163.3,1,-25.542,25,1,TRUE,TRUE,466.9,362.4,466.5,361.9,603.1,412.3,FALSE,-6.446,-0.449,6.462,6.786,7.035,7.035,filtered-optical,-18.07,27.212,63,10.59
9.696,606,TRACKING,7.062,-5.336,11.044,-2.509,12.863,-4.521,-5.754,-0.657,5.791,101.08,139.15,1,-35,25,1,TRUE,TRUE,487.9,354.4,487.1,353.5,597.5,410.9,FALSE,-5.801,-0.815,5.858,5.791,6.733,6.733,filtered-optical,-28.602,27.096,63,3.41
9.712,607,TRACKING,7.147,-5.302,10.029,-1.895,12.303,-4.121,-4.846,-1.32,5.023,87.67,120.42,1,-35,25,1,TRUE,TRUE,509.8,338.8,508.7,339.5,592.9,408.9,FALSE,-5.156,-1.181,5.289,5.023,6.319,6.319,filtered-optical,-38.219,26.956,63,3.87
9.728,608,TRACKING,7.232,-5.267,9.81,-1.576,11.743,-3.721,-4.724,-1.703,5.022,87.65,120.25,0.995,-35,25,1,TRUE,TRUE,512.7,329.8,512.6,329.4,588.6,406.6,FALSE,-4.511,-1.546,4.769,5.022,6.004,6.004,filtered-optical,-38.363,26.8,63,7.89
9.744,609,TRACKING,7.316,-5.232,9.08,-1.694,11.183,-3.321,-4.06,-1.646,4.381,76.47,104.8,0.993,-35,25,1,TRUE,TRUE,528.7,331,528.5,330.3,585,404.4,FALSE,-3.867,-1.911,4.313,4.381,5.611,5.611,filtered-optical,-38.47,26.651,63,9.3
9.76,610,TRACKING,7.399,-5.196,7.911,-1.144,10.623,-2.921,-2.91,-2.279,3.697,64.52,87.91,0.995,-35,25,1,TRUE,TRUE,556.4,315.9,557,315.3,582.5,401.6,FALSE,-3.224,-2.275,3.946,3.697,5.147,5.147,filtered-optical,-38.518,26.477,63,8.5
9.776,611,TRACKING,7.482,-5.16,7.556,-0.648,10.063,-2.521,-2.558,-2.88,3.852,67.23,91.26,0.998,-35,25,1,TRUE,TRUE,565,301.6,565,301.3,580.5,398.3,FALSE,-2.581,-2.639,3.691,3.852,4.833,4.833,filtered-optical,-38.547,26.281,63,3.63
9.792,612,TRACKING,7.564,-5.124,7.266,-0.738,9.503,-2.121,-2.256,-2.891,3.667,64.01,86.76,0.999,-35,25,1,TRUE,TRUE,572.4,301.2,572.5,301.7,578.8,395.1,FALSE,-1.939,-3.003,3.574,3.667,4.55,4.55,filtered-optical,-38.559,26.092,63,2.63
9.808,613,TRACKING,7.646,-5.087,6.218,-0.552,8.943,-1.721,-1.153,-3.187,3.389,59.15,79.74,0.996,-35,25,1,TRUE,TRUE,599,294.2,599.1,294.4,578.1,391.6,FALSE,-1.297,-3.366,3.607,3.389,4.269,4.269,filtered-optical,-38.519,25.896,63,6.47
9.824,614,TRACKING,7.727,-5.05,5.575,0.028,8.383,-1.321,-0.425,-3.901,3.924,68.49,92.19,0.99,-35,25,1,TRUE,TRUE,616.6,277.5,616.5,277.9,578.2,387.6,FALSE,-0.656,-3.729,3.786,3.924,4.185,4.185,filtered-optical,-38.447,25.674,63,8.46
9.84,615,TRACKING,7.808,-5.012,5.514,0.209,7.823,-0.923,-0.272,-4.226,4.235,73.91,99.49,0.979,-35,24.886,1,TRUE,TRUE,620.4,269.9,621.1,270.1,578.5,383.3,FALSE,-0.015,-4.089,4.089,4.235,4.197,4.197,filtered-optical,-38.366,25.445,63,9.83
9.856,616,TRACKING,7.887,-4.974,4.819,-0.019,7.263,-0.542,0.536,-4.142,4.176,72.89,98.13,0.967,-35,23.789,1,TRUE,TRUE,639.8,271.7,634.5,267.7,579.3,379.1,FALSE,0.625,-4.432,4.476,4.176,4.192,4.192,filtered-optical,-38.261,25.105,63,3.6
9.872,617,TRACKING,7.967,-4.936,3.966,0.487,6.703,-0.196,1.55,-4.808,5.051,88.17,118.95,0.956,-35,21.647,1,TRUE,TRUE,664.1,255.4,663.8,255.4,581.3,374.4,FALSE,1.264,-4.74,4.906,5.051,4.4,4.4,filtered-optical,-38.104,23.766,63,2.66
9.888,618,TRACKING,8.045,-4.897,3.845,0.684,6.143,0.1,1.843,-5.175,5.493,95.88,129.45,0.95,-35,18.464,1,TRUE,TRUE,671.1,245.7,671.1,246.1,583.5,369.5,FALSE,1.903,-4.997,5.347,5.493,4.665,4.665,filtered-optical,-37.937,21.374,63,9.66
9.904,619,TRACKING,8.123,-4.858,3.57,0.468,5.583,0.33,2.304,-5.127,5.621,98.1,132.58,0.951,-35,14.382,1,TRUE,TRUE,682,245.3,681.7,245.7,586.1,364.7,FALSE,2.541,-5.188,5.776,5.621,4.897,4.897,filtered-optical,-37.755,17.949,63,10.8
9.92,620,TRACKING,8.201,-4.818,2.751,0.23,5.023,0.485,3.347,-5.051,6.06,105.76,143.34,0.961,-35,9.672,1,TRUE,TRUE,706.9,245.2,706.4,245.6,589.6,359.9,FALSE,3.178,-5.303,6.182,6.06,5.179,5.179,filtered-optical,-37.533,13.635,63,13.35
9.936,621,TRACKING,8.278,-4.778,2.391,0.611,4.463,0.546,3.952,-5.616,6.867,119.85,162.61,0.979,-35,3.866,1,TRUE,TRUE,721.3,229.5,721.4,230.8,593.7,354.7,FALSE,3.815,-5.325,6.55,6.867,5.588,5.588,filtered-optical,-37.289,8.672,63,4.46
9.952,622,TRACKING,8.354,-4.738,2.362,0.063,3.903,0.504,4.233,-5.238,6.735,117.54,159.66,1,-35,-2.635,1,TRUE,TRUE,727.9,235.8,726.8,235.6,597.9,349.8,FALSE,4.451,-5.242,6.877,6.735,5.866,5.866,filtered-optical,-37.042,2.634,63,4.42
9.968,623,TRACKING,8.429,-4.698,1.819,-0.448,3.343,0.35,5.059,-4.883,7.031,122.72,167.15,1,-35,-9.657,1,TRUE,TRUE,747.6,241.3,748.5,241.1,602.8,345.1,FALSE,5.086,-5.047,7.166,7.031,6.149,6.149,filtered-optical,-36.764,-4.079,63,8.07
9.984,624,TRACKING,8.504,-4.657,1.258,-0.795,2.783,0.076,5.93,-4.686,7.558,131.91,180.13,1,-35,-17.125,1,TRUE,TRUE,768.6,243,768.4,242.5,608.5,340.7,FALSE,5.721,-4.732,7.425,7.558,6.49,6.49,filtered-optical,-36.458,-11.302,63,10.09
10,625,TRACKING,8.578,-4.615,1.237,-1.018,2.243,-0.324,6.272,-4.609,7.783,135.84,185.7,1,-33.716,-25,1,TRUE,TRUE,777.4,241.8,777.3,241.6,614.4,336.3,FALSE,6.335,-4.291,7.651,7.783,6.804,6.804,filtered-optical,-36.146,-18.963,63,11.95
