timestamp_s,frame_number,tracking_status,target_pan_deg,target_tilt_deg,estimated_pan_deg,estimated_tilt_deg,gimbal_pan_deg,gimbal_tilt_deg,pan_error_deg,tilt_error_deg,total_angular_error_deg,total_angular_error_mrad,pixel_error_px,rssi_signal_strength,pan_pid_output,tilt_pid_output,detection_confidence,beacon_visible,ground_truth_in_fov,ground_truth_x_px,ground_truth_y_px,detected_x_px,detected_y_px,predicted_x_px,predicted_y_px,link_locked,mechanical_pan_error_deg,mechanical_tilt_error_deg,mechanical_pointing_error_deg,instantaneous_optical_error_deg,filtered_optical_error_deg,lock_evaluation_error_deg,lock_evaluation_mode,feedforward_pan_rate_dps,feedforward_tilt_rate_dps,fps,processing_time_ms
0.016,1,ACQUIRING,0.225,0.242,0.207,0.342,0.005,0.066,0.056,0.412,0.415,7.25,9.75,0.961,0.31,4.14,1,TRUE,TRUE,641.6,371.6,640.9,372,640.9,372,FALSE,0.22,0.176,0.281,0.415,0.415,0.415,filtered-optical,0,0,63,4.5
0.032,2,TRACKING,0.337,0.363,0.393,0.448,0.067,0.164,0.39,0.273,0.477,8.32,11.34,0.966,3.862,6.115,1,TRUE,TRUE,651.1,368.9,651.1,368.3,650.7,368.4,FALSE,0.27,0.199,0.335,0.477,0.43,0.43,filtered-optical,0.313,4.139,63,8.8
0.048,3,TRACKING,0.449,0.484,0.565,0.668,0.179,0.273,0.376,0.068,0.382,6.66,9.14,0.974,6.999,6.829,1,TRUE,TRUE,652.1,364.1,652.9,363.4,651.8,365.9,FALSE,0.27,0.21,0.343,0.382,0.418,0.418,filtered-optical,3.874,6.092,63,31.95
0.064,4,TRACKING,0.561,0.604,0.885,0.765,0.32,0.391,0.092,0.081,0.123,2.15,2.92,0.982,8.832,7.365,1,TRUE,TRUE,646,364.5,646.3,365.2,650,365.7,FALSE,0.241,0.213,0.322,0.123,0.347,0.347,filtered-optical,6.967,6.799,63,43.65
0.08,5,TRACKING,0.674,0.725,0.92,0.556,0.482,0.533,0.144,0.516,0.535,9.34,12.57,0.988,10.1,8.832,1,TRUE,TRUE,647.7,375,647.6,375.3,649.4,368.1,FALSE,0.192,0.192,0.272,0.535,0.393,0.393,filtered-optical,8.772,7.456,63,73.03
0.096,6,TRACKING,0.786,0.845,0.914,1.115,0.664,0.686,0.283,0.028,0.285,4.97,6.81,0.99,11.391,9.563,1,TRUE,TRUE,651.4,363.8,651.8,362.5,649.8,367,FALSE,0.122,0.16,0.201,0.285,0.366,0.366,filtered-optical,10.079,8.831,63,5.47
0.112,7,TRACKING,0.898,0.966,1.24,1.273,0.858,0.844,0.034,-0.038,0.051,0.88,1.2,0.989,12.116,9.918,1,TRUE,TRUE,645.6,362.5,645.3,363.5,649,366.3,FALSE,0.04,0.121,0.128,0.051,0.29,0.29,filtered-optical,11.284,9.493,63,4.55
0.128,8,TRACKING,1.01,1.086,1.522,1.176,1.05,1.011,-0.203,0.191,0.278,4.86,6.6,0.985,12.016,10.401,1,TRUE,TRUE,639.7,368.2,639.8,368,647.4,366.6,FALSE,-0.04,0.075,0.085,0.278,0.287,0.287,filtered-optical,11.811,9.888,63,15.71
0.144,9,TRACKING,1.122,1.205,1.443,1.298,1.235,1.187,-0.048,0.202,0.208,3.63,4.88,0.982,11.576,11.027,1,TRUE,TRUE,643.1,368.9,642.6,368.7,646.5,366.9,FALSE,-0.113,0.018,0.114,0.208,0.268,0.268,filtered-optical,11.595,10.426,63,7.53
0.16,10,TRACKING,1.234,1.325,1.502,1.865,1.41,1.36,-0.026,-0.305,0.306,5.34,7.18,0.981,10.905,10.818,1,TRUE,TRUE,643.2,357.1,642.6,357.7,645.8,365.5,FALSE,-0.175,-0.035,0.179,0.306,0.277,0.277,filtered-optical,11.056,10.791,63,10.4
0.176,11,TRACKING,1.346,1.444,1.86,1.739,1.561,1.526,-0.346,-0.085,0.356,6.21,8.52,0.985,9.467,10.374,1,TRUE,TRUE,634.9,362.3,635.3,362.1,644,364.9,FALSE,-0.215,-0.082,0.23,0.356,0.296,0.296,filtered-optical,10.094,10.481,63,2.95
0.192,12,TRACKING,1.458,1.563,1.885,1.669,1.68,1.688,-0.331,0.107,0.348,6.08,8.32,0.994,7.407,10.127,1,TRUE,TRUE,634.5,366.7,634.4,366.3,642.3,365,FALSE,-0.222,-0.125,0.254,0.348,0.309,0.309,filtered-optical,8.382,10.083,63,3.01
0.208,13,TRACKING,1.57,1.682,1.648,2.09,1.768,1.838,-0.005,-0.239,0.239,4.17,5.6,1,5.497,9.366,1,TRUE,TRUE,641.6,358.3,641.2,358.7,641.7,364,FALSE,-0.198,-0.156,0.252,0.239,0.292,0.292,filtered-optical,6.303,9.637,63,8.77
0.224,14,TRACKING,1.682,1.8,1.828,2.263,1.822,1.963,-0.108,-0.365,0.381,6.64,8.94,1,3.415,7.824,1,TRUE,TRUE,638.5,354.6,638.7,354,640.9,362.3,FALSE,-0.141,-0.163,0.215,0.381,0.313,0.313,filtered-optical,4.315,8.558,63,6.71
0.24,15,TRACKING,1.793,1.918,2.041,1.982,1.838,2.067,-0.274,0.023,0.275,4.8,6.58,1,0.998,6.468,1,TRUE,TRUE,633.7,362.9,633.5,362.3,639.4,362,FALSE,-0.045,-0.148,0.155,0.275,0.304,0.304,filtered-optical,2.022,7.028,63,8.33
0.256,16,TRACKING,1.905,2.036,1.728,2.091,1.824,2.152,0.156,0.026,0.159,2.77,3.8,1,-0.86,5.316,1,TRUE,TRUE,643.5,362.4,643.5,362.8,639.5,361.9,FALSE,0.08,-0.116,0.141,0.159,0.269,0.269,filtered-optical,-0.253,5.707,63,3.65
0.272,17,TRACKING,2.016,2.153,1.612,2.5,1.796,2.209,0.433,-0.331,0.545,9.52,12.96,1,-1.789,3.554,1,TRUE,TRUE,649.9,353.2,650.2,353.4,640.7,360.4,FALSE,0.22,-0.056,0.227,0.545,0.336,0.336,filtered-optical,-1.783,4.298,63,3.13
0.288,18,TRACKING,2.127,2.27,1.987,2.212,1.755,2.242,0.18,0.067,0.192,3.35,4.58,1,-2.523,2.093,1,TRUE,TRUE,643.7,361.9,644.4,361.5,640.9,360.2,FALSE,0.372,0.028,0.373,0.192,0.301,0.301,filtered-optical,-2.594,2.583,63,6.26
0.304,19,TRACKING,2.239,2.386,1.923,2.109,1.716,2.259,0.392,0.32,0.505,8.82,12.01,1,-2.466,1.039,1,TRUE,TRUE,648.8,367.5,648.8,367.6,641.8,361,FALSE,0.523,0.127,0.538,0.505,0.35,0.35,filtered-optical,-3.103,1.35,63,10.23
0.32,20,TRACKING,2.35,2.502,1.62,2.378,1.702,2.268,0.924,0.181,0.941,16.43,22.54,1,-0.899,0.592,1,TRUE,TRUE,662.2,364.3,662.4,364.9,644.7,361.3,FALSE,0.648,0.233,0.689,0.941,0.494,0.494,filtered-optical,-2.491,0.416,63,8.85
0.336,21,TRACKING,2.461,2.617,2.005,2.581,1.724,2.271,0.731,0.089,0.736,12.85,17.63,1,1.387,0.167,1,TRUE,TRUE,658.4,362.2,657.9,362.2,646.6,361.3,FALSE,0.737,0.346,0.814,0.736,0.553,0.553,filtered-optical,-0.586,-0.002,63,4.44
0.352,22,TRACKING,2.572,2.731,2.396,2.159,1.785,2.287,0.496,0.719,0.874,15.25,20.63,0.974,3.835,1,1,TRUE,TRUE,653.6,377.5,653.5,377.7,647.7,363.4,FALSE,0.786,0.445,0.903,0.874,0.63,0.63,filtered-optical,1.866,0.008,63,6.77
0.368,23,TRACKING,2.682,2.846,2.17,2.518,1.901,2.326,0.943,0.537,1.085,18.95,25.87,0.952,7.24,2.466,1,TRUE,TRUE,665.5,373.9,665.2,374.3,650.3,364.9,FALSE,0.781,0.519,0.938,1.085,0.741,0.741,filtered-optical,4.718,1.113,63,10.37
0.384,24,TRACKING,2.793,2.959,2.401,2.803,2.083,2.392,0.927,0.402,1.01,17.63,24.12,0.937,11.349,4.115,1,TRUE,TRUE,666.5,371.4,666,370.8,652.8,365.8,FALSE,0.71,0.567,0.909,1.01,0.806,0.806,filtered-optical,8.465,2.718,63,14.45
0.4,25,TRACKING,2.903,3.072,3.163,2.858,2.323,2.491,0.295,0.517,0.596,10.39,14.04,0.932,14.994,6.192,1,TRUE,TRUE,652.6,374.8,653,375.1,653.3,367.1,FALSE,0.581,0.581,0.821,0.596,0.755,0.755,filtered-optical,12.566,4.577,63,14.29
0.416,26,TRACKING,3.014,3.184,3.27,2.719,2.617,2.638,0.327,0.87,0.929,16.22,21.85,0.938,18.419,9.159,1,TRUE,TRUE,654.5,384,655.2,383.6,654,369.5,FALSE,0.396,0.546,0.675,0.929,0.797,0.797,filtered-optical,16.241,7.008,63,4.16
0.432,27,TRACKING,3.124,3.296,3.277,3.46,2.969,2.825,0.486,0.249,0.546,9.53,13.02,0.952,22.011,11.73,1,TRUE,TRUE,659.7,370.2,660.8,369,655.3,369.7,FALSE,0.154,0.47,0.495,0.546,0.736,0.736,filtered-optical,19.788,9.959,63,3.79
0.448,28,TRACKING,3.234,3.407,4.062,3.568,3.362,3.051,-0.236,0.269,0.358,6.25,8.48,0.97,24.514,14.096,1,TRUE,TRUE,643.3,371.3,642.8,370.7,654.2,370.1,FALSE,-0.128,0.356,0.378,0.358,0.645,0.645,filtered-optical,23.139,12.542,63,9.14
0.464,29,TRACKING,3.343,3.517,4.543,3.647,3.771,3.315,-0.705,0.332,0.779,13.6,18.59,0.991,25.555,16.496,1,TRUE,TRUE,632.6,373.6,632.5,373.9,651.8,370.8,FALSE,-0.427,0.202,0.472,0.779,0.677,0.677,filtered-optical,25.252,14.974,63,9.89
0.48,30,TRACKING,3.453,3.626,4.364,3.93,4.185,3.613,-0.473,0.168,0.502,8.76,11.99,1,25.901,18.654,1,TRUE,TRUE,638.4,370.5,638.7,370.1,650.5,371.1,FALSE,-0.732,0.013,0.732,0.502,0.635,0.635,filtered-optical,26.066,17.355,63,9.85
0.496,31,TRACKING,3.563,3.735,4.786,4.65,4.588,3.927,-0.886,-0.521,1.028,17.94,24.5,1,25.165,19.614,1,TRUE,TRUE,628.3,354.8,629.1,353.8,648.1,369.2,FALSE,-1.025,-0.192,1.043,1.028,0.73,0.73,filtered-optical,26.065,19.211,63,3.63
0.512,32,TRACKING,3.672,3.843,5.43,4.48,4.948,4.248,-1.608,-0.284,1.633,28.5,39.11,1,22.544,20.032,1,TRUE,TRUE,610.2,360.7,610,359.5,643.6,368.3,FALSE,-1.276,-0.405,1.339,1.633,0.949,0.949,filtered-optical,24.744,20.008,63,4.72
0.528,33,TRACKING,3.781,3.95,5.209,4.711,5.252,4.567,-1.431,-0.457,1.502,26.21,35.91,1,18.957,19.925,1,TRUE,TRUE,613.2,356.8,613.7,357.4,639.9,367.1,FALSE,-1.471,-0.616,1.595,1.502,1.083,1.083,filtered-optical,21.685,20.253,63,9.1
0.544,34,TRACKING,3.89,4.057,5.044,5.162,5.483,4.867,-1.289,-0.903,1.573,27.46,37.43,1,14.442,18.776,1,TRUE,TRUE,615,346.1,615.2,345.8,636.8,364.8,FALSE,-1.593,-0.81,1.787,1.573,1.202,1.202,filtered-optical,17.754,19.824,63,9.17
0.56,35,TRACKING,3.998,4.162,5.496,5.416,5.621,5.131,-1.822,-1.178,2.17,37.87,51.67,1,8.648,16.489,1,TRUE,TRUE,600.1,339,600,338.7,632.2,361.8,FALSE,-1.623,-0.969,1.89,2.17,1.437,1.437,filtered-optical,12.752,18.302,63,9.26
0.576,36,TRACKING,4.107,4.267,5.342,5.073,5.652,5.354,-1.736,-0.814,1.917,33.46,45.76,1,1.952,13.923,1,TRUE,TRUE,599.6,346.6,599.7,345.4,628,359.8,FALSE,-1.545,-1.087,1.889,1.917,1.553,1.553,filtered-optical,6.547,15.792,63,5.79
0.592,37,TRACKING,4.215,4.371,4.682,5.386,5.577,5.52,-1.071,-1.139,1.563,27.28,37.03,1,-4.709,10.38,1,TRUE,TRUE,612.9,337.5,612.3,336.8,625.5,357.1,FALSE,-1.362,-1.149,1.782,1.563,1.555,1.555,filtered-optical,-0.333,12.927,63,3.58
0.608,38,TRACKING,4.323,4.473,4.658,5.576,5.395,5.615,-1.04,-1.364,1.715,29.94,40.55,1,-11.386,5.963,1,TRUE,TRUE,610.9,330.4,610.4,329.9,623.1,353.9,FALSE,-1.072,-1.142,1.566,1.715,1.594,1.594,filtered-optical,-7.162,9.044,63,5.56
0.624,39,TRACKING,4.431,4.575,4.596,5.225,5.106,5.635,-0.967,-1.007,1.396,24.37,33.09,1,-18.062,1.275,1,TRUE,TRUE,609.9,336.8,609.5,336.7,620.8,351.6,FALSE,-0.675,-1.06,1.257,1.396,1.546,1.546,filtered-optical,-13.983,4.424,63,8.43
0.64,40,TRACKING,4.539,4.676,3.804,4.941,4.726,5.583,-0.07,-0.683,0.686,11.98,16.1,1,-23.73,-3.281,1,TRUE,TRUE,629.1,342.5,629.7,342.8,620.7,350.2,FALSE,-0.188,-0.907,0.926,0.686,1.338,1.338,filtered-optical,-20.549,-0.359,63,7.88
0.656,41,TRACKING,4.646,4.776,3.314,5.123,4.278,5.455,0.583,-0.849,1.03,17.97,24.32,1,-27.995,-8.028,1,TRUE,TRUE,643,336.7,643.2,336,622.1,348.2,FALSE,0.368,-0.678,0.772,1.03,1.263,1.263,filtered-optical,-25.971,-5.067,63,4.02
0.672,42,TRACKING,4.753,4.875,3.307,4.849,3.78,5.254,0.757,-0.525,0.922,16.09,21.93,1,-31.103,-12.563,1,TRUE,TRUE,645.9,342.6,645.1,342.9,623.5,347.1,FALSE,0.973,-0.378,1.043,0.922,1.18,1.18,filtered-optical,-29.995,-9.865,63,2.83
0.688,43,TRACKING,4.86,4.973,2.797,4.208,3.26,4.995,1.504,0.237,1.523,26.58,36.47,1,-32.522,-16.162,1,TRUE,TRUE,663.2,359.2,663.3,359.4,626.6,347.6,FALSE,1.6,-0.022,1.6,1.523,1.263,1.263,filtered-optical,-32.707,-14.264,63,6.62
0.704,44,TRACKING,4.966,5.07,2.164,4.202,2.753,4.691,2.456,0.369,2.483,43.34,59.49,1,-31.68,-18.968,1,TRUE,TRUE,686.3,361.4,686.5,361.1,631.7,348.3,FALSE,2.213,0.379,2.245,2.483,1.559,1.559,filtered-optical,-33.558,-17.722,63,9.14
0.72,45,TRACKING,5.073,5.166,2.2,4.114,2.292,4.357,2.756,0.603,2.821,49.24,67.56,0.994,-28.813,-20.924,1,TRUE,TRUE,694.7,366.4,694.8,366.6,637.2,349.5,FALSE,2.781,0.809,2.896,2.821,1.865,1.865,filtered-optical,-32.142,-20.346,63,9.71
0.736,46,TRACKING,5.179,5.261,2.241,3.628,1.906,4.012,3.064,1.294,3.325,58.04,79.47,0.973,-24.122,-21.545,1,TRUE,TRUE,704,382.5,702.6,382.8,643,352,FALSE,3.273,1.249,3.503,3.325,2.219,2.219,filtered-optical,-28.703,-21.988,63,4.4
0.752,47,TRACKING,5.285,5.355,1.936,3.224,1.629,3.68,3.769,1.935,4.237,73.95,101.17,0.953,-17.344,-20.716,1,TRUE,TRUE,723.7,398,721.1,393.6,650.1,355.4,FALSE,3.656,1.674,4.021,4.237,2.708,2.708,filtered-optical,-23.356,-22.232,63,3.13
0.768,48,TRACKING,5.39,5.447,2.095,3.586,1.492,3.382,4.039,1.81,4.426,77.25,105.81,0.938,-8.527,-18.68,1,TRUE,TRUE,733.8,395.9,734.1,396.6,657.8,358.8,FALSE,3.898,2.066,4.411,4.426,3.125,3.125,filtered-optical,-15.898,-21.044,63,10.17
0.784,49,TRACKING,5.495,5.539,2.72,3.313,1.52,3.138,3.816,2.36,4.486,78.3,106.98,0.931,1.74,-15.225,1,TRUE,TRUE,732.5,410,733.2,409.7,664.9,363.1,FALSE,3.975,2.401,4.644,4.486,3.455,3.455,filtered-optical,-6.494,-18.582,63,9.59
0.8,50,TRACKING,5.6,5.629,3.124,3.161,1.731,2.975,3.803,2.821,4.736,82.65,112.73,0.935,13.171,-10.208,1,TRUE,TRUE,736.7,422.5,736.3,422.8,671.8,368.3,FALSE,3.87,2.655,4.693,4.736,3.765,3.765,filtered-optical,4.308,-14.644,63,13.59
0.816,51,TRACKING,5.705,5.718,3.56,3.396,2.138,2.911,3.738,2.886,4.723,82.42,112.38,0.948,25.416,-3.974,1,TRUE,TRUE,739.9,426.1,736,424.5,678.2,373.2,FALSE,3.568,2.807,4.54,4.723,3.997,3.997,filtered-optical,16.202,-9.189,63,4.36
0.832,52,TRACKING,5.81,5.806,4.517,4.028,2.698,2.959,3.112,2.521,4.005,69.91,95.23,0.97,35,2.979,1,TRUE,TRUE,728.5,420,730,419.7,683.6,377.4,FALSE,3.112,2.848,4.218,4.005,3.999,3.999,filtered-optical,28.807,-2.606,63,3.3
0.848,53,TRACKING,5.914,5.893,5.393,3.888,3.258,3.134,2.494,2.963,3.873,67.6,91.71,0.996,35,10.94,1,TRUE,TRUE,713.5,433.3,713.3,433,687.3,382.5,FALSE,2.656,2.759,3.83,3.873,3.969,3.969,filtered-optical,38.585,4.751,63,8.67
0.864,54,TRACKING,6.017,5.979,5.859,4.49,3.818,3.446,2.254,2.633,3.466,60.49,82.07,1,35,19.488,1,TRUE,TRUE,707.6,428.7,706.9,429.1,690.2,386.8,FALSE,2.2,2.533,3.355,3.466,3.847,3.847,filtered-optical,38.706,13.039,63,10
0.88,55,TRACKING,6.121,6.063,6.416,5.244,4.378,3.846,1.886,2.099,2.822,49.25,66.84,1,35,25,1,TRUE,TRUE,698.6,418.3,698.2,417.9,692.3,390,FALSE,1.743,2.218,2.821,2.822,3.598,3.598,filtered-optical,38.748,21.795,63,12.41
0.896,56,TRACKING,6.224,6.146,7.248,5.803,4.938,4.246,1.182,1.725,2.091,36.5,49.39,1,35,25,1,TRUE,TRUE,681.6,409.7,682,410,692.9,392.4,FALSE,1.286,1.901,2.295,2.091,3.233,3.233,filtered-optical,38.674,27.435,63,5.94
0.912,57,TRACKING,6.327,6.228,7.803,5.803,5.498,4.646,0.717,1.914,2.044,35.67,48.07,1,35,25,1,TRUE,TRUE,670.3,414.4,670.7,413.9,692.6,394.9,FALSE,0.829,1.582,1.787,2.044,2.945,2.945,filtered-optical,38.53,27.568,63,2.87
0.928,58,TRACKING,6.429,6.309,8.066,6.689,6.058,5.046,0.526,1.155,1.269,22.16,29.88,1,35,25,1,TRUE,TRUE,665.6,396.8,665.3,397.4,691.8,396,FALSE,0.372,1.263,1.317,1.269,2.539,2.539,filtered-optical,38.36,27.578,63,8.44
0.944,59,TRACKING,6.532,6.388,8.652,7.157,6.618,5.446,-0.026,0.782,0.783,13.66,18.36,1,35,25,1,TRUE,TRUE,652.4,388.1,652.9,388.8,690.2,396.4,FALSE,-0.086,0.942,0.946,0.783,2.113,2.113,filtered-optical,38.129,27.527,63,7.82
0.96,60,TRACKING,6.633,6.466,9.346,7.333,7.178,5.846,-0.739,0.689,1.01,17.63,23.97,1,35,25,1,TRUE,TRUE,635.3,386,634.7,385.7,687.3,396.5,FALSE,-0.544,0.62,0.825,1.01,1.846,1.846,filtered-optical,37.812,27.458,63,10.73
0.976,61,TRACKING,6.735,6.542,9.563,7.563,7.738,6.246,-0.984,0.529,1.117,19.49,26.63,1,35,25,1,TRUE,TRUE,629.6,382.1,630,382.1,684.2,396.3,FALSE,-1.003,0.297,1.046,1.117,1.669,1.669,filtered-optical,37.494,27.369,63,3.28
0.992,62,TRACKING,6.836,6.617,9.792,8.397,8.298,6.646,-1.255,-0.302,1.291,22.53,30.89,0.998,35,25,1,TRUE,TRUE,623.2,362.4,623.1,360.9,680.8,394.6,FALSE,-1.462,-0.028,1.462,1.291,1.577,1.577,filtered-optical,37.166,27.164,63,3.73
1.008,63,TRACKING,6.937,6.691,10.49,8.471,8.858,7.046,-2.04,-0.373,2.074,36.19,49.66,0.989,35,25,1,TRUE,TRUE,604.6,360.5,605.3,360.4,676.3,393,FALSE,-1.921,-0.354,1.953,2.074,1.698,1.698,filtered-optical,36.772,26.971,63,8.28
1.024,64,TRACKING,7.037,6.764,10.884,8.568,9.418,7.446,-2.55,-0.471,2.593,45.26,62.11,0.985,35,25,1,TRUE,TRUE,592.5,358,592.3,358.5,671.1,391.3,FALSE,-2.38,-0.682,2.476,2.593,1.915,1.915,filtered-optical,36.347,26.782,63,7.51
1.04,65,TRACKING,7.137,6.835,10.85,9.093,9.978,7.846,-2.625,-1.034,2.821,49.24,67.43,0.986,35,25,1,TRUE,TRUE,590.8,344.7,591.1,344.5,666.1,388.7,FALSE,-2.84,-1.011,3.015,2.821,2.134,2.134,filtered-optical,35.953,26.535,63,8.19
1.056,66,TRACKING,7.237,6.904,11.296,9.574,10.52,8.246,-3.209,-1.586,3.579,62.47,85.46,0.989,33.93,25,1,TRUE,TRUE,576.5,331.8,577.1,332.5,660.4,385.4,FALSE,-3.284,-1.341,3.547,3.579,2.485,2.485,filtered-optical,35.526,26.246,63,3.02
1.072,67,TRACKING,7.336,6.972,11.861,9.427,11.017,8.646,-3.954,-1.505,4.23,73.84,101.21,0.992,31.038,25,1,TRUE,TRUE,557.5,333.8,558,332,653.7,382.3,FALSE,-3.681,-1.673,4.043,4.23,2.908,2.908,filtered-optical,33.979,25.978,63,2.33
1.088,68,TRACKING,7.435,7.039,11.68,9.701,11.443,9.046,-3.945,-1.856,4.36,76.1,104.19,0.993,26.635,25,1,TRUE,TRUE,556,325.8,555.3,326.1,647.2,378.9,FALSE,-4.008,-2.006,4.482,4.36,3.26,3.26,filtered-optical,30.639,25.704,63,7.95
1.104,69,TRACKING,7.534,7.104,11.551,10.298,11.776,9.435,-3.983,-2.571,4.741,82.75,113.02,0.989,20.827,24.307,1,TRUE,TRUE,552.7,308.9,552.4,309.5,640.8,374.6,FALSE,-4.243,-2.33,4.84,4.741,3.619,3.619,filtered-optical,25.817,25.374,63,6.74
1.12,70,TRACKING,7.632,7.168,11.938,10.254,11.996,9.794,-4.569,-2.646,5.28,92.15,126.04,0.982,13.729,22.466,1,TRUE,TRUE,535.7,306.7,536,306.2,633.7,370.3,FALSE,-4.364,-2.626,5.093,5.28,4.022,4.022,filtered-optical,19.557,24.365,63,8.58
1.136,71,TRACKING,7.73,7.231,11.694,10.156,12.083,10.109,-4.517,-2.66,5.242,91.49,125.11,0.972,5.407,19.716,1,TRUE,TRUE,533.6,305.4,532.9,306.5,626.8,366.2,FALSE,-4.353,-2.879,5.219,5.242,4.317,4.317,filtered-optical,12.034,22.236,63,3.68
1.152,72,TRACKING,7.827,7.291,10.929,10.466,12.026,10.363,-3.896,-3.109,4.984,86.99,118.58,0.963,-3.536,15.879,1,TRUE,TRUE,545,293.4,545.8,293.2,621,361.5,FALSE,-4.199,-3.072,5.203,4.984,4.479,4.479,filtered-optical,3.38,19.164,63,3.21
1.168,73,TRACKING,7.924,7.351,10.776,10.646,11.817,10.538,-3.886,-3.449,5.195,90.68,123.48,0.957,-13.079,10.905,1,TRUE,TRUE,541.4,283.4,541.8,282.7,615.2,356.4,FALSE,-3.893,-3.187,5.031,5.195,4.653,4.653,filtered-optical,-5.88,14.988,63,10.48
1.184,74,TRACKING,8.021,7.408,10.503,10.049,11.447,10.622,-3.744,-2.98,4.785,83.52,113.84,0.958,-23.099,5.265,1,TRUE,TRUE,540.9,292.1,541.5,291.3,609.8,352,FALSE,-3.427,-3.214,4.698,4.785,4.685,4.685,filtered-optical,-15.71,9.741,63,12.84
1.2,75,TRACKING,8.117,7.465,9.332,10.015,10.92,10.606,-2.639,-3.076,4.053,70.73,95.99,0.966,-32.949,-1.01,1,TRUE,TRUE,563.7,287.3,563.1,287.3,605.9,347.7,FALSE,-2.803,-3.141,4.21,4.053,4.532,4.532,filtered-optical,-25.907,3.836,63,9.92
1.216,76,TRACKING,8.212,7.519,8.589,9.936,10.36,10.48,-1.912,-3.129,3.667,64,86.57,0.981,-35,-7.87,1,TRUE,TRUE,580.4,283.3,579.2,284.2,603.2,343.3,FALSE,-2.148,-2.961,3.658,3.667,4.322,4.322,filtered-optical,-35.853,-2.694,63,3.6
1.232,77,TRACKING,8.308,7.573,8.46,9.458,9.8,10.24,-1.787,-2.759,3.287,57.37,77.62,1,-35,-15.032,1,TRUE,TRUE,583.5,289.2,582.2,290.3,600.8,339.5,FALSE,-1.492,-2.667,3.056,3.287,4.071,4.071,filtered-optical,-37.978,-9.76,63,3.16
1.248,78,TRACKING,8.402,7.624,7.647,8.572,9.24,9.887,-0.916,-1.936,2.142,37.38,50.44,1,-35,-22.059,1,TRUE,TRUE,604.5,305.9,605.3,305.5,599.9,336.8,FALSE,-0.837,-2.263,2.413,2.142,3.603,3.603,filtered-optical,-37.957,-17.052,63,6.48
1.264,79,TRACKING,8.497,7.674,6.699,8.568,8.68,9.487,0.154,-1.997,2.003,34.95,46.98,1,-35,-25,1,TRUE,TRUE,630.3,303.5,630.6,303.6,600.6,334.1,FALSE,-0.183,-1.813,1.822,2.003,3.215,3.215,filtered-optical,-37.844,-24.201,63,13.92
1.28,80,TRACKING,8.591,7.722,6.616,8.017,8.12,9.087,0.368,-1.477,1.522,26.57,35.74,1,-35,-25,1,TRUE,TRUE,635.6,315.9,635,315.2,601.5,332.3,FALSE,0.471,-1.364,1.443,1.522,2.805,2.805,filtered-optical,-37.719,-27.21,63,10.28
1.296,81,TRACKING,8.684,7.769,6.296,7.367,7.56,8.687,0.846,-0.81,1.172,20.45,27.79,1,-35,-25,1,TRUE,TRUE,647.2,331.8,646.8,333.9,603.1,331.6,FALSE,1.124,-0.917,1.451,1.172,2.409,2.409,filtered-optical,-37.561,-27.201,63,3.1
1.312,82,TRACKING,8.777,7.814,5.34,6.879,7,8.287,2.026,-0.278,2.045,35.7,48.99,1,-35,-25,1,TRUE,TRUE,675.5,344.4,675.5,345.1,606.2,331.5,FALSE,1.778,-0.472,1.839,2.045,2.321,2.321,filtered-optical,-37.314,-27.15,63,3.49
1.328,83,TRACKING,8.87,7.858,5.045,6.998,6.44,7.887,2.57,-0.36,2.595,45.3,62.19,1,-35,-25,1,TRUE,TRUE,688.6,342.6,688.6,342.8,609.9,331.4,FALSE,2.43,-0.029,2.43,2.595,2.387,2.387,filtered-optical,-37.038,-27.107,63,7.13
1.344,84,TRACKING,8.962,7.9,5.101,6.215,5.88,7.487,2.768,0.506,2.814,49.11,67.4,1,-35,-25,1,TRUE,TRUE,693.3,362.9,693.6,362.4,613.8,332.4,FALSE,3.082,0.413,3.11,2.814,2.491,2.491,filtered-optical,-36.764,-26.997,63,13.11
1.36,85,TRACKING,9.054,7.94,4.409,5.817,5.32,7.087,3.763,1.014,3.897,68.02,93.34,1,-35,-25,1,TRUE,TRUE,717,374.7,717.5,374.7,618.9,334,FALSE,3.734,0.854,3.83,3.897,2.832,2.832,filtered-optical,-36.432,-26.85,63,10.22
1.376,86,TRACKING,9.145,7.979,3.864,5.702,4.782,6.687,4.65,1.246,4.813,84.01,115.38,0.983,-33.649,-25,1,TRUE,TRUE,738.7,379.9,738.7,380,624.9,335.8,FALSE,4.364,1.292,4.551,4.813,3.312,3.312,filtered-optical,-36.054,-26.694,63,3.22
1.392,87,TRACKING,9.236,8.016,4.08,5.596,4.289,6.287,4.773,1.476,4.996,87.2,119.72,0.963,-30.758,-25,1,TRUE,TRUE,742.6,385.1,742.3,384.7,630.8,337.9,FALSE,4.947,1.729,5.24,4.996,3.72,3.72,filtered-optical,-34.34,-26.532,63,3.33
1.408,88,TRACKING,9.326,8.051,3.94,4.805,3.868,5.887,5.276,2.438,5.812,101.43,139.04,0.95,-26.312,-25,1,TRUE,TRUE,756.3,407.5,756.9,407.4,637.4,341,FALSE,5.458,2.165,5.871,5.812,4.227,4.227,filtered-optical,-31.066,-26.305,63,9.09
1.424,89,TRACKING,9.416,8.085,3.491,4.794,3.546,5.487,6.123,2.625,6.662,116.28,159.61,0.947,-20.157,-25,1,TRUE,TRUE,779.1,411.8,778.5,412.5,644.8,344.4,FALSE,5.87,2.598,6.419,6.662,4.818,4.818,filtered-optical,-26.199,-26.076,63,11.22
1.44,90,TRACKING,9.505,8.117,3.808,4.774,3.346,5.094,6.205,2.823,6.817,118.98,163.26,0.951,-12.526,-24.522,1,TRUE,TRUE,783.9,416.6,784,416.6,652.2,347.8,FALSE,6.16,3.023,6.861,6.817,5.302,5.302,filtered-optical,-19.635,-25.849,63,9.05
1.456,91,TRACKING,9.594,8.147,4.346,4.387,3.286,4.728,6.052,3.413,6.948,121.27,166.13,0.961,-3.72,-22.915,1,TRUE,TRUE,783.7,431.3,783.7,431.1,659.3,351.9,FALSE,6.308,3.419,7.175,6.948,5.701,5.701,filtered-optical,-11.625,-25.113,63,4.51
1.472,92,TRACKING,9.682,8.176,4.42,4,3.386,4.407,6.375,4.032,7.544,131.66,180.24,0.974,6.275,-20.042,1,TRUE,TRUE,795.5,447.1,795.3,447.7,666.7,356.6,FALSE,6.296,3.769,7.338,7.544,6.148,6.148,filtered-optical,-2.433,-23.214,63,2.84
1.488,93,TRACKING,9.77,8.203,4.884,4.361,3.663,4.148,6.304,3.89,7.408,129.29,177.02,0.987,17.286,-16.194,1,TRUE,TRUE,798.1,445.4,798.4,445.9,674,361.1,FALSE,6.107,4.055,7.331,7.408,6.453,6.453,filtered-optical,7.93,-20.075,63,7.1
1.504,94,TRACKING,9.858,8.228,5.966,4.367,4.124,3.965,5.572,4.109,6.924,120.84,165.07,0.997,28.834,-11.402,1,TRUE,TRUE,785,452.6,784.9,453.1,680.3,365.8,FALSE,5.733,4.262,7.144,6.924,6.567,6.567,filtered-optical,19.244,-15.955,63,7.78
1.52,95,TRACKING,9.944,8.251,6.71,4.123,4.684,3.876,5.152,4.596,6.904,120.5,164.25,1,35,-5.585,1,TRUE,TRUE,777.4,466.3,777.1,465.8,686,371,FALSE,5.26,4.375,6.842,6.904,6.649,6.649,filtered-optical,31.053,-10.874,63,9.53
1.536,96,TRACKING,10.031,8.273,7.191,4.52,5.244,3.893,4.977,4.431,6.664,116.3,158.51,1,35,1.043,1,TRUE,TRUE,773.3,464.9,773.4,465.2,691.2,375.9,FALSE,4.786,4.38,6.488,6.664,6.653,6.653,filtered-optical,37.452,-4.788,63,3.32
1.552,97,TRACKING,10.116,8.293,8.1,5.12,5.804,4.024,4.332,4.039,5.923,103.37,140.74,1,35,8.181,1,TRUE,TRUE,757.9,458.2,758.1,458.1,695.5,380.3,FALSE,4.312,4.27,6.068,5.923,6.476,6.476,filtered-optical,37.626,2.071,63,3.51
1.568,98,TRACKING,10.202,8.312,9,5.301,6.364,4.277,3.656,4.065,5.467,95.42,129.64,0.998,35,15.819,1,TRUE,TRUE,741.6,461.5,742,461.9,698.8,384.7,FALSE,3.837,4.035,5.568,5.467,6.231,6.231,filtered-optical,37.744,9.434,63,8.47
1.584,99,TRACKING,10.286,8.328,9.45,5.633,6.924,4.659,3.411,3.93,5.204,90.82,123.34,0.997,35,23.863,1,TRUE,TRUE,735.7,461.1,735.8,461.6,701.7,389,FALSE,3.362,3.67,4.977,5.204,5.982,5.982,filtered-optical,37.837,17.283,63,8.6
1.6,100,TRACKING,10.371,8.343,10.006,6.635,7.484,5.059,3.036,3.074,4.321,75.41,102.5,1,35,25,1,TRUE,TRUE,726.6,441.2,726.9,441,704.1,392,FALSE,2.886,3.285,4.372,4.321,5.579,5.579,filtered-optical,37.897,25.466,63,10.19
1.616,101,TRACKING,10.454,8.356,10.872,7.029,8.044,5.459,2.312,2.808,3.637,63.48,86.09,1,35,25,1,TRUE,TRUE,709,434.9,708.8,435.4,705.4,394.7,FALSE,2.41,2.898,3.769,3.637,5.108,5.108,filtered-optical,37.906,26.717,63,3.86
1.632,102,TRACKING,10.537,8.368,11.475,7.274,8.604,5.859,1.821,2.679,3.239,56.53,76.52,1,35,25,1,TRUE,TRUE,697.1,431.9,696.7,432.6,706.1,397.2,FALSE,1.933,2.509,3.167,3.239,4.655,4.655,filtered-optical,37.882,26.816,63,4.87
1.648,103,TRACKING,10.62,8.378,11.804,7.818,9.164,6.259,1.591,2.223,2.734,47.71,64.6,1,35,25,1,TRUE,TRUE,691.4,421.3,690.6,421.8,706.5,399,FALSE,1.455,2.119,2.571,2.734,4.189,4.189,filtered-optical,37.841,26.878,63,8.44
1.664,104,TRACKING,10.702,8.385,12.422,8.681,9.724,6.659,1.045,1.403,1.75,30.54,41.35,1,35,25,1,TRUE,TRUE,678.2,402.3,678.4,401.9,706.3,399.8,FALSE,0.977,1.727,1.984,1.75,3.598,3.598,filtered-optical,37.77,26.884,63,9.28
1.68,105,TRACKING,10.783,8.392,13.172,8.635,10.284,7.059,0.333,1.495,1.532,26.74,35.97,1,35,25,1,TRUE,TRUE,661,404.7,661.5,405.4,705.3,400.8,FALSE,0.499,1.333,1.423,1.532,3.097,3.097,filtered-optical,37.66,26.896,63,8.56
1.696,106,TRACKING,10.864,8.396,13.517,9.087,10.844,7.459,0.01,1.064,1.064,18.57,24.95,1,35,25,1,TRUE,TRUE,653.2,394.7,652.7,393.7,703.8,401.2,FALSE,0.02,0.938,0.938,1.064,2.604,2.604,filtered-optical,37.533,26.877,63,4.68
1.712,107,TRACKING,10.945,8.399,13.81,9.698,11.404,7.859,-0.276,0.444,0.523,9.13,12.34,1,35,25,1,TRUE,TRUE,646.4,380.2,645,380.7,702.1,400.9,FALSE,-0.46,0.54,0.71,0.523,2.1,2.1,filtered-optical,37.392,26.824,63,3.58
1.728,108,TRACKING,11.024,8.4,14.519,10.177,11.964,8.259,-1.006,-0.069,1.008,17.6,24.15,1,35,25,1,TRUE,TRUE,629,368.1,629.5,368.2,699.7,400,FALSE,-0.94,0.141,0.951,1.008,1.835,1.835,filtered-optical,37.222,26.741,63,11.6
1.744,109,TRACKING,11.103,8.399,15.062,10.007,12.524,8.659,-1.595,0.068,1.597,27.87,38.26,1,35,25,1,TRUE,TRUE,615,371.2,615.3,370.6,696.6,399.3,FALSE,-1.421,-0.259,1.444,1.597,1.777,1.777,filtered-optical,37.025,26.667,63,9.98
1.76,110,TRACKING,11.182,8.397,15.165,10.746,13.084,9.059,-1.75,-0.738,1.899,33.15,45.36,0.976,35,25,1,TRUE,TRUE,611.5,352.1,610.9,352,693.5,397.8,FALSE,-1.902,-0.662,2.014,1.899,1.807,1.807,filtered-optical,36.828,26.55,63,10.11
1.776,111,TRACKING,11.26,8.393,15.607,11.144,13.644,9.459,-2.264,-1.227,2.575,44.94,61.41,0.952,35,25,1,TRUE,TRUE,599.3,340.4,598.6,340.9,689.9,395.8,FALSE,-2.384,-1.066,2.612,2.575,1.993,1.993,filtered-optical,36.612,26.412,63,3.68
1.792,112,TRACKING,11.338,8.387,16.334,11.265,14.204,9.859,-3.094,-1.447,3.416,59.62,81.58,0.936,35,25,1,TRUE,TRUE,579.6,335.1,580.4,336,685.6,393.6,FALSE,-2.867,-1.472,3.223,3.416,2.338,2.338,filtered-optical,36.365,26.268,63,2.32
1.808,113,TRACKING,11.414,8.379,16.498,11.317,14.764,10.259,-3.369,-1.608,3.733,65.15,89.16,0.929,35,25,1,TRUE,TRUE,573.1,331.3,573.5,330.6,681.1,391.2,FALSE,-3.35,-1.88,3.841,3.733,2.676,2.676,filtered-optical,36.115,26.118,63,9.99
1.824,114,TRACKING,11.491,8.37,16.589,12.12,15.324,10.659,-3.576,-2.559,4.397,76.75,104.7,0.932,35,25,1,TRUE,TRUE,568.1,309,568.2,309.5,676.5,388,FALSE,-3.834,-2.289,4.465,4.397,3.093,3.093,filtered-optical,35.865,25.925,63,9.25
1.84,115,TRACKING,11.566,8.358,17.293,12.144,15.884,11.059,-4.431,-2.736,5.208,90.89,124.24,0.945,35,25,1,TRUE,TRUE,547.5,305,546.9,304.9,671,384.6,FALSE,-4.318,-2.7,5.093,5.208,3.606,3.606,filtered-optical,35.582,25.73,63,10.27
1.856,116,TRACKING,11.641,8.345,17.706,12.171,16.436,11.459,-5.013,-2.925,5.804,101.31,138.6,0.966,34.488,25,1,TRUE,TRUE,533.2,300.7,533.7,299.9,665.2,381.1,FALSE,-4.795,-3.113,5.717,5.804,4.139,4.139,filtered-optical,35.284,25.534,63,3.47
1.872,117,TRACKING,11.716,8.331,17.529,12.541,16.959,11.853,-5.006,-3.487,6.101,106.48,145.46,0.989,32.666,24.671,1,TRUE,TRUE,532.5,287.6,529.8,281.8,659.3,376.9,FALSE,-5.243,-3.522,6.316,6.101,4.615,4.615,filtered-optical,34.481,25.306,63,4.71
1.888,118,TRACKING,11.79,8.314,17.875,13.034,17.432,12.224,-5.536,-4.19,6.943,121.17,165.48,1,29.544,23.186,1,TRUE,TRUE,518.4,270.7,518.6,270.8,653.2,372.4,FALSE,-5.642,-3.91,6.864,6.943,5.179,5.179,filtered-optical,32.359,24.736,63,7.79
1.904,119,TRACKING,11.863,8.296,18.401,12.739,17.831,12.556,-6.276,-4.099,7.496,130.83,179.04,1,24.977,20.759,1,TRUE,TRUE,498.6,272,498.1,271.9,646.3,368,FALSE,-5.968,-4.26,7.333,7.496,5.741,5.741,filtered-optical,28.909,23.023,63,9.16
1.92,120,TRACKING,11.936,8.277,18.069,12.826,18.139,12.835,-6.149,-4.403,7.563,131.99,180.46,1,19.218,17.397,1,TRUE,TRUE,499.3,263.5,498.6,263.7,639.6,363.4,FALSE,-6.203,-4.558,7.698,7.563,6.182,6.182,filtered-optical,24.033,20.363,63,10.85
1.936,121,TRACKING,12.008,8.255,17.762,13.171,18.338,13.043,-6.039,-4.987,7.832,136.7,186.62,1,12.466,12.982,1,TRUE,TRUE,499.2,247.9,499.1,248.3,633.2,358.3,FALSE,-6.331,-4.787,7.937,7.832,6.582,6.582,filtered-optical,17.982,16.745,63,3.79
1.952,122,TRACKING,12.079,8.232,18.052,12.956,18.412,13.165,-6.546,-5.013,8.246,143.91,196.72,1,4.603,7.637,1,TRUE,TRUE,483.9,245,483.4,244.9,626.3,353.2,FALSE,-6.333,-4.933,8.027,8.246,6.986,6.986,filtered-optical,10.921,12.08,63,2.83
1.968,123,TRACKING,12.15,8.207,17.678,12.454,18.345,13.19,-6.379,-4.741,7.948,138.73,189.64,1,-4.158,1.587,1,TRUE,TRUE,484.6,249,485,248.8,619.6,348.4,FALSE,-6.195,-4.983,7.951,7.948,7.219,7.219,filtered-optical,2.769,6.508,63,8.6
1.984,124,TRACKING,12.22,8.18,16.717,12.422,18.13,13.107,-5.592,-4.95,7.468,130.34,177.76,1,-13.436,-5.193,1,TRUE,TRUE,500.1,241.3,499.4,241,613.8,343.4,FALSE,-5.91,-4.927,7.694,7.468,7.279,7.279,filtered-optical,-6.235,0.226,63,8.66
2,125,TRACKING,12.289,8.152,16.412,12.242,17.759,12.905,-5.455,-5.01,7.407,129.27,176.21,1,-23.176,-12.644,1,TRUE,TRUE,499.9,237,499.2,237.6,608.1,338.4,FALSE,-5.47,-4.753,7.246,7.407,7.31,7.31,filtered-optical,-15.744,-6.782,63,9.33
2.016,126,TRACKING,12.358,8.122,15.998,11.291,17.227,12.578,-5.197,-4.271,6.727,117.41,160.16,1,-33.278,-20.418,1,TRUE,TRUE,502.3,251.6,501.9,251.5,602.7,334.2,FALSE,-4.869,-4.456,6.6,6.727,7.169,7.169,filtered-optical,-25.695,-14.418,63,3.44
2.032,127,TRACKING,12.426,8.09,14.776,10.794,16.667,12.178,-4.079,-3.973,5.694,99.38,135.23,1,-35,-25,1,TRUE,TRUE,528.9,257.1,528.2,256.2,598.6,330.2,FALSE,-4.241,-4.088,5.89,5.694,6.811,6.811,filtered-optical,-35.944,-22.357,63,3.32
2.048,128,TRACKING,12.494,8.057,14.001,10.521,16.107,11.778,-3.373,-3.892,5.15,89.88,122.05,1,-35,-25,1,TRUE,TRUE,546,259.2,545.7,258.5,595.3,326.5,FALSE,-3.613,-3.721,5.187,5.15,6.409,6.409,filtered-optical,-37.769,-27.089,63,8.52
2.064,129,TRACKING,12.561,8.022,13.844,9.931,15.547,11.378,-3.275,-3.471,4.772,83.28,113.17,1,-35,-25,1,TRUE,TRUE,548.4,269.3,549,269.9,592.3,323.4,FALSE,-2.986,-3.356,4.492,4.772,6.012,6.012,filtered-optical,-37.858,-27.207,63,7.84
2.08,130,TRACKING,12.627,7.985,12.99,9.001,14.987,10.978,-2.443,-2.675,3.622,63.22,85.83,1,-35,-25,1,TRUE,TRUE,568.4,288.2,568.2,288.2,590.2,321.1,FALSE,-2.36,-2.993,3.811,3.622,5.433,5.433,filtered-optical,-37.903,-27.279,63,8.71
2.096,131,TRACKING,12.693,7.947,11.981,8.963,14.427,10.578,-1.409,-2.77,3.108,54.24,73.24,1,-35,-25,1,TRUE,TRUE,593.2,286,594.2,287.6,589.2,318.9,FALSE,-1.734,-2.631,3.151,3.108,4.869,4.869,filtered-optical,-37.893,-27.347,63,2.82
2.112,132,TRACKING,12.758,7.907,11.819,8.477,13.867,10.178,-1.2,-2.412,2.694,47.01,63.47,1,-35,-25,1,TRUE,TRUE,598.1,294.4,606.2,289.8,588.7,316.8,FALSE,-1.109,-2.271,2.528,2.694,4.342,4.342,filtered-optical,-37.857,-27.405,63,3.08
2.128,133,TRACKING,12.822,7.865,11.422,7.798,13.307,9.778,-0.751,-1.827,1.976,34.48,46.49,0.994,-35,-25,1,TRUE,TRUE,608.7,307.9,608.6,308.5,588.4,315.6,FALSE,-0.485,-1.913,1.973,1.976,3.768,3.768,filtered-optical,-37.816,-27.421,63,7.75
2.144,134,TRACKING,12.886,7.822,10.404,7.228,12.747,9.378,0.363,-1.331,1.38,24.08,32.41,0.978,-35,-25,1,TRUE,TRUE,635.2,319.4,634.6,319.4,589.2,314.8,FALSE,0.139,-1.556,1.562,1.38,3.189,3.189,filtered-optical,-37.725,-27.411,63,7.35
2.16,135,TRACKING,12.949,7.777,9.985,7.336,12.187,8.978,0.9,-1.523,1.769,30.87,41.72,0.961,-35,-25,1,TRUE,TRUE,647.9,314.7,647.7,314.3,590.6,313.9,FALSE,0.762,-1.201,1.422,1.769,2.845,2.845,filtered-optical,-37.611,-27.41,63,9.29
2.176,136,TRACKING,13.011,7.73,9.909,6.546,11.627,8.578,1.103,-0.789,1.356,23.66,32.25,0.947,-35,-25,1,TRUE,TRUE,652.6,331.7,653.4,330.3,592.1,313.7,FALSE,1.384,-0.848,1.623,1.356,2.484,2.484,filtered-optical,-37.488,-27.375,63,3.44
2.192,137,TRACKING,13.073,7.682,9.157,6.057,11.067,8.178,2.016,-0.334,2.044,35.67,48.95,0.939,-35,-25,1,TRUE,TRUE,674.5,342.4,674.9,343.3,594.5,314,FALSE,2.006,-0.496,2.066,2.044,2.377,2.377,filtered-optical,-37.328,-27.313,63,2.31
2.208,138,TRACKING,13.134,7.632,8.483,5.842,10.507,7.778,2.884,-0.149,2.887,50.4,69.22,0.94,-35,-25,1,TRUE,TRUE,695.3,346.8,695.3,346.2,597.7,314.5,FALSE,2.627,-0.146,2.631,2.887,2.501,2.501,filtered-optical,-37.134,-27.245,63,8.68
2.224,139,TRACKING,13.194,7.581,8.454,5.75,9.947,7.378,3.113,-0.085,3.114,54.35,74.67,0.951,-35,-25,1,TRUE,TRUE,700.9,348.5,701.5,349,601,315.1,FALSE,3.247,0.203,3.253,3.114,2.65,2.65,filtered-optical,-36.935,-27.174,63,11.61
2.24,140,TRACKING,13.254,7.528,8.092,4.858,9.387,6.978,3.694,0.814,3.782,66.02,90.64,0.97,-35,-25,1,TRUE,TRUE,714.9,369.8,714.4,369.4,604.8,316.4,FALSE,3.867,0.55,3.906,3.782,2.924,2.924,filtered-optical,-36.719,-27.062,63,8.69
2.256,141,TRACKING,13.312,7.474,7.268,4.739,8.827,6.578,4.688,0.941,4.781,83.45,114.69,0.995,-35,-25,1,TRUE,TRUE,739,372.9,688,372.5,607.5,317.9,FALSE,4.485,0.896,4.574,4.781,3.374,3.374,filtered-optical,-36.56,-26.947,63,3.46
2.272,142,TRACKING,13.371,7.418,7.06,4.629,8.267,6.178,5.169,1.064,5.278,92.12,126.65,1,-35,-25,1,TRUE,TRUE,750.8,376,751.8,375.7,612.7,319.5,FALSE,5.104,1.24,5.252,5.278,3.836,3.836,filtered-optical,-36.287,-26.83,63,3.27
2.288,143,TRACKING,13.428,7.36,7.011,4.201,7.716,5.778,5.5,1.519,5.706,99.59,136.88,1,-34.436,-25,1,TRUE,TRUE,759.1,386.7,759.2,386.3,618,321.5,FALSE,5.712,1.582,5.927,5.706,4.289,4.289,filtered-optical,-36.01,-26.694,63,8.3
2.304,144,TRACKING,13.485,7.301,6.506,3.554,7.199,5.378,6.316,2.219,6.694,116.84,160.58,1,-32.308,-25,1,TRUE,TRUE,779.8,403,780.5,402.5,624.1,324.1,FALSE,6.286,1.923,6.574,6.694,4.872,4.872,filtered-optical,-35.139,-26.531,63,7.96
2.32,145,TRACKING,13.541,7.241,6.176,3.709,6.741,4.978,6.979,2.108,7.29,127.24,175.14,1,-28.613,-25,1,TRUE,TRUE,797.3,400.2,797.6,400.2,630.8,326.6,FALSE,6.8,2.263,7.166,7.29,5.459,5.459,filtered-optical,-32.686,-26.378,63,9.6
2.336,146,TRACKING,13.597,7.179,6.355,3.427,6.365,4.578,7.134,2.444,7.541,131.62,181.11,1,-23.534,-25,1,TRUE,TRUE,803,407.9,802.6,407.7,637.4,329.3,FALSE,7.232,2.601,7.685,7.541,5.963,5.963,filtered-optical,-28.669,-26.215,63,3.25
2.352,147,TRACKING,13.651,7.115,6.398,2.833,6.09,4.178,7.434,3.115,8.06,140.67,193.42,1,-17.159,-25,1,TRUE,TRUE,812.7,423.4,811.3,423.4,644.3,332.6,FALSE,7.561,2.937,8.111,8.06,6.472,6.472,filtered-optical,-23.266,-26.027,63,3.6
2.368,148,TRACKING,13.705,7.05,6.289,2.649,5.939,3.778,7.902,3.382,8.596,150.02,206.39,1,-9.457,-25,1,TRUE,TRUE,827,429.6,826.4,430.1,651.6,336.1,FALSE,7.766,3.272,8.427,8.596,6.987,6.987,filtered-optical,-16.552,-25.833,63,9.62
2.384,149,TRACKING,13.759,6.984,6.648,2.755,5.93,3.378,7.902,3.354,8.584,149.82,206.12,1,-0.579,-25,1,TRUE,TRUE,830.3,428.9,830.6,429.4,659,339.5,FALSE,7.829,3.606,8.619,8.584,7.374,7.374,filtered-optical,-8.519,-25.647,63,8.04
2.4,150,TRACKING,13.811,6.916,7.314,2.259,6.077,2.988,7.578,3.944,8.543,149.11,204.75,0.994,9.216,-24.408,1,TRUE,TRUE,826.1,443.1,825.7,442.4,665.9,343.3,FALSE,7.734,3.928,8.674,8.543,7.657,7.657,filtered-optical,0.667,-25.444,63,9.72
2.416,151,TRACKING,13.863,6.846,7.78,1.843,6.394,2.623,7.449,4.476,8.69,151.67,208,0.979,19.817,-22.771,1,TRUE,TRUE,826.9,456.4,827,457.1,672.7,347.6,FALSE,7.469,4.223,8.58,8.69,7.908,7.908,filtered-optical,10.758,-24.627,63,3.51
2.432,152,TRACKING,13.914,6.776,8.365,2.102,6.891,2.298,7.188,4.319,8.386,146.36,200.64,0.97,31.061,-20.317,1,TRUE,TRUE,824.8,453.9,823.6,452.8,679.3,351.7,FALSE,7.023,4.477,8.329,8.386,8.024,8.024,filtered-optical,21.637,-22.783,63,4.17
2.448,153,TRACKING,13.965,6.703,9.371,1.993,7.451,2.026,6.475,4.539,7.907,138.01,188.78,0.968,35,-17.028,1,TRUE,TRUE,809,460.5,808.8,461,685.1,356,FALSE,6.513,4.678,8.019,7.907,7.995,7.995,filtered-optical,33.117,-20.114,63,10.73
2.464,154,TRACKING,14.014,6.63,10.265,1.674,8.011,1.82,5.841,4.981,7.677,133.98,182.83,0.972,35,-12.844,1,TRUE,TRUE,793.6,472.6,793.3,472.5,690.1,360.6,FALSE,6.003,4.81,7.692,7.677,7.918,7.918,filtered-optical,37.253,-16.598,63,15.02
2.48,155,TRACKING,14.063,6.555,10.753,1.792,8.571,1.694,5.598,4.985,7.495,130.82,178.4,0.978,35,-7.875,1,TRUE,TRUE,787.8,474.6,787.1,474,694.8,365.2,FALSE,5.492,4.861,7.334,7.495,7.816,7.816,filtered-optical,37.429,-12.192,63,10.04
2.496,156,TRACKING,14.111,6.478,11.459,2.355,9.131,1.655,5.114,4.514,6.821,119.06,162.29,0.984,35,-2.456,1,TRUE,TRUE,776.2,465.5,777.6,460,699,369.2,FALSE,4.98,4.824,6.933,6.821,7.575,7.575,filtered-optical,37.579,-7.039,63,4.25
2.512,157,TRACKING,14.159,6.401,12.56,2.173,9.691,1.712,4.293,4.802,6.441,112.42,152.82,0.988,35,3.557,1,TRUE,TRUE,756.5,474.4,816,472,704.6,373.5,FALSE,4.468,4.689,6.477,6.441,7.3,7.3,filtered-optical,37.79,-1.421,63,3.29
2.528,158,TRACKING,14.206,6.322,13.127,2.473,10.251,1.873,3.886,4.603,6.024,105.15,142.81,0.988,35,10.081,1,TRUE,TRUE,746.9,471.9,746.2,471.9,707.3,377.7,FALSE,3.955,4.449,5.952,6.024,6.991,6.991,filtered-optical,37.864,4.783,63,8.46
2.544,159,TRACKING,14.252,6.241,13.496,3.131,10.811,2.143,3.667,4.022,5.443,94.99,129.08,0.984,35,16.882,1,TRUE,TRUE,741.7,460.6,742.2,461.2,709.8,381.4,FALSE,3.441,4.098,5.351,5.443,6.615,6.615,filtered-optical,37.925,11.468,63,9.97
2.56,160,TRACKING,14.297,6.16,14.385,3.805,11.371,2.523,2.891,3.4,4.463,77.9,105.72,0.979,35,23.737,1,TRUE,TRUE,723.2,448.4,722.6,448.3,711.4,384.5,FALSE,2.926,3.637,4.668,4.463,6.094,6.094,filtered-optical,37.946,18.396,63,10.84
2.576,161,TRACKING,14.342,6.077,15.181,3.788,11.931,2.923,2.18,3.466,4.095,71.47,96.7,0.974,35,25,1,TRUE,TRUE,706.1,450.4,705.8,450.2,712.4,387.6,FALSE,2.411,3.154,3.97,4.095,5.609,5.609,filtered-optical,37.933,25.378,63,3.52
2.592,162,TRACKING,14.386,5.993,15.386,4.637,12.491,3.323,2.05,2.63,3.335,58.2,78.89,0.972,35,25,1,TRUE,TRUE,702.9,430.8,702,431,713.1,389.9,FALSE,1.894,2.67,3.274,3.335,5.058,5.058,filtered-optical,37.913,26.723,63,3.24
2.608,163,TRACKING,14.429,5.908,15.942,5.231,13.051,3.723,1.548,2.022,2.547,44.45,60.22,0.976,35,25,1,TRUE,TRUE,690.8,416.7,690.4,416.5,713.4,391.6,FALSE,1.377,2.185,2.583,2.547,4.449,4.449,filtered-optical,37.869,26.773,63,9.96
2.624,164,TRACKING,14.471,5.821,16.902,5.541,13.611,4.123,0.603,1.682,1.786,31.18,42.01,0.987,35,25,1,TRUE,TRUE,668,408.9,667.2,408.9,712.7,392.9,FALSE,0.86,1.698,1.903,1.786,3.804,3.804,filtered-optical,37.784,26.805,63,7.96
2.64,165,TRACKING,14.513,5.733,17.214,5.673,14.171,4.523,0.295,1.512,1.54,26.88,36.15,1,35,25,1,TRUE,TRUE,660.5,405.1,660.9,405.7,711.8,394,FALSE,0.341,1.21,1.257,1.54,3.255,3.255,filtered-optical,37.688,26.828,63,10.78
2.656,166,TRACKING,14.553,5.644,17.383,6.636,14.731,4.923,0.121,0.466,0.481,8.4,11.3,1,35,25,1,TRUE,TRUE,656.1,380.7,656,380.4,710.7,394.2,FALSE,-0.178,0.721,0.743,0.481,2.582,2.582,filtered-optical,37.586,26.801,63,3.53
2.672,167,TRACKING,14.593,5.554,18.272,6.83,15.291,5.323,-0.809,0.175,0.827,14.44,19.8,1,35,25,1,TRUE,TRUE,633.7,373.9,634.5,372.9,708.8,394,FALSE,-0.698,0.231,0.735,0.827,2.157,2.157,filtered-optical,37.446,26.758,63,3.86
2.688,168,TRACKING,14.633,5.463,18.869,6.995,15.851,5.723,-1.472,-0.097,1.476,25.75,35.35,1,35,25,1,TRUE,TRUE,617.7,367.4,617.5,367.5,706.3,393.7,FALSE,-1.218,-0.26,1.246,1.476,1.992,1.992,filtered-optical,37.28,26.706,63,7.68
2.704,169,TRACKING,14.671,5.37,18.817,7.429,16.411,6.123,-1.487,-0.663,1.628,28.42,38.87,1,35,25,1,TRUE,TRUE,617.4,354,617.2,353.6,703.7,392.8,FALSE,-1.74,-0.753,1.896,1.628,1.904,1.904,filtered-optical,37.118,26.628,63,9.25
2.72,170,TRACKING,14.709,5.277,19.375,8.156,16.971,6.523,-2.136,-1.554,2.641,46.1,62.84,1,35,25,1,TRUE,TRUE,601.9,332.8,601.6,333.6,700.6,391.1,FALSE,-2.262,-1.246,2.583,2.641,2.082,2.082,filtered-optical,36.933,26.513,63,9.91
2.736,171,TRACKING,14.746,5.182,20.227,8.026,17.531,6.923,-3.114,-1.594,3.498,61.05,83.49,1,35,25,1,TRUE,TRUE,578.5,331.7,579.3,330.8,696.7,389.3,FALSE,-2.785,-1.741,3.284,3.498,2.426,2.426,filtered-optical,36.713,26.396,63,3.4
2.752,172,TRACKING,14.782,5.086,20.242,8.323,18.091,7.323,-3.26,-2.079,3.867,67.49,92.15,1,35,25,1,TRUE,TRUE,575.1,320.2,573.7,319.6,692.7,387.2,FALSE,-3.309,-2.237,3.994,3.867,2.775,2.775,filtered-optical,36.49,26.261,63,3.28
2.768,173,TRACKING,14.818,4.989,20.369,8.916,18.651,7.723,-3.526,-2.888,4.558,79.55,108.38,1,35,25,1,TRUE,TRUE,568.9,301.2,568.7,301.7,688.5,384.3,FALSE,-3.833,-2.734,4.708,4.558,3.207,3.207,filtered-optical,36.266,26.097,63,6.99
2.784,174,TRACKING,14.853,4.892,21.241,9.163,19.211,8.123,-4.573,-3.37,5.681,99.15,135.33,0.983,35,25,1,TRUE,TRUE,543.9,290,543.9,289.8,683.5,381.1,FALSE,-4.359,-3.231,5.426,5.681,3.807,3.807,filtered-optical,36.006,25.915,63,8.43
2.8,175,TRACKING,14.887,4.793,21.552,9.026,19.771,8.523,-5.077,-3.47,6.15,107.34,146.65,0.959,35,25,1,TRUE,TRUE,531.9,287.8,531.3,287.6,678.1,377.9,FALSE,-4.885,-3.73,6.146,6.15,4.375,4.375,filtered-optical,35.731,25.735,63,8.83
2.816,176,TRACKING,14.92,4.693,21.38,9.523,20.331,8.915,-5.094,-4.232,6.622,115.58,157.64,0.943,35,24.532,1,TRUE,TRUE,531.6,269.9,531.3,269.9,672.7,374,FALSE,-5.411,-4.223,6.864,6.622,4.92,4.92,filtered-optical,35.467,25.527,63,3.31
2.832,177,TRACKING,14.952,4.592,21.983,9.938,20.886,9.282,-5.913,-4.936,7.702,134.43,183.49,0.936,34.697,22.905,1,TRUE,TRUE,511.7,252.9,512.6,253.5,666.8,369.6,FALSE,-5.934,-4.69,7.564,7.702,5.594,5.594,filtered-optical,35.18,24.828,63,2.65
2.848,178,TRACKING,14.984,4.49,22.574,9.695,21.411,9.606,-6.751,-4.985,8.392,146.46,200.31,0.939,32.815,20.26,1,TRUE,TRUE,490.6,250.9,490.2,250.4,660.1,365.2,FALSE,-6.428,-5.116,8.215,8.392,6.272,6.272,filtered-optical,34.56,22.973,63,8.27
2.864,179,TRACKING,15.015,4.388,22.3,9.726,21.885,9.87,-6.72,-5.319,8.57,149.58,204.44,0.95,29.581,16.485,1,TRUE,TRUE,490,241.6,489.7,241.2,653.5,360.4,FALSE,-6.87,-5.482,8.789,8.57,6.829,6.829,filtered-optical,32.373,20.091,63,13.22
2.88,180,TRACKING,15.045,4.284,22.334,10.026,22.285,10.058,-7.006,-5.946,9.189,160.38,219.16,0.967,25.05,11.765,1,TRUE,TRUE,481.2,224.8,480.9,224.6,646.8,355.2,FALSE,-7.241,-5.774,9.261,9.189,7.402,7.402,filtered-optical,28.831,16.057,63,13.63
2.896,181,TRACKING,15.074,4.18,22.831,9.852,22.591,10.154,-7.784,-6.107,9.894,172.68,236.35,0.985,19.089,6.018,1,TRUE,TRUE,459.8,218.6,459.9,218.3,639.3,349.8,FALSE,-7.517,-5.975,9.602,9.894,8.006,8.006,filtered-optical,23.967,11.076,63,3.91
2.912,182,TRACKING,15.103,4.074,22.521,9.185,22.779,10.145,-7.763,-5.772,9.674,168.84,231.2,1,11.782,-0.607,1,TRUE,TRUE,457.3,223.9,451.2,217.3,631.7,344.5,FALSE,-7.677,-6.07,9.787,9.674,8.41,8.41,filtered-optical,17.67,5.078,63,3.48
2.928,183,TRACKING,15.13,3.968,21.9,9.213,22.835,10.016,-7.407,-6.134,9.617,167.85,229.53,1,3.505,-8.045,1,TRUE,TRUE,462.6,212.2,462.8,212.9,624.7,339.1,FALSE,-7.705,-6.048,9.795,9.617,8.703,8.703,filtered-optical,10.063,-1.797,63,8.98
2.944,184,TRACKING,15.157,3.861,21.875,8.808,22.743,9.757,-7.655,-6.065,9.766,170.45,233.25,1,-5.76,-16.212,1,TRUE,TRUE,452.9,210.7,453.5,210.4,617.5,333.8,FALSE,-7.586,-5.896,9.608,9.766,8.961,8.961,filtered-optical,1.483,-9.479,63,8.56
2.96,185,TRACKING,15.183,3.753,21.498,7.969,22.489,9.359,-7.55,-5.539,9.364,163.44,223.77,1,-15.917,-24.844,1,TRUE,TRUE,451.5,219.9,450.9,220.6,610.4,329,FALSE,-7.305,-5.606,9.208,9.364,9.058,9.058,filtered-optical,-8.077,-17.859,63,11.28
2.976,186,TRACKING,15.209,3.645,20.38,7.201,22.063,8.959,-6.669,-5.068,8.377,146.2,199.88,1,-26.577,-25,1,TRUE,TRUE,468.8,231.1,469,229.4,604.1,324.6,FALSE,-6.855,-5.314,8.673,8.377,8.893,8.893,filtered-optical,-18.484,-26.678,63,5.33
2.992,187,TRACKING,15.233,3.535,19.625,7.159,21.503,8.559,-6.133,-5.324,8.121,141.74,193.45,1,-35,-25,1,TRUE,TRUE,478.7,225.2,477.8,225.5,598.3,320.1,FALSE,-6.27,-5.024,8.034,8.121,8.706,8.706,filtered-optical,-29.367,-27.021,63,4.3
3.008,188,TRACKING,15.257,3.425,19.212,6.278,20.943,8.159,-5.921,-4.715,7.569,132.11,180.4,1,-35,-25,1,TRUE,TRUE,484,239.9,484.7,240,592.9,316.3,FALSE,-5.686,-4.734,7.399,7.569,8.43,8.43,filtered-optical,-37.988,-27.171,63,8.43
3.024,189,TRACKING,15.28,3.314,18.243,5.592,20.383,7.759,-5.12,-4.281,6.674,116.48,158.86,1,-35,-25,1,TRUE,TRUE,503.6,250.3,503.7,250,588.3,313,FALSE,-5.103,-4.445,6.767,6.674,8.005,8.005,filtered-optical,-38.144,-27.294,63,7.55
3.04,190,TRACKING,15.303,3.203,17.29,5.19,19.823,7.359,-4.3,-4.121,5.956,103.95,141.49,1,-35,-25,1,TRUE,TRUE,523.6,254.2,523,254.4,584.6,309.9,FALSE,-4.521,-4.156,6.141,5.956,7.508,7.508,filtered-optical,-38.258,-27.403,63,8.29
3.056,191,TRACKING,15.324,3.091,16.896,5.007,19.263,6.959,-4.022,-4.181,5.801,101.25,137.68,1,-35,-25,1,TRUE,TRUE,530.4,252.8,531.4,252.7,581.3,306.9,FALSE,-3.939,-3.868,5.521,5.801,7.094,7.094,filtered-optical,-38.349,-27.51,63,4.1
3.072,192,TRACKING,15.345,2.978,16.306,3.957,18.703,6.559,-3.524,-3.337,4.853,84.7,115.23,1,-35,-25,1,TRUE,TRUE,542.4,272.5,544.9,273.8,578.6,304.7,FALSE,-3.359,-3.581,4.91,4.853,6.551,6.551,filtered-optical,-38.411,-27.57,63,2.88
3.088,193,TRACKING,15.364,2.864,15.359,3.645,18.143,6.159,-2.637,-3.228,4.168,72.75,98.68,1,-35,-25,1,TRUE,TRUE,563.7,274.9,563.1,274.5,576.6,302.6,FALSE,-2.779,-3.295,4.31,4.168,5.973,5.973,filtered-optical,-38.436,-27.625,63,6.87
3.104,194,TRACKING,15.383,2.75,14.79,3.38,17.583,5.759,-2.106,-3.159,3.797,66.26,89.7,1,-35,-25,1,TRUE,TRUE,576.4,276.3,576.4,276.8,575.3,300.6,FALSE,-2.2,-3.009,3.727,3.797,5.446,5.446,filtered-optical,-38.434,-27.672,63,7.71
3.12,195,TRACKING,15.402,2.636,14.446,2.875,17.023,5.359,-1.786,-2.839,3.354,58.54,79.19,1,-35,-25,1,TRUE,TRUE,584,283.7,583.9,283,574.3,299,FALSE,-1.622,-2.723,3.169,3.354,4.939,4.939,filtered-optical,-38.417,-27.704,63,7.51
3.136,196,TRACKING,15.419,2.521,13.733,2,16.463,4.959,-1.072,-2.12,2.376,41.47,55.98,1,-35,-25,1,TRUE,TRUE,601,300.5,600.2,299.7,573.9,298,FALSE,-1.044,-2.438,2.652,2.376,4.317,4.317,filtered-optical,-38.368,-27.7,63,4.03
3.152,197,TRACKING,15.436,2.405,12.998,2.01,15.903,4.559,-0.303,-2.293,2.313,40.36,54.28,1,-35,-25,1,TRUE,TRUE,619.2,296.4,619.5,295.7,574.3,296.9,FALSE,-0.468,-2.154,2.204,2.313,3.831,3.831,filtered-optical,-38.285,-27.703,63,2.81
3.168,198,TRACKING,15.452,2.289,12.664,1.597,15.343,4.159,0.079,-2.029,2.03,35.43,47.63,0.979,-35,-25,1,TRUE,TRUE,628.2,302.7,628.7,302.9,575.1,296.2,FALSE,0.108,-1.87,1.873,2.03,3.395,3.395,filtered-optical,-38.185,-27.689,63,7.64
3.184,199,TRACKING,15.467,2.172,12.276,0.899,14.783,3.759,0.53,-1.455,1.549,27.03,36.42,0.956,-35,-25,1,TRUE,TRUE,638.9,316.4,639.1,317.2,576.2,296,FALSE,0.683,-1.587,1.728,1.549,2.947,2.947,filtered-optical,-38.069,-27.647,63,10.75
3.2,200,TRACKING,15.481,2.055,11.559,0.469,14.223,3.359,1.34,-1.137,1.757,30.67,41.74,0.939,-35,-25,1,TRUE,TRUE,658.3,324.1,657.9,324.9,578.1,296.1,FALSE,1.258,-1.304,1.811,1.757,2.659,2.659,filtered-optical,-37.921,-27.59,63,11.63
3.216,201,TRACKING,15.494,1.938,11.054,0.501,13.663,2.959,1.961,-1.288,2.346,40.95,55.87,0.93,-35,-25,1,TRUE,TRUE,673.2,320.7,673.5,321.2,580.6,296.1,FALSE,1.831,-1.021,2.097,2.346,2.583,2.583,filtered-optical,-37.748,-27.541,63,3.66
3.232,202,TRACKING,15.507,1.82,10.873,-0.147,13.103,2.559,2.268,-0.737,2.385,41.62,57.03,0.931,-35,-25,1,TRUE,TRUE,680.6,333.7,680.6,333.6,583.3,296.6,FALSE,2.404,-0.739,2.515,2.385,2.535,2.535,filtered-optical,-37.567,-27.467,63,2.86
3.248,203,TRACKING,15.519,1.702,10.4,-0.743,12.543,2.159,2.888,-0.219,2.896,50.55,69.42,0.942,-35,-25,1,TRUE,TRUE,695.6,345.9,695.7,345.6,586.5,297.5,FALSE,2.976,-0.457,3.01,2.896,2.622,2.622,filtered-optical,-37.363,-27.371,63,8.43
3.264,204,TRACKING,15.53,1.583,9.731,-0.764,11.983,1.759,3.732,-0.278,3.742,65.32,89.76,0.962,-35,-25,1,TRUE,TRUE,716,344.4,715.3,344.2,590.5,298.4,FALSE,3.547,-0.176,3.551,3.742,2.894,2.894,filtered-optical,-37.129,-27.28,63,11.69
3.28,205,TRACKING,15.54,1.464,9.52,-1.033,11.423,1.359,4.133,-0.082,4.134,72.15,99.19,0.987,-35,-25,1,TRUE,TRUE,725.8,348.8,726.2,349.3,594.8,299.5,FALSE,4.117,0.105,4.118,4.134,3.194,3.194,filtered-optical,-36.883,-27.18,63,12.68
3.296,206,TRACKING,15.55,1.345,9.378,-1.725,10.863,0.959,4.474,0.558,4.508,78.68,108.18,1,-35,-25,1,TRUE,TRUE,734.2,363.6,733.7,362.2,599.3,301.1,FALSE,4.686,0.386,4.702,4.508,3.513,3.513,filtered-optical,-36.63,-27.058,63,4.83
3.312,207,TRACKING,15.558,1.225,8.74,-2.015,10.303,0.559,5.337,0.805,5.398,94.2,129.6,1,-35,-25,1,TRUE,TRUE,755.1,369.2,753.9,368.5,604.5,302.9,FALSE,5.255,0.666,5.297,5.398,3.97,3.97,filtered-optical,-36.349,-26.926,63,3.51
3.328,208,TRACKING,15.566,1.106,8.309,-1.919,9.743,0.159,6.017,0.661,6.053,105.65,145.5,1,-35,-25,1,TRUE,TRUE,771.5,365.7,770.9,366.1,610.3,304.5,FALSE,5.823,0.946,5.899,6.053,4.475,4.475,filtered-optical,-36.046,-26.802,63,7.15
3.344,209,TRACKING,15.573,0.986,8.398,-2.568,9.204,-0.241,6.181,1.285,6.313,110.18,151.66,1,-33.685,-25,1,TRUE,TRUE,776,380.4,776,381,616.2,306.8,FALSE,6.369,1.226,6.486,6.313,4.921,4.921,filtered-optical,-35.745,-26.652,63,9.68
3.36,210,TRACKING,15.579,0.865,8.098,-2.984,8.709,-0.641,6.752,1.689,6.961,121.49,167.27,1,-30.939,-25,1,TRUE,TRUE,790.8,390,791,390.3,622.5,309.3,FALSE,6.87,1.506,7.033,6.961,5.415,5.415,filtered-optical,-34.111,-26.489,63,8.22
3.376,211,TRACKING,15.585,0.745,7.584,-3.034,8.283,-1.041,7.566,1.728,7.761,135.45,186.75,1,-26.646,-25,1,TRUE,TRUE,812.1,391.1,812.5,390.7,629.6,311.9,FALSE,7.302,1.786,7.517,7.761,5.984,5.984,filtered-optical,-31.019,-26.33,63,4.03
3.392,212,TRACKING,15.589,0.624,7.818,-3.126,7.947,-1.441,7.63,1.812,7.842,136.88,188.71,1,-20.995,-25,1,TRUE,TRUE,815.7,393.3,815.3,394.5,636.6,314.5,FALSE,7.642,2.065,7.916,7.842,6.434,6.434,filtered-optical,-26.387,-26.168,63,2.92
3.408,213,TRACKING,15.593,0.504,8.148,-3.923,7.721,-1.841,7.595,2.63,8.037,140.28,193.13,1,-14.152,-25,1,TRUE,TRUE,817.3,412.7,817.2,413.2,643.6,317.9,FALSE,7.872,2.345,8.214,8.037,6.823,6.823,filtered-optical,-20.407,-25.976,63,6.48
3.424,214,TRACKING,15.596,0.383,7.924,-3.901,7.624,-2.241,8.132,2.627,8.546,149.15,205.58,1,-6.037,-25,1,TRUE,TRUE,833.5,412.7,833.2,413.2,651,321.1,FALSE,7.972,2.624,8.392,8.546,7.241,7.241,filtered-optical,-13.218,-25.789,63,8.68
3.44,215,TRACKING,15.598,0.262,8.241,-3.993,7.676,-2.641,8.13,2.738,8.579,149.73,206.33,0.996,3.227,-25,1,TRUE,TRUE,836.9,415.2,837.5,415.4,658.5,324.4,FALSE,7.922,2.903,8.437,8.579,7.565,7.565,filtered-optical,-4.764,-25.605,63,12.5
3.456,216,TRACKING,15.599,0.141,9.226,-4.352,7.888,-3.041,7.431,3.13,8.063,140.72,193.49,0.993,13.286,-25,1,TRUE,TRUE,823.8,424.3,824.6,425,665.3,328,FALSE,7.711,3.182,8.342,8.063,7.686,7.686,filtered-optical,4.803,-25.409,63,3.54
3.472,217,TRACKING,15.6,0.02,9.675,-4.949,8.273,-3.441,7.262,3.781,8.187,142.89,196.13,0.994,24.052,-25,1,TRUE,TRUE,823.9,439.4,824.8,439.5,672,332.1,FALSE,7.327,3.461,8.103,8.187,7.807,7.807,filtered-optical,15.152,-25.191,63,2.88
3.488,218,TRACKING,15.6,-0.101,10.117,-4.638,8.833,-3.841,7.092,3.509,7.913,138.11,189.6,0.997,35,-25,1,TRUE,TRUE,824.1,432.8,824.2,432.7,678.6,335.9,FALSE,6.767,3.74,7.731,7.913,7.833,7.833,filtered-optical,26.194,-24.995,63,8.26
3.504,219,TRACKING,15.599,-0.222,11.34,-5.007,9.393,-4.231,6.096,3.93,7.253,126.6,173.23,0.999,35,-24.36,1,TRUE,TRUE,800,442.8,799.9,442.3,684,339.9,FALSE,6.205,4.009,7.388,7.253,7.692,7.692,filtered-optical,37.362,-24.788,63,8.16
3.52,220,TRACKING,15.597,-0.343,12.261,-5.398,9.953,-4.594,5.369,4.39,6.936,121.05,165.16,0.998,35,-22.731,1,TRUE,TRUE,782.6,454.1,782.9,454.5,688.7,344.4,FALSE,5.644,4.252,7.066,6.936,7.509,7.509,filtered-optical,37.541,-23.926,63,10.94
3.536,221,TRACKING,15.594,-0.464,12.479,-5.527,10.513,-4.917,5.34,4.593,7.044,122.94,167.66,0.992,35,-20.162,1,TRUE,TRUE,782,459.9,782.6,459.9,693.3,349,FALSE,5.081,4.453,6.756,7.044,7.396,7.396,filtered-optical,37.71,-22.072,63,3.34
3.552,222,TRACKING,15.591,-0.584,13.32,-5.15,11.073,-5.187,4.654,4.277,6.321,110.33,150.27,0.983,35,-16.867,1,TRUE,TRUE,765.6,453.9,765.1,454.4,697.1,353.2,FALSE,4.517,4.603,6.449,6.321,7.136,7.136,filtered-optical,37.839,-19.299,63,3.48
3.568,223,TRACKING,15.586,-0.705,14.467,-5.605,11.633,-5.39,3.619,4.814,6.022,105.11,142.61,0.971,35,-12.704,1,TRUE,TRUE,740.7,468.3,741.3,468.9,699.9,358,FALSE,3.953,4.685,6.13,6.022,6.866,6.866,filtered-optical,37.917,-15.779,63,10.96
3.584,224,TRACKING,15.581,-0.825,14.757,-5.558,12.193,-5.514,3.431,4.848,5.939,103.66,140.55,0.959,35,-7.756,1,TRUE,TRUE,736.2,471.2,736.2,471.5,702.5,362.7,FALSE,3.388,4.689,5.785,5.939,6.641,6.641,filtered-optical,37.981,-11.397,63,11.11
3.6,225,TRACKING,15.575,-0.946,15.142,-5.14,12.753,-5.55,3.13,4.496,5.478,95.61,129.59,0.951,35,-2.23,1,TRUE,TRUE,728.9,465.2,728.9,465,704.7,367.1,FALSE,2.822,4.604,5.4,5.478,6.359,6.359,filtered-optical,38.027,-6.251,63,11.39
3.616,226,TRACKING,15.568,-1.066,16.262,-4.818,13.313,-5.49,2.05,4.232,4.702,82.07,110.88,0.95,35,3.752,1,TRUE,TRUE,702.8,461.2,702.2,461.2,705.8,371.2,FALSE,2.255,4.424,4.966,4.702,5.957,5.957,filtered-optical,38.02,-0.543,63,4.52
3.632,227,TRACKING,15.561,-1.186,16.83,-4.934,13.873,-5.326,1.496,4.411,4.658,81.3,109.67,0.957,35,10.247,1,TRUE,TRUE,689.4,467.9,688.6,467.8,706.3,375.6,FALSE,1.688,4.14,4.471,4.658,5.642,5.642,filtered-optical,37.987,5.625,63,2.94
3.648,228,TRACKING,15.553,-1.305,16.917,-4.237,14.433,-5.054,1.42,3.754,4.014,70.05,94.5,0.973,35,16.994,1,TRUE,TRUE,687.4,454.8,687.6,455.1,706.7,379.3,FALSE,1.119,3.749,3.912,4.014,5.248,5.248,filtered-optical,37.95,12.272,63,8.45
3.664,229,TRACKING,15.543,-1.425,17.733,-3.492,14.993,-4.674,0.579,3.021,3.075,53.68,72.24,0.994,35,23.748,1,TRUE,TRUE,667.1,439.9,666.4,439.8,706.4,382.3,FALSE,0.55,3.25,3.296,3.075,4.721,4.721,filtered-optical,37.875,19.136,63,7.67
3.68,230,TRACKING,15.533,-1.544,18.575,-3.275,15.553,-4.274,-0.322,2.803,2.822,49.25,66.24,1,35,25,1,TRUE,TRUE,645.4,435,645.7,434.6,705.2,385.1,FALSE,-0.02,2.73,2.731,2.822,4.261,4.261,filtered-optical,37.762,25.99,63,10.51
3.696,231,TRACKING,15.523,-1.662,18.649,-2.91,16.113,-3.874,-0.463,2.421,2.465,43.02,57.88,1,35,25,1,TRUE,TRUE,641.9,425.9,641.9,426.4,703.9,387.5,FALSE,-0.59,2.212,2.289,2.465,3.825,3.825,filtered-optical,37.645,27.32,63,2.97
3.712,232,TRACKING,15.511,-1.781,19.043,-2.063,16.673,-3.474,-0.941,1.522,1.789,31.23,42.22,1,35,25,1,TRUE,TRUE,630.5,404.7,630.6,405.2,702.1,389.1,FALSE,-1.162,1.693,2.054,1.789,3.332,3.332,filtered-optical,37.51,27.352,63,2.75
3.728,233,TRACKING,15.499,-1.899,19.943,-1.648,17.233,-3.074,-1.965,1.031,2.219,38.73,52.94,1,35,25,1,TRUE,TRUE,606,393.2,606.2,393,699.4,390.1,FALSE,-1.734,1.175,2.095,2.219,3.062,3.062,filtered-optical,37.333,27.358,63,7.78
3.744,234,TRACKING,15.486,-2.016,20.237,-1.623,17.793,-2.674,-2.4,0.928,2.573,44.91,61.5,1,35,25,1,TRUE,TRUE,595.7,390.9,594.9,391.1,696.3,391,FALSE,-2.308,0.658,2.4,2.573,2.944,2.944,filtered-optical,37.141,27.359,63,7.12
3.76,235,TRACKING,15.472,-2.134,20.313,-0.918,18.353,-2.274,-2.624,0.111,2.626,45.83,62.94,1,35,25,1,TRUE,TRUE,590.4,372,590.7,371.3,693.2,391.1,FALSE,-2.882,0.14,2.885,2.626,2.867,2.867,filtered-optical,36.947,27.318,63,10.86
3.776,236,TRACKING,15.457,-2.25,21.003,-0.371,18.913,-1.874,-3.494,-0.573,3.541,61.8,84.87,1,35,25,1,TRUE,TRUE,569.7,356.1,569,356.4,689.2,390.6,FALSE,-3.456,-0.376,3.477,3.541,3.03,3.03,filtered-optical,36.719,27.249,63,3.13
3.792,237,TRACKING,15.441,-2.367,21.553,-0.249,19.473,-1.474,-4.25,-0.843,4.333,75.63,103.9,1,35,25,1,TRUE,TRUE,551.7,350,552,349.5,684.6,389.9,FALSE,-4.032,-0.893,4.13,4.333,3.346,3.346,filtered-optical,36.467,27.168,63,3.59
3.808,238,TRACKING,15.425,-2.482,21.565,-0.1,20.033,-1.074,-4.475,-1.15,4.621,80.65,110.75,0.992,35,25,1,TRUE,TRUE,546.4,342.8,546,343.1,679.9,388.9,FALSE,-4.608,-1.408,4.819,4.621,3.655,3.655,filtered-optical,36.213,27.075,63,6.82
3.824,239,TRACKING,15.408,-2.598,21.905,0.745,20.593,-0.674,-5.046,-2.192,5.502,96.02,131.65,0.972,35,25,1,TRUE,TRUE,532.7,318.3,533.4,318.6,674.8,387,FALSE,-5.186,-1.924,5.531,5.502,4.103,4.103,filtered-optical,35.945,26.936,63,7.88
3.84,240,TRACKING,15.39,-2.712,22.538,0.81,21.153,-0.274,-5.943,-2.464,6.434,112.29,154.13,0.958,35,25,1,TRUE,TRUE,511.1,311.8,511.3,311.7,668.9,384.8,FALSE,-5.764,-2.438,6.258,6.434,4.668,4.668,filtered-optical,35.646,26.788,63,10
3.856,241,TRACKING,15.371,-2.827,22.699,0.913,21.701,0.126,-6.382,-2.787,6.964,121.54,166.86,0.953,34.212,25,1,TRUE,TRUE,500.1,304,499.6,303.1,662.7,382.4,FALSE,-6.33,-2.953,6.984,6.964,5.224,5.224,filtered-optical,35.337,26.628,63,3.04
3.872,242,TRACKING,15.351,-2.94,22.707,1.285,22.212,0.526,-6.678,-3.398,7.492,130.77,179.4,0.956,31.978,25,1,TRUE,TRUE,492,289.4,491.2,289.8,656.2,379.4,FALSE,-6.861,-3.466,7.687,7.492,5.774,5.774,filtered-optical,34.235,26.446,63,2.77
3.888,243,TRACKING,15.331,-3.053,23.072,1.921,22.664,0.926,-7.354,-4.304,8.521,148.73,203.97,0.964,28.237,25,1,TRUE,TRUE,473.9,267.9,473.6,268.4,649.3,375.7,FALSE,-7.333,-3.979,8.343,8.521,6.44,6.44,filtered-optical,31.668,26.229,63,7.89
3.904,244,TRACKING,15.31,-3.166,23.27,1.615,23.032,1.315,-7.884,-4.265,8.964,156.44,214.85,0.974,22.98,24.33,1,TRUE,TRUE,458.8,268.5,458.3,269.2,641.8,372.1,FALSE,-7.722,-4.481,8.928,8.964,7.052,7.052,filtered-optical,27.579,26.021,63,11.48
3.92,245,TRACKING,15.288,-3.277,22.985,1.925,23.294,1.677,-7.93,-4.863,9.302,162.35,222.74,0.985,16.386,22.594,1,TRUE,TRUE,455,253.9,455.1,254.3,634.4,368,FALSE,-8.006,-4.954,9.415,9.302,7.597,7.597,filtered-optical,21.982,25.121,63,12.17
3.936,246,TRACKING,15.265,-3.388,22.756,2.256,23.431,1.992,-8.036,-5.506,9.742,170.03,233.08,0.992,8.555,19.695,1,TRUE,TRUE,449.2,237.7,449.1,237,626.9,363.2,FALSE,-8.166,-5.38,9.779,9.742,8.117,8.117,filtered-optical,15.051,23.13,63,5.72
3.952,247,TRACKING,15.241,-3.499,22.675,2.328,23.423,2.242,-8.3,-5.903,10.185,177.77,243.7,0.995,-0.489,15.665,1,TRUE,TRUE,439.2,227,439,226.9,619.2,358.2,FALSE,-8.181,-5.741,9.995,10.185,8.619,8.619,filtered-optical,6.88,19.966,63,3.17
3.968,248,TRACKING,15.217,-3.608,22.163,1.805,23.254,2.414,-8.127,-5.693,9.923,173.18,237.39,0.995,-10.564,10.743,1,TRUE,TRUE,439.5,230.4,439.5,230.6,611.7,353.4,FALSE,-8.037,-6.023,10.043,9.923,8.935,8.935,filtered-optical,-2.49,15.688,63,8.95
3.984,249,TRACKING,15.192,-3.717,21.282,2.1,22.912,2.491,-7.564,-6.325,9.86,172.09,235.35,0.992,-21.388,4.8,1,TRUE,TRUE,449.1,213.3,449,213.7,604.7,348.1,FALSE,-7.72,-6.208,9.906,9.86,9.159,9.159,filtered-optical,-12.86,10.496,63,8.41
4,250,TRACKING,15.166,-3.825,20.597,1.877,22.387,2.458,-7.182,-6.442,9.648,168.4,230.06,0.99,-32.79,-2.091,1,TRUE,TRUE,454.1,207.9,454.5,208,598,342.7,FALSE,-7.221,-6.283,9.572,9.648,9.278,9.278,filtered-optical,-23.954,4.282,63,10.5
4.016,251,TRACKING,15.139,-3.933,19.998,1.257,21.827,2.302,-6.871,-6.15,9.222,160.95,219.8,0.99,-35,-9.717,1,TRUE,TRUE,460.9,211.9,460.9,212.3,591.8,337.5,FALSE,-6.688,-6.235,9.143,9.222,9.264,9.264,filtered-optical,-35.603,-2.861,63,3.38
4.032,252,TRACKING,15.112,-4.039,18.997,0.629,21.267,2.016,-6.122,-5.838,8.459,147.64,201.34,0.994,-35,-17.912,1,TRUE,TRUE,479.3,216,480.2,216.4,586.4,332.6,FALSE,-6.155,-6.055,8.634,8.459,9.069,9.069,filtered-optical,-38.013,-10.72,63,3.51
4.048,253,TRACKING,15.084,-4.145,18.089,0.501,20.707,1.616,-5.435,-6.034,8.121,141.74,192.93,1,-35,-25,1,TRUE,TRUE,496.1,208.5,496.2,208.5,581.8,327.4,FALSE,-5.623,-5.76,8.05,8.121,8.839,8.839,filtered-optical,-38.174,-19.154,63,7.04
4.064,254,TRACKING,15.055,-4.249,17.661,-0.351,20.147,1.216,-5.215,-5.478,7.563,132.01,179.7,1,-35,-25,1,TRUE,TRUE,501.6,221.4,501.9,222,577.5,323,FALSE,-5.092,-5.465,7.47,7.563,8.53,8.53,filtered-optical,-38.316,-26.444,63,8.95
4.08,255,TRACKING,15.025,-4.353,16.972,-1.151,19.587,0.816,-4.713,-4.95,6.835,119.29,162.31,1,-35,-25,1,TRUE,TRUE,513.8,233.8,513.4,233.5,573.7,319,FALSE,-4.562,-5.169,6.894,6.835,8.119,8.119,filtered-optical,-38.429,-26.616,63,7.68
4.096,256,TRACKING,14.994,-4.456,15.937,-1.451,19.027,0.416,-3.825,-4.915,6.228,108.7,147.54,1,-35,-25,1,TRUE,TRUE,535.2,234.6,535.6,235,570.9,315.2,FALSE,-4.033,-4.872,6.325,6.228,7.661,7.661,filtered-optical,-38.496,-26.776,63,3.09
4.112,257,TRACKING,14.963,-4.558,15.424,-1.817,18.467,0.016,-3.442,-4.805,5.911,103.16,139.9,1,-35,-25,1,TRUE,TRUE,544.3,237.3,544.7,237.9,568.5,311.6,FALSE,-3.504,-4.574,5.762,5.911,7.236,7.236,filtered-optical,-38.54,-26.924,63,4.82
4.128,258,TRACKING,14.931,-4.66,15.097,-2.741,17.907,-0.384,-3.236,-4.105,5.227,91.23,123.77,1,-35,-25,1,TRUE,TRUE,549.1,254,549.6,254.3,566.4,308.7,FALSE,-2.976,-4.275,5.209,5.227,6.749,6.749,filtered-optical,-38.572,-27.033,63,9.21
4.144,259,TRACKING,14.898,-4.76,14.157,-3.228,17.347,-0.784,-2.383,-3.827,4.508,78.69,106.49,1,-35,-25,1,TRUE,TRUE,569.5,260.7,569.3,261.3,565.1,306.1,FALSE,-2.449,-3.975,4.669,4.508,6.206,6.206,filtered-optical,-38.564,-27.123,63,13.93
4.16,260,TRACKING,14.864,-4.859,13.393,-3.338,16.787,-1.184,-1.678,-3.928,4.271,74.54,100.62,1,-35,-25,1,TRUE,TRUE,586.2,258.6,585.9,258.2,564.5,303.5,FALSE,-1.923,-3.675,4.147,4.271,5.737,5.737,filtered-optical,-38.524,-27.213,63,9.32
4.176,261,TRACKING,14.83,-4.957,13.259,-4.076,16.227,-1.584,-1.598,-3.373,3.733,65.15,87.96,1,-35,-25,1,TRUE,TRUE,588,271.8,588,272.4,564,301.5,FALSE,-1.398,-3.373,3.651,3.733,5.251,5.251,filtered-optical,-38.479,-27.272,63,6.01
4.192,262,TRACKING,14.794,-5.054,12.655,-4.75,15.667,-1.984,-1.027,-2.859,3.038,53.03,71.48,0.984,-35,-25,1,TRUE,TRUE,601.6,283.9,601.6,284.7,564.1,300,FALSE,-0.873,-3.07,3.191,3.038,4.715,4.715,filtered-optical,-38.408,-27.302,63,5.37
4.208,263,TRACKING,14.758,-5.15,11.686,-4.958,15.107,-2.384,-0.053,-2.808,2.809,49.02,65.91,0.959,-35,-25,1,TRUE,TRUE,624.9,285,624.9,285.4,565,298.6,FALSE,-0.349,-2.766,2.788,2.809,4.253,4.253,filtered-optical,-38.296,-27.329,63,10.37
4.224,264,TRACKING,14.721,-5.245,11.468,-5.194,14.547,-2.784,0.178,-2.722,2.728,47.61,64.02,0.94,-35,-25,1,TRUE,TRUE,630.5,286.9,630.7,287.1,566.3,297.3,FALSE,0.174,-2.461,2.467,2.728,3.883,3.883,filtered-optical,-38.174,-27.35,63,12.96
4.24,265,TRACKING,14.684,-5.339,11.279,-6.127,13.987,-3.184,0.387,-1.906,1.945,33.95,45.67,0.931,-35,-25,1,TRUE,TRUE,635.5,305.8,634.9,305.6,567.6,296.8,FALSE,0.697,-2.155,2.265,1.945,3.413,3.413,filtered-optical,-38.048,-27.332,63,16.88
4.256,266,TRACKING,14.646,-5.432,10.337,-6.347,13.427,-3.584,1.383,-1.798,2.269,39.6,53.64,0.932,-35,-25,1,TRUE,TRUE,659.5,308.2,657.8,307.4,569.9,296.3,FALSE,1.219,-1.848,2.213,2.269,3.136,3.136,filtered-optical,-37.881,-27.309,63,3.96
4.272,267,TRACKING,14.607,-5.524,9.829,-6.545,12.867,-3.984,1.97,-1.707,2.607,45.49,61.9,0.942,-35,-25,1,TRUE,TRUE,673.8,310.2,673.8,310.1,572.7,296,FALSE,1.74,-1.539,2.323,2.607,3.007,3.007,filtered-optical,-37.69,-27.281,63,3.39
4.288,268,TRACKING,14.567,-5.614,9.909,-7.027,12.307,-4.384,1.967,-1.313,2.365,41.27,56.3,0.96,-35,-25,1,TRUE,TRUE,673.9,319.4,673.4,319.5,575.5,296,FALSE,2.26,-1.23,2.573,2.365,2.852,2.852,filtered-optical,-37.505,-27.234,63,13.97
4.304,269,TRACKING,14.526,-5.704,9.274,-7.806,11.747,-4.784,2.703,-0.592,2.767,48.3,66.27,0.982,-35,-25,1,TRUE,TRUE,691.7,336.4,691,336.2,578.9,296.8,FALSE,2.779,-0.919,2.927,2.767,2.831,2.831,filtered-optical,-37.292,-27.154,63,9.39
4.32,270,TRACKING,14.485,-5.792,8.478,-7.66,11.187,-5.184,3.635,-0.805,3.723,64.98,89.21,1,-35,-25,1,TRUE,TRUE,714.1,331.6,713.7,331,583.2,297.3,FALSE,3.298,-0.608,3.353,3.723,3.047,3.047,filtered-optical,-37.044,-27.085,63,11.81
4.336,271,TRACKING,14.443,-5.879,8.538,-8.116,10.627,-5.584,3.711,-0.398,3.732,65.13,89.5,1,-35,-25,1,TRUE,TRUE,716,341.3,715.9,340.8,587.4,298.2,FALSE,3.816,-0.295,3.827,3.732,3.213,3.213,filtered-optical,-36.8,-26.999,63,3.46
4.352,272,TRACKING,14.4,-5.965,8.34,-8.674,10.067,-5.984,4.053,0.134,4.056,70.78,97.31,1,-35,-25,1,TRUE,TRUE,724.2,354,723.9,354.3,591.9,299.6,FALSE,4.333,0.02,4.333,4.056,3.417,3.417,filtered-optical,-36.549,-26.888,63,4.62
4.368,273,TRACKING,14.356,-6.049,7.473,-9.069,9.507,-6.384,5.103,0.517,5.129,89.52,123.16,1,-35,-25,1,TRUE,TRUE,749.3,363.1,749.7,362.5,597.3,301.3,FALSE,4.849,0.335,4.861,5.129,3.832,3.832,filtered-optical,-36.259,-26.763,63,10.16
4.384,274,TRACKING,14.312,-6.132,7.264,-8.889,8.947,-6.784,5.505,0.32,5.514,96.25,132.49,1,-35,-25,1,TRUE,TRUE,758.9,358.5,759,358.9,603,302.8,FALSE,5.365,0.652,5.404,5.514,4.24,4.24,filtered-optical,-35.961,-26.649,63,9.98
4.4,275,TRACKING,14.267,-6.215,7.404,-9.63,8.39,-7.184,5.555,1.073,5.657,98.74,135.83,1,-34.816,-25,1,TRUE,TRUE,760,376.1,759.9,376.1,608.6,305,FALSE,5.877,0.97,5.956,5.657,4.584,4.584,filtered-optical,-35.672,-26.504,63,9.37
4.416,276,TRACKING,14.221,-6.295,6.781,-9.982,7.86,-7.584,6.395,1.449,6.557,114.44,157.53,1,-33.153,-25,1,TRUE,TRUE,780.8,384.7,780.8,384.5,615,307.5,FALSE,6.362,1.289,6.491,6.557,5.062,5.062,filtered-optical,-35.171,-26.348,63,2.79
4.432,277,TRACKING,14.175,-6.375,6.331,-10.053,7.38,-7.984,7.088,1.548,7.255,126.62,174.47,1,-29.939,-25,1,TRUE,TRUE,798.7,386.9,799.4,386.2,621.9,310,FALSE,6.794,1.61,6.982,7.255,5.594,5.594,filtered-optical,-33.17,-26.192,63,4.39
4.448,278,TRACKING,14.127,-6.453,6.682,-10.163,6.974,-8.384,6.97,1.692,7.172,125.18,172.42,1,-25.422,-25,1,TRUE,TRUE,797.5,390,797.9,390.3,628.6,312.7,FALSE,7.154,1.932,7.41,7.172,5.976,5.976,filtered-optical,-29.632,-26.034,63,8.15
4.464,279,TRACKING,14.079,-6.53,6.659,-10.935,6.659,-8.784,7.235,2.529,7.664,133.76,184.06,1,-19.65,-25,1,TRUE,TRUE,806.2,409.5,806.3,409.5,635.5,316,FALSE,7.42,2.255,7.755,7.664,6.386,6.386,filtered-optical,-24.788,-25.843,63,13.73
4.48,280,TRACKING,14.031,-6.605,6.317,-10.941,6.459,-9.184,7.839,2.601,8.259,144.15,198.57,1,-12.533,-25,1,TRUE,TRUE,823.7,411.2,823.8,410.8,643,319.3,FALSE,7.572,2.579,7.999,8.259,6.84,6.84,filtered-optical,-18.671,-25.657,63,8.71
4.496,281,TRACKING,13.981,-6.679,6.779,-10.969,6.39,-9.584,7.631,2.698,8.094,141.26,194.47,1,-4.282,-25,1,TRUE,TRUE,821.9,413.6,822.7,412.8,650.3,322.6,FALSE,7.591,2.905,8.128,8.094,7.144,7.144,filtered-optical,-11.224,-25.473,63,4.96
4.512,282,TRACKING,13.931,-6.752,7.453,-11.432,6.468,-9.984,7.194,3.246,7.892,137.75,189.26,1,4.85,-25,1,TRUE,TRUE,815,426.7,816.2,424.5,657.1,326.4,FALSE,7.463,3.233,8.133,7.892,7.325,7.325,filtered-optical,-2.669,-25.273,63,2.94
4.528,283,TRACKING,13.88,-6.823,7.617,-11.887,6.705,-10.384,7.268,3.812,8.207,143.25,196.61,1,14.835,-25,1,TRUE,TRUE,820.9,440.2,821.3,440.2,664.1,330.6,FALSE,7.175,3.561,8.01,8.207,7.539,7.539,filtered-optical,6.763,-25.05,63,8.64
4.544,284,TRACKING,13.828,-6.893,8.19,-11.693,7.113,-10.784,6.918,3.724,7.857,137.13,188.1,1,25.493,-25,1,TRUE,TRUE,816.7,438.3,816.6,438.5,670.7,334.8,FALSE,6.715,3.892,7.761,7.857,7.616,7.616,filtered-optical,17.026,-24.839,63,9.25
4.56,285,TRACKING,13.776,-6.961,9.372,-11.917,7.673,-11.178,5.923,4.065,7.184,125.38,171.44,1,35,-24.622,1,TRUE,TRUE,796.3,446.6,797.1,446.9,676.4,339.1,FALSE,6.103,4.217,7.418,7.184,7.511,7.511,filtered-optical,27.914,-24.619,63,11.69
4.576,286,TRACKING,13.723,-7.028,10.065,-12.466,8.233,-11.548,5.387,4.754,7.185,125.4,170.98,0.982,35,-23.12,1,TRUE,TRUE,783.4,463.4,783,462.3,681.4,344,FALSE,5.49,4.52,7.111,7.185,7.432,7.432,filtered-optical,37.615,-24.001,63,3.22
4.592,287,TRACKING,13.669,-7.094,10.508,-12.383,8.793,-11.878,5.085,4.815,7.003,122.22,166.49,0.963,35,-20.601,1,TRUE,TRUE,776.1,465.7,776.4,465.6,686.1,348.9,FALSE,4.876,4.784,6.831,7.003,7.328,7.328,filtered-optical,37.786,-22.262,63,2.24
4.608,288,TRACKING,13.615,-7.158,11.431,-12.201,9.353,-12.153,4.266,4.772,6.401,111.72,151.86,0.946,35,-17.206,1,TRUE,TRUE,756.2,465.8,756.8,465.4,689.9,353.6,FALSE,4.262,4.995,6.566,6.401,7.103,7.103,filtered-optical,37.914,-19.517,63,11.81
4.624,289,TRACKING,13.56,-7.22,12.308,-12.442,9.913,-12.356,3.456,5.17,6.219,108.54,147.14,0.936,35,-12.666,1,TRUE,TRUE,736.6,476.7,736.5,477.2,692.8,358.8,FALSE,3.646,5.135,6.298,6.219,6.889,6.889,filtered-optical,37.997,-15.882,63,9.82
4.64,290,TRACKING,13.504,-7.281,12.712,-12.559,10.473,-12.475,3.102,5.454,6.275,109.51,148.29,0.935,35,-7.425,1,TRUE,TRUE,727.9,485.2,728.1,485.7,695.4,364.1,FALSE,3.031,5.193,6.013,6.275,6.74,6.74,filtered-optical,38.059,-11.095,63,13.21
4.656,291,TRACKING,13.447,-7.341,13.277,-11.888,11.033,-12.499,2.561,4.931,5.557,96.98,131.17,0.944,35,-1.509,1,TRUE,TRUE,714.8,475,714.1,476.3,697.3,369,FALSE,2.414,5.158,5.695,5.557,6.453,6.453,filtered-optical,38.091,-5.638,63,4.31
4.672,292,TRACKING,13.39,-7.399,14.146,-11.754,11.593,-12.418,1.678,4.946,5.223,91.15,123.02,0.962,35,5.026,1,TRUE,TRUE,693.4,477.8,692.7,478,698.3,373.9,FALSE,1.797,5.019,5.331,5.223,6.155,6.155,filtered-optical,38.08,0.489,63,5.9
4.688,293,TRACKING,13.332,-7.455,14.703,-11.597,12.153,-12.224,1.083,4.937,5.055,88.22,118.93,0.986,35,12.141,1,TRUE,TRUE,679,480.4,679.3,480.3,698.8,378.7,FALSE,1.179,4.769,4.912,5.055,5.888,5.888,filtered-optical,38.043,7.23,63,8.05
4.704,294,TRACKING,13.273,-7.51,15.025,-11.021,12.713,-11.91,0.707,4.496,4.551,79.43,106.98,1,35,19.647,1,TRUE,TRUE,669.9,472.9,670.3,472.8,698.9,383.1,FALSE,0.56,4.399,4.435,4.551,5.564,5.564,filtered-optical,37.989,14.526,63,10.62
4.72,295,TRACKING,13.214,-7.564,15.663,-10.045,13.273,-11.51,-0.014,3.62,3.62,63.18,85,1,35,25,1,TRUE,TRUE,652.7,454.5,653.2,454.7,698.4,386.7,FALSE,-0.059,3.946,3.946,3.62,5.093,5.093,filtered-optical,37.903,22.169,63,7
4.736,296,TRACKING,13.154,-7.616,16.376,-9.994,13.833,-11.11,-0.843,3.671,3.767,65.74,88.54,1,35,25,1,TRUE,TRUE,632.9,455.9,634,456.3,697,390.3,FALSE,-0.679,3.494,3.559,3.767,4.771,4.771,filtered-optical,37.784,27.655,63,2.85
4.752,297,TRACKING,13.093,-7.666,16.701,-9.409,14.393,-10.71,-1.289,3.161,3.414,59.58,80.37,1,35,25,1,TRUE,TRUE,622.3,444,630.4,441.6,695.6,393.3,FALSE,-1.3,3.044,3.31,3.414,4.442,4.442,filtered-optical,37.661,27.753,63,3.2
4.768,298,TRACKING,13.032,-7.715,17.01,-8.687,14.953,-10.31,-1.752,2.492,3.046,53.16,71.97,1,35,25,1,TRUE,TRUE,611.4,428.3,610.7,429.2,693.4,395.6,FALSE,-1.921,2.595,3.229,3.046,4.104,4.104,filtered-optical,37.504,27.821,63,6.11
4.784,299,TRACKING,12.97,-7.762,17.695,-8.113,15.513,-9.91,-2.621,1.948,3.266,57,77.7,1,35,25,1,TRUE,TRUE,590.7,415.4,590.8,415.5,690.4,397.4,FALSE,-2.544,2.148,3.329,3.266,3.901,3.901,filtered-optical,37.315,27.857,63,8.72
4.8,300,TRACKING,12.907,-7.807,18.184,-8.166,16.073,-9.51,-3.32,2.033,3.893,67.95,92.81,1,35,25,1,TRUE,TRUE,574.1,417.2,574.4,417.1,686.9,399.3,FALSE,-3.166,1.703,3.595,3.893,3.899,3.899,filtered-optical,37.101,27.893,63,8.2
4.816,301,TRACKING,12.843,-7.851,18.283,-7.306,16.633,-9.11,-3.637,1.171,3.821,66.69,91.47,1,35,25,1,TRUE,TRUE,566.6,396.7,568.4,397.5,683.2,400.3,FALSE,-3.79,1.259,3.993,3.821,3.88,3.88,filtered-optical,36.884,27.888,63,4.35
4.832,302,TRACKING,12.779,-7.893,18.711,-6.812,17.193,-8.71,-4.312,0.656,4.362,76.13,104.63,1,35,25,1,TRUE,TRUE,550.4,384.5,549,385.3,678.8,400.7,FALSE,-4.414,0.817,4.489,4.362,3.997,3.997,filtered-optical,36.637,27.856,63,2.66
4.848,303,TRACKING,12.715,-7.934,19.374,-6.603,17.753,-8.31,-5.255,0.415,5.271,92,126.61,0.987,35,25,1,TRUE,TRUE,527.7,378.7,527.7,378.3,673.7,400.9,FALSE,-5.039,0.376,5.053,5.271,4.306,4.306,filtered-optical,36.36,27.81,63,6.63
4.864,304,TRACKING,12.649,-7.973,19.499,-6.424,18.313,-7.91,-5.671,0.197,5.675,99.04,136.37,0.979,35,25,1,TRUE,TRUE,517.6,373.6,518,374,668.2,400.9,FALSE,-5.664,-0.063,5.664,5.675,4.638,4.638,filtered-optical,36.074,27.756,63,9.71
4.88,305,TRACKING,12.583,-8.01,19.569,-5.53,18.869,-7.51,-6.044,-0.772,6.093,106.35,146.45,0.976,34.736,25,1,TRUE,TRUE,508.3,351,509,351,662.6,400.1,FALSE,-6.286,-0.5,6.306,6.093,4.991,4.991,filtered-optical,35.782,27.656,63,10.82
4.896,306,TRACKING,12.516,-8.045,20.179,-5.417,19.395,-7.11,-6.993,-0.966,7.059,123.21,169.87,0.979,32.864,25,1,TRUE,TRUE,484.5,346.6,484.4,347.2,656,399,FALSE,-6.878,-0.936,6.942,7.059,5.492,5.492,filtered-optical,35.192,27.551,63,3.33
4.912,307,TRACKING,12.449,-8.079,20.441,-5.293,19.864,-6.71,-7.619,-1.174,7.709,134.55,185.64,0.983,29.35,25,1,TRUE,TRUE,467.7,342,466.1,343.7,648.9,397.8,FALSE,-7.415,-1.37,7.541,7.709,6.029,6.029,filtered-optical,32.971,27.441,63,3.11
4.928,308,TRACKING,12.381,-8.112,20.105,-4.788,20.255,-6.31,-7.644,-1.786,7.85,137,188.9,0.987,24.429,25,1,TRUE,TRUE,465.1,327.8,464.8,327.8,641.9,396.1,FALSE,-7.874,-1.802,8.078,7.85,6.471,6.471,filtered-optical,29.12,27.302,63,10.07
4.944,309,TRACKING,12.312,-8.142,20.217,-4.206,20.544,-5.91,-8.135,-2.502,8.511,148.55,204.78,0.989,18.078,25,1,TRUE,TRUE,450.5,311.1,450,311.2,634.5,393.7,FALSE,-8.232,-2.233,8.529,8.511,6.965,6.965,filtered-optical,23.847,27.135,63,10.75
4.96,310,TRACKING,12.243,-8.171,20.442,-4.34,20.708,-5.51,-8.763,-2.498,9.112,159.03,219.52,0.987,10.241,25,1,TRUE,TRUE,432,311.2,432.1,311.2,626.5,391.3,FALSE,-8.465,-2.661,8.874,9.112,7.486,7.486,filtered-optical,17.126,26.972,63,14.47
4.976,311,TRACKING,12.173,-8.198,19.786,-4.048,20.727,-5.11,-8.498,-2.934,8.99,156.91,216.32,0.981,1.196,25,1,TRUE,TRUE,435,300.8,435.5,300.3,618.8,388.5,FALSE,-8.554,-3.089,9.095,8.99,7.85,7.85,filtered-optical,8.939,26.793,63,4.49
4.992,312,TRACKING,12.103,-8.224,19.108,-3.424,20.586,-4.71,-8.201,-3.728,9.008,157.23,216.31,0.973,-8.849,25,1,TRUE,TRUE,438.4,282,437.9,282.8,611.4,385.1,FALSE,-8.483,-3.514,9.182,9.008,8.131,8.131,filtered-optical,-0.436,26.585,63,2.71
5.008,313,TRACKING,12.031,-8.248,18.962,-3.333,20.267,-4.31,-8.447,-3.999,9.346,163.11,224.42,0.967,-19.92,25,1,TRUE,TRUE,428.2,275.4,427.6,274.8,603.7,381.5,FALSE,-8.236,-3.938,9.129,9.346,8.426,8.426,filtered-optical,-10.817,26.368,63,9.69
5.024,314,TRACKING,11.96,-8.27,18.118,-3.389,19.759,-3.913,-7.978,-4.122,8.98,156.73,215.34,0.964,-31.766,24.786,1,TRUE,TRUE,435.2,272.2,434.5,272.2,596.4,377.8,FALSE,-7.799,-4.357,8.934,8.98,8.56,8.56,filtered-optical,-22.196,26.153,63,10.72
5.04,315,TRACKING,11.887,-8.29,16.806,-2.931,19.199,-3.537,-6.997,-4.78,8.474,147.9,202.48,0.968,-35,23.488,1,TRUE,TRUE,458.1,256.1,457.7,256.2,590.2,373.6,FALSE,-7.312,-4.753,8.721,8.474,8.539,8.539,filtered-optical,-34.295,25.701,63,13
5.056,316,TRACKING,11.814,-8.309,16.302,-2.564,18.639,-3.201,-6.812,-5.368,8.673,151.37,206.92,0.978,-35,21.042,1,TRUE,TRUE,462.7,241.3,462.3,241.8,584.3,368.9,FALSE,-6.825,-5.108,8.525,8.673,8.572,8.572,filtered-optical,-37.761,24.144,63,3.49
5.072,317,TRACKING,11.74,-8.326,15.847,-2.936,18.079,-2.918,-6.665,-5.205,8.457,147.6,201.75,0.995,-35,17.667,1,TRUE,TRUE,466.4,244,466.1,244.4,578.7,364.3,FALSE,-6.338,-5.408,8.332,8.457,8.544,8.544,filtered-optical,-37.975,21.456,63,3.31
5.088,318,TRACKING,11.666,-8.341,14.606,-2.822,17.519,-2.702,-5.689,-5.541,7.941,138.6,188.89,1,-35,13.484,1,TRUE,TRUE,490.1,234.7,489.8,234.3,574.1,359.5,FALSE,-5.853,-5.639,8.127,7.941,8.398,8.398,filtered-optical,-38.136,17.826,63,8.81
5.104,319,TRACKING,11.591,-8.354,13.806,-2.644,16.959,-2.572,-5.128,-5.952,7.856,137.12,186.52,1,-35,8.131,1,TRUE,TRUE,503.7,223.1,503.7,223.3,570.2,354.3,FALSE,-5.368,-5.782,7.89,7.856,8.266,8.266,filtered-optical,-38.262,13.378,63,7.8
5.12,320,TRACKING,11.516,-8.366,13.617,-2.893,16.399,-2.541,-5.175,-5.933,7.873,137.4,186.93,1,-35,1.925,1,TRUE,TRUE,502.5,221.4,502.7,221.9,566.3,349.2,FALSE,-4.883,-5.825,7.601,7.873,8.171,8.171,filtered-optical,-38.383,7.766,63,12.18
5.136,321,TRACKING,11.44,-8.376,12.716,-3.6,15.839,-2.619,-4.481,-5.435,7.044,122.93,167.05,1,-35,-4.872,1,TRUE,TRUE,519.1,230.7,519.1,231,563.1,344.5,FALSE,-4.399,-5.757,7.245,7.044,7.898,7.898,filtered-optical,-38.467,1.33,63,3.12
5.152,322,TRACKING,11.363,-8.384,11.649,-3.534,15.279,-2.817,-3.585,-5.722,6.752,117.85,159.74,1,-35,-12.357,1,TRUE,TRUE,540.5,221.1,540.2,220.5,560.9,339.6,FALSE,-3.916,-5.567,6.807,6.752,7.62,7.62,filtered-optical,-38.506,-5.709,63,3.46
5.168,323,TRACKING,11.286,-8.391,11.429,-4.082,14.719,-3.143,-3.528,-5.379,6.433,112.28,152.21,1,-35,-20.352,1,TRUE,TRUE,541.7,226,542.1,225.8,558.8,334.9,FALSE,-3.433,-5.248,6.271,6.433,7.332,7.332,filtered-optical,-38.538,-13.415,63,7.47
5.184,324,TRACKING,11.208,-8.396,10.972,-4.879,14.159,-3.543,-3.222,-4.76,5.749,100.33,135.98,1,-35,-25,1,TRUE,TRUE,549,238.7,549.6,238.9,557.1,330.8,FALSE,-2.951,-4.853,5.68,5.749,6.948,6.948,filtered-optical,-38.552,-21.597,63,6.69
5.2,325,TRACKING,11.13,-8.399,9.874,-5.553,13.599,-3.943,-2.235,-4.24,4.793,83.66,113.1,1,-35,-25,1,TRUE,TRUE,572.6,250.8,573.1,250.4,556.3,327.3,FALSE,-2.469,-4.456,5.094,4.793,6.426,6.426,filtered-optical,-38.52,-26.401,63,12.02
5.216,326,TRACKING,11.051,-8.4,9.39,-5.566,13.039,-4.343,-1.849,-4.383,4.757,83.03,112.12,0.991,-35,-25,1,TRUE,TRUE,581.8,247.2,580.9,246.1,555.8,323.7,FALSE,-1.988,-4.057,4.518,4.757,6.021,6.021,filtered-optical,-38.472,-26.558,63,3.59
5.232,327,TRACKING,10.971,-8.4,9.25,-6.483,12.479,-4.743,-1.802,-3.586,4.013,70.05,94.63,0.968,-35,-25,1,TRUE,TRUE,583,266,582.9,265,555.5,320.8,FALSE,-1.508,-3.657,3.956,4.013,5.535,5.535,filtered-optical,-38.42,-26.672,63,3.18
5.248,328,TRACKING,10.891,-8.397,8.396,-7.07,11.919,-5.143,-1.01,-3.094,3.255,56.81,76.55,0.95,-35,-25,1,TRUE,TRUE,602.1,277.6,601.8,277.9,555.9,318.6,FALSE,-1.028,-3.255,3.413,3.255,4.982,4.982,filtered-optical,-38.333,-26.754,63,11.53
5.264,329,TRACKING,10.81,-8.393,7.632,-7.378,11.359,-5.543,-0.281,-2.868,2.882,50.3,67.66,0.942,-35,-25,1,TRUE,TRUE,619.7,283,619.2,282.6,557,316.5,FALSE,-0.549,-2.851,2.903,2.882,4.473,4.473,filtered-optical,-38.214,-26.823,63,11.13
5.28,330,TRACKING,10.729,-8.388,7.539,-7.595,10.799,-5.943,-0.218,-2.723,2.731,47.67,64.11,0.942,-35,-25,1,TRUE,TRUE,621.4,286.7,621.8,286.9,558.3,314.7,FALSE,-0.07,-2.445,2.446,2.731,4.051,4.051,filtered-optical,-38.093,-26.88,63,11.48
5.296,331,TRACKING,10.647,-8.38,7.072,-8.578,10.239,-6.343,0.232,-1.77,1.785,31.15,41.88,0.951,-35,-25,1,TRUE,TRUE,632.3,309.3,631.2,309.7,559.8,313.8,FALSE,0.408,-2.038,2.078,1.785,3.501,3.501,filtered-optical,-37.957,-26.888,63,3.46
5.312,332,TRACKING,10.565,-8.371,6.217,-8.78,9.679,-6.743,1.106,-1.59,1.937,33.8,45.74,0.965,-35,-25,1,TRUE,TRUE,653.4,313.7,653.4,313.2,562.3,313.1,FALSE,0.886,-1.629,1.854,1.937,3.122,3.122,filtered-optical,-37.783,-26.888,63,3.46
5.328,333,TRACKING,10.482,-8.36,5.932,-8.978,9.119,-7.143,1.421,-1.402,1.996,34.84,47.33,0.981,-35,-25,1,TRUE,TRUE,661,318.2,661.5,318.6,565,312.6,FALSE,1.363,-1.218,1.828,1.996,2.849,2.849,filtered-optical,-37.598,-26.876,63,9.55
5.344,334,TRACKING,10.398,-8.348,5.775,-9.517,8.559,-7.543,1.612,-0.85,1.823,31.81,43.47,0.995,-35,-25,1,TRUE,TRUE,665.6,331.1,665.4,330.6,567.8,312.6,FALSE,1.84,-0.805,2.008,1.823,2.6,2.6,filtered-optical,-37.411,-26.839,63,9.98
5.36,335,TRACKING,10.314,-8.333,5.084,-10.217,7.999,-7.943,2.363,-0.105,2.366,41.29,56.69,1,-35,-25,1,TRUE,TRUE,683.6,348.4,683,349,571.3,313.3,FALSE,2.316,-0.391,2.348,2.366,2.543,2.543,filtered-optical,-37.197,-26.766,63,11.46
5.376,336,TRACKING,10.23,-8.317,4.555,-10.143,7.439,-8.343,2.976,-0.134,2.979,51.99,71.42,1,-35,-25,1,TRUE,TRUE,698.2,347.5,698.8,348.4,575.3,314,FALSE,2.791,0.025,2.791,2.979,2.649,2.649,filtered-optical,-36.96,-26.696,63,3.97
5.392,337,TRACKING,10.145,-8.3,4.47,-10.503,6.879,-8.743,3.147,0.287,3.16,55.15,75.75,1,-35,-25,1,TRUE,TRUE,702.1,357.2,701.9,356.4,579.4,315,FALSE,3.266,0.443,3.296,3.16,2.773,2.773,filtered-optical,-36.725,-26.611,63,3.87
5.408,338,TRACKING,10.059,-8.28,4.096,-11.178,6.319,-9.143,3.62,1.055,3.771,65.81,90.29,1,-35,-25,1,TRUE,TRUE,713.3,375,713,375.2,583.8,316.8,FALSE,3.74,0.863,3.839,3.771,3.015,3.015,filtered-optical,-36.477,-26.492,63,9.7
5.424,339,TRACKING,9.973,-8.259,3.472,-11.392,5.759,-9.543,4.369,1.374,4.58,79.93,109.69,1,-35,-25,1,TRUE,TRUE,731.2,382.4,730.6,382.6,588.9,318.7,FALSE,4.214,1.284,4.405,4.58,3.394,3.394,filtered-optical,-36.204,-26.361,63,9.92
5.44,340,TRACKING,9.887,-8.236,3.235,-11.37,5.199,-9.943,4.742,1.461,4.962,86.61,118.91,1,-35,-25,1,TRUE,TRUE,740,384.5,740.6,384.4,594.3,320.8,FALSE,4.688,1.707,4.989,4.962,3.774,3.774,filtered-optical,-35.923,-26.23,63,9.93
5.456,341,TRACKING,9.799,-8.211,3.119,-11.924,4.639,-10.343,4.997,2.152,5.44,94.95,130.18,1,-35,-25,1,TRUE,TRUE,746.1,400.9,744.6,400.8,599.7,323.4,FALSE,5.16,2.131,5.583,5.44,4.178,4.178,filtered-optical,-35.645,-26.071,63,3.19
5.472,342,TRACKING,9.712,-8.185,2.64,-12.423,4.079,-10.743,5.636,2.814,6.3,109.95,150.69,1,-35,-25,1,TRUE,TRUE,761.5,416.6,761.1,417,605.6,326.6,FALSE,5.633,2.558,6.186,6.3,4.692,4.692,filtered-optical,-35.346,-25.886,63,3.68
5.488,343,TRACKING,9.624,-8.157,2.214,-12.257,3.54,-11.143,6.243,2.809,6.846,119.48,163.97,1,-33.658,-25,1,TRUE,TRUE,776.7,416.7,776.5,416.6,612.1,329.7,FALSE,6.083,2.986,6.776,6.846,5.214,5.214,filtered-optical,-35.029,-25.708,63,6.13
5.504,344,TRACKING,9.535,-8.127,2.21,-12.562,3.046,-11.543,6.432,3.293,7.225,126.11,172.95,1,-30.929,-25,1,TRUE,TRUE,782.5,428.2,782.7,427.5,618.6,333.2,FALSE,6.489,3.416,7.333,7.225,5.702,5.702,filtered-optical,-33.372,-25.514,63,10.44
5.52,345,TRACKING,9.446,-8.096,2.148,-13.079,2.615,-11.943,6.685,4.018,7.8,136.13,186.51,1,-26.878,-25,1,TRUE,TRUE,790.3,445.4,790.7,445.9,625.3,337.4,FALSE,6.83,3.847,7.839,7.8,6.211,6.211,filtered-optical,-30.325,-25.292,63,7.33
5.536,346,TRACKING,9.356,-8.063,1.844,-13.241,2.272,-12.343,7.199,4.398,8.436,147.24,201.82,1,-21.461,-25,1,TRUE,TRUE,805.1,454.3,805.5,453,632.5,341.7,FALSE,7.084,4.28,8.277,8.436,6.75,6.75,filtered-optical,-25.943,-25.064,63,3.36
5.552,347,TRACKING,9.266,-8.028,1.912,-13.008,2.033,-12.727,7.345,4.383,8.553,149.29,204.71,1,-14.917,-24.012,1,TRUE,TRUE,811.3,454.2,812,454,639.8,346,FALSE,7.233,4.699,8.625,8.553,7.187,7.187,filtered-optical,-20.195,-24.843,63,4.5
5.568,348,TRACKING,9.175,-7.991,2.372,-13.592,1.919,-13.076,7.085,5.216,8.798,153.55,210.1,1,-7.165,-21.853,1,TRUE,TRUE,808.2,474.4,808.2,473.8,646.7,351,FALSE,7.257,5.085,8.861,8.798,7.578,7.578,filtered-optical,-13.342,-23.605,63,7.06
5.584,349,TRACKING,9.084,-7.953,2.565,-13.68,1.943,-13.373,7.091,5.565,9.014,157.33,215.15,1,1.523,-18.555,1,TRUE,TRUE,811.7,483.7,811.1,483.1,653.7,356.2,FALSE,7.141,5.42,8.965,9.014,7.926,7.926,filtered-optical,-5.289,-21.187,63,7.65
5.6,350,TRACKING,8.993,-7.913,2.77,-13.457,2.121,-13.601,7.084,5.605,9.034,157.67,215.59,0.986,11.095,-14.239,1,TRUE,TRUE,815.3,486.1,815.4,486.3,660.6,361.5,FALSE,6.872,5.688,8.92,9.034,8.194,8.194,filtered-optical,3.694,-17.634,63,8.61
5.616,351,TRACKING,8.901,-7.872,3.63,-13.226,2.461,-13.745,6.396,5.643,8.53,148.88,203.22,0.962,21.24,-8.98,1,TRUE,TRUE,802.5,488.9,802.4,491,667,366.8,FALSE,6.44,5.873,8.716,8.53,8.276,8.276,filtered-optical,13.525,-13.065,63,5.29
5.632,352,TRACKING,8.808,-7.829,4.566,-13.574,2.971,-13.788,5.624,6.278,8.429,147.11,200.28,0.942,31.9,-2.705,1,TRUE,TRUE,787.7,506.4,802.1,504.5,673.1,372.5,FALSE,5.837,5.959,8.342,8.429,8.313,8.313,filtered-optical,23.915,-7.539,63,3.74
5.648,353,TRACKING,8.715,-7.784,4.977,-12.903,3.531,-13.719,5.339,5.882,7.943,138.63,188.69,0.93,35,4.346,1,TRUE,TRUE,781.9,499.8,782.2,498.9,678.4,377.9,FALSE,5.184,5.934,7.88,7.943,8.223,8.223,filtered-optical,34.773,-1.018,63,8.77
5.664,354,TRACKING,8.622,-7.738,5.725,-12.38,4.091,-13.526,4.686,5.626,7.322,127.8,173.71,0.929,35,12.034,1,TRUE,TRUE,765.9,496.9,766.3,496.8,682.9,383.1,FALSE,4.531,5.788,7.35,7.322,8.005,8.005,filtered-optical,38.031,6.264,63,11.64
5.68,355,TRACKING,8.528,-7.69,6.83,-11.997,4.651,-13.201,3.63,5.508,6.596,115.13,156.09,0.938,35,20.285,1,TRUE,TRUE,740.3,497.5,741,497.1,686.3,388.2,FALSE,3.877,5.511,6.738,6.596,7.663,7.663,filtered-optical,38.135,14.173,63,11.84
5.696,356,TRACKING,8.434,-7.641,7.304,-11.677,5.211,-12.801,3.185,5.453,6.315,110.22,149.27,0.956,35,25,1,TRUE,TRUE,729.5,498.1,730.8,499.5,689.2,393.2,FALSE,3.223,5.161,6.084,6.315,7.337,7.337,filtered-optical,38.214,22.638,63,3.52
5.712,357,TRACKING,8.339,-7.59,7.643,-10.55,5.771,-12.401,2.855,4.55,5.372,93.75,126.95,0.979,35,25,1,TRUE,TRUE,721.5,476.8,721,475.9,691.7,397.3,FALSE,2.568,4.812,5.454,5.372,6.86,6.86,filtered-optical,38.269,27.512,63,3.2
5.728,358,TRACKING,8.244,-7.537,8.661,-10.199,6.331,-12.001,1.802,4.415,4.769,83.23,112.37,1,35,25,1,TRUE,TRUE,696.2,473.5,696.2,473.3,693.2,401.1,FALSE,1.913,4.464,4.857,4.769,6.353,6.353,filtered-optical,38.275,27.658,63,8.62
5.744,359,TRACKING,8.149,-7.483,9.383,-9.864,6.891,-11.601,1.014,4.29,4.408,76.93,103.67,1,35,25,1,TRUE,TRUE,677.4,470.4,678,470.7,693.9,404.8,FALSE,1.258,4.118,4.306,4.408,5.882,5.882,filtered-optical,38.245,27.791,63,8.94
5.76,360,TRACKING,8.053,-7.427,9.471,-9.232,7.451,-11.201,0.85,3.846,3.939,68.75,92.6,1,35,25,1,TRUE,TRUE,673.6,459.7,673.3,459,694.4,407.9,FALSE,0.602,3.774,3.822,3.939,5.411,5.411,filtered-optical,38.205,27.894,63,12.1
5.776,361,TRACKING,7.956,-7.37,10.149,-8.357,8.011,-10.801,0.066,3.132,3.132,54.67,73.52,1,35,25,1,TRUE,TRUE,655,442.7,655.1,443.1,694.1,410.3,FALSE,-0.055,3.431,3.432,3.132,4.858,4.858,filtered-optical,38.131,27.96,63,3.22
5.792,362,TRACKING,7.859,-7.311,11.101,-8.306,8.571,-10.401,-1.035,3.243,3.404,59.41,80.05,1,35,25,1,TRUE,TRUE,628.7,445.2,629.8,444.9,692.9,412.7,FALSE,-0.712,3.09,3.171,3.404,4.506,4.506,filtered-optical,38.011,28.025,63,4.45
5.808,363,TRACKING,7.762,-7.251,11.224,-7.822,9.131,-10.001,-1.319,2.908,3.193,55.72,75.2,1,35,25,1,TRUE,TRUE,622.1,437.2,622.3,437.8,691.4,414.8,FALSE,-1.369,2.751,3.072,3.193,4.187,4.187,filtered-optical,37.88,28.072,63,7.33
5.824,364,TRACKING,7.664,-7.189,11.453,-7.035,9.691,-9.601,-1.723,2.242,2.828,49.35,66.87,1,35,25,1,TRUE,TRUE,612.5,421.6,613.1,422,689.5,416.2,FALSE,-2.027,2.412,3.151,2.828,3.858,3.858,filtered-optical,37.736,28.084,63,10.88
5.84,365,TRACKING,7.566,-7.126,12.409,-6.639,10.251,-9.201,-2.9,1.956,3.498,61.05,83.3,1,35,25,1,TRUE,TRUE,584.3,415.1,584.4,415.1,686.6,417.3,FALSE,-2.685,2.076,3.393,3.498,3.771,3.771,filtered-optical,37.542,28.079,63,10.11
5.856,366,TRACKING,7.468,-7.061,12.796,-6.568,10.811,-8.801,-3.534,1.995,4.058,70.83,96.82,1,35,25,1,TRUE,TRUE,569.1,416.2,567.4,415.5,683,418.4,FALSE,-3.343,1.74,3.769,4.058,3.84,3.84,filtered-optical,37.322,28.073,63,3.2
5.872,367,TRACKING,7.369,-6.995,12.694,-5.876,11.371,-8.401,-3.682,1.393,3.937,68.72,94.18,1,35,25,1,TRUE,TRUE,565.4,402.3,564.5,402.9,679.4,418.9,FALSE,-4.002,1.407,4.242,3.937,3.864,3.864,filtered-optical,37.103,28.041,63,3.96
5.888,368,TRACKING,7.27,-6.927,13.37,-5.24,11.931,-8.001,-4.642,0.824,4.714,82.28,113.1,1,35,25,1,TRUE,TRUE,542.2,389.1,542.5,389.6,674.9,418.9,FALSE,-4.661,1.074,4.783,4.714,4.07,4.07,filtered-optical,36.851,27.981,63,7.39
5.904,369,TRACKING,7.17,-6.858,14.056,-5.239,12.491,-7.601,-5.647,0.893,5.718,99.79,137.32,1,35,25,1,TRUE,TRUE,517.8,390.7,518.1,390.9,669.7,419,FALSE,-5.321,0.743,5.372,5.718,4.469,4.469,filtered-optical,36.562,27.924,63,10.09
5.92,370,TRACKING,7.07,-6.787,13.909,-4.849,13.051,-7.201,-5.825,0.561,5.852,102.14,140.64,1,35,25,1,TRUE,TRUE,513.4,382.9,513.2,383,664.3,418.7,FALSE,-5.98,0.414,5.995,5.852,4.805,4.805,filtered-optical,36.273,27.852,63,8.44
5.936,371,TRACKING,6.97,-6.715,14.126,-4.168,13.594,-6.801,-6.386,-0.086,6.386,111.46,153.62,1,33.917,25,1,TRUE,TRUE,499.3,367.5,499.1,367.8,658.4,417.8,FALSE,-6.623,0.086,6.624,6.386,5.188,5.188,filtered-optical,35.969,27.75,63,4.67
5.952,372,TRACKING,6.87,-6.642,14.855,-3.862,14.092,-6.401,-7.499,-0.367,7.508,131.04,180.87,1,31.166,25,1,TRUE,TRUE,471.1,360.7,471.9,361,651.7,416.6,FALSE,-7.223,-0.241,7.227,7.508,5.75,5.75,filtered-optical,34.541,27.636,63,2.63
5.968,373,TRACKING,6.768,-6.567,14.8,-3.942,14.522,-6.001,-7.839,-0.26,7.843,136.89,189.05,0.997,26.853,25,1,TRUE,TRUE,461.1,363.1,461.6,362.5,644.6,415.5,FALSE,-7.753,-0.566,7.774,7.843,6.258,6.258,filtered-optical,31.44,27.528,63,8.26
5.984,374,TRACKING,6.667,-6.491,14.449,-3.207,14.86,-5.601,-7.884,-0.994,7.947,138.7,191.49,0.985,21.154,25,1,TRUE,TRUE,457.8,345.7,457.5,345.3,637.5,413.7,FALSE,-8.193,-0.89,8.241,7.947,6.667,6.667,filtered-optical,26.782,27.388,63,11.43
6,375,TRACKING,6.565,-6.414,14.738,-2.84,15.084,-5.201,-8.596,-1.372,8.705,151.93,209.95,0.971,13.976,25,1,TRUE,TRUE,437.7,336.8,438.1,336.5,629.9,411.7,FALSE,-8.519,-1.212,8.604,8.705,7.161,7.161,filtered-optical,20.714,27.234,63,13.02
6.016,376,TRACKING,6.463,-6.335,14.665,-2.763,15.17,-4.801,-8.959,-1.461,9.078,158.44,219.08,0.957,5.358,25,1,TRUE,TRUE,425.6,334.8,425.7,334.8,621.9,409.5,FALSE,-8.706,-1.534,8.84,9.078,7.626,7.626,filtered-optical,13.159,27.081,63,3.27
6.032,377,TRACKING,6.361,-6.255,13.825,-2.624,15.1,-4.401,-8.539,-1.613,8.69,151.67,209.52,0.947,-4.379,25,1,TRUE,TRUE,432.2,331.4,432.3,332.6,614.2,407.3,FALSE,-8.739,-1.853,8.933,8.69,7.884,7.884,filtered-optical,4.192,26.928,63,2.61
6.048,378,TRACKING,6.258,-6.174,13.332,-1.802,14.858,-4.001,-8.462,-2.481,8.818,153.91,212.33,0.944,-15.112,25,1,TRUE,TRUE,430.1,311.2,430.4,311.3,606.7,404.4,FALSE,-8.6,-2.172,8.87,8.818,8.11,8.11,filtered-optical,-5.884,26.737,63,9.01
6.064,379,TRACKING,6.155,-6.091,12.975,-1.867,14.429,-3.601,-8.526,-2.457,8.873,154.86,213.67,0.949,-26.801,25,1,TRUE,TRUE,424,312,424.1,312,599.1,401.5,FALSE,-8.274,-2.489,8.64,8.873,8.295,8.295,filtered-optical,-16.953,26.553,63,10.12
6.08,380,TRACKING,6.052,-6.007,11.881,-1.727,13.869,-3.201,-7.824,-2.643,8.258,144.13,198.52,0.964,-35,25,1,TRUE,TRUE,438.1,307.8,438.3,307.2,592.2,398.4,FALSE,-7.817,-2.806,8.305,8.258,8.286,8.286,filtered-optical,-28.939,26.366,63,9.4
6.096,381,TRACKING,5.948,-5.922,10.826,-1.332,13.309,-2.801,-7.127,-3.098,7.771,135.64,186.38,0.986,-35,25,1,TRUE,TRUE,455.2,297.1,454.7,296.6,586.1,395,FALSE,-7.361,-3.12,7.995,7.771,8.161,8.161,filtered-optical,-37.39,26.164,63,5.32
6.112,382,TRACKING,5.844,-5.835,10.356,-0.773,12.749,-2.401,-7.006,-3.739,7.941,138.6,190.14,1,-35,25,1,TRUE,TRUE,458.1,281.9,458,280.7,580.2,391,FALSE,-6.905,-3.434,7.712,7.941,8.108,8.108,filtered-optical,-37.626,25.938,63,3.06
6.128,383,TRACKING,5.74,-5.748,9.638,-1.085,12.189,-2.001,-6.616,-3.494,7.482,130.59,179.1,1,-35,25,1,TRUE,TRUE,467.5,287.5,467,287.7,574.8,387.4,FALSE,-6.449,-3.746,7.458,7.482,7.956,7.956,filtered-optical,-37.833,25.733,63,8.08
6.144,384,TRACKING,5.635,-5.659,8.56,-0.669,11.629,-1.605,-5.831,-3.995,7.068,123.36,168.67,1,-35,24.787,1,TRUE,TRUE,486.4,275.5,486.9,274.7,570.3,383.3,FALSE,-5.994,-4.054,7.236,7.068,7.741,7.741,filtered-optical,-37.994,25.51,63,10.37
6.16,385,TRACKING,5.53,-5.569,7.91,-0.264,11.069,-1.229,-5.455,-4.499,7.071,123.41,168.39,1,-35,23.52,1,TRUE,TRUE,495.4,262.9,495.4,263,566.3,378.9,FALSE,-5.539,-4.34,7.037,7.071,7.579,7.579,filtered-optical,-38.13,25.06,63,9.39
6.176,386,TRACKING,5.425,-5.478,7.457,-0.179,10.509,-0.888,-5.264,-4.688,7.049,123.03,167.73,1,-35,21.258,1,TRUE,TRUE,499.8,257.5,500,257.6,562.5,374.3,FALSE,-5.084,-4.589,6.849,7.049,7.45,7.45,filtered-optical,-38.25,23.553,63,4.68
6.192,387,TRACKING,5.32,-5.386,6.592,-0.482,9.949,-0.597,-4.637,-4.477,6.445,112.49,153.16,1,-35,18.205,1,TRUE,TRUE,514.8,261.3,513.3,261.9,559.3,370,FALSE,-4.629,-4.788,6.66,6.445,7.207,7.207,filtered-optical,-38.338,21.07,63,3.41
6.208,388,TRACKING,5.214,-5.292,5.753,-0.004,9.389,-0.37,-4.006,-5.067,6.459,112.74,153.07,1,-35,14.21,1,TRUE,TRUE,530,245.9,529.5,246.2,556.9,365.2,FALSE,-4.175,-4.922,6.455,6.459,7.026,7.026,filtered-optical,-38.391,17.772,63,8.62
6.224,389,TRACKING,5.108,-5.198,5.325,-0.05,8.829,-0.22,-3.773,-5.136,6.373,111.23,150.91,1,-35,9.358,1,TRUE,TRUE,535.6,242.6,535.6,242.2,554.7,360.3,FALSE,-3.721,-4.978,6.215,6.373,6.867,6.867,filtered-optical,-38.428,13.535,63,8.68
6.24,390,TRACKING,5.002,-5.102,4.784,-0.487,8.269,-0.159,-3.411,-4.797,5.886,102.73,139.3,1,-35,3.842,1,TRUE,TRUE,544.4,248.8,544.3,248.8,553,355.7,FALSE,-3.267,-4.944,5.926,5.886,6.629,6.629,filtered-optical,-38.444,8.464,63,9.57
6.256,391,TRACKING,4.895,-5.006,3.937,-0.713,7.709,-0.194,-2.714,-4.663,5.395,94.17,127.45,0.98,-35,-2.238,1,TRUE,TRUE,561.2,249.8,561.1,249.3,551.9,351.3,FALSE,-2.814,-4.811,5.574,5.395,6.33,6.33,filtered-optical,-38.427,2.738,63,5.91
6.272,392,TRACKING,4.789,-4.908,3.341,-0.64,7.149,-0.337,-2.25,-4.833,5.331,93.04,125.75,0.967,-35,-8.917,1,TRUE,TRUE,572.5,243.4,571.8,242.9,551.3,346.7,FALSE,-2.361,-4.571,5.144,5.331,6.088,6.088,filtered-optical,-38.387,-3.554,63,3.88
6.288,393,TRACKING,4.681,-4.809,3.02,-1.335,6.589,-0.592,-2.049,-4.211,4.683,81.74,110.44,0.961,-35,-15.922,1,TRUE,TRUE,577.5,255.5,577.3,255.5,551,342.7,FALSE,-1.908,-4.217,4.629,4.683,5.747,5.747,filtered-optical,-38.337,-10.412,63,10.29
6.304,394,TRACKING,4.574,-4.71,2.392,-2.083,6.029,-0.96,-1.52,-3.506,3.821,66.7,90.02,0.962,-35,-23.013,1,TRUE,TRUE,590.4,269.3,590.6,269.6,551.2,339.4,FALSE,-1.455,-3.75,4.022,3.821,5.281,5.281,filtered-optical,-38.261,-17.56,63,12.95
6.32,395,TRACKING,4.467,-4.609,1.625,-2.255,5.469,-1.36,-0.824,-3.37,3.47,60.56,81.55,0.968,-35,-25,1,TRUE,TRUE,607.2,271.6,607.4,271.7,552.1,336.2,FALSE,-1.002,-3.249,3.4,3.47,4.842,4.842,filtered-optical,-38.155,-24.785,63,19.73
6.336,396,TRACKING,4.359,-4.507,1.292,-2.722,4.909,-1.76,-0.551,-2.918,2.97,51.84,69.76,0.976,-35,-25,1,TRUE,TRUE,613.8,282,614,281.9,553.2,333.4,FALSE,-0.55,-2.747,2.802,2.97,4.388,4.388,filtered-optical,-38.037,-26.877,63,3.49
6.352,397,TRACKING,4.251,-4.405,0.984,-3.545,4.349,-2.16,-0.294,-2.072,2.093,36.53,49.12,0.984,-35,-25,1,TRUE,TRUE,620,301.7,619.8,303,554.6,331.6,FALSE,-0.098,-2.245,2.247,2.093,3.832,3.832,filtered-optical,-37.912,-26.936,63,3.49
6.368,398,TRACKING,4.143,-4.301,0.225,-3.969,3.789,-2.56,0.443,-1.607,1.667,29.1,39.16,0.989,-35,-25,1,TRUE,TRUE,637.6,312.5,637.9,312.4,556.7,330.1,FALSE,0.354,-1.741,1.777,1.667,3.307,3.307,filtered-optical,-37.755,-26.972,63,8.42
6.384,399,TRACKING,4.034,-4.197,-0.317,-3.998,3.229,-2.96,0.981,-1.532,1.819,31.74,42.93,0.99,-35,-25,1,TRUE,TRUE,650.3,314.3,650,314,559.2,328.8,FALSE,0.805,-1.237,1.476,1.819,2.946,2.946,filtered-optical,-37.58,-27.002,63,12.06
6.4,400,TRACKING,3.926,-4.092,-0.41,-4.791,2.669,-3.36,1.074,-0.655,1.257,21.95,29.95,0.988,-35,-25,1,TRUE,TRUE,652.4,335,653,335.1,561.8,328.3,FALSE,1.257,-0.732,1.454,1.257,2.537,2.537,filtered-optical,-37.404,-26.988,63,11.24
6.416,401,TRACKING,3.817,-3.986,-0.923,-5.286,2.109,-3.76,1.606,-0.052,1.607,28.04,38.49,0.984,-35,-25,1,TRUE,TRUE,665,349.3,666.2,347.8,564.8,328.3,FALSE,1.708,-0.226,1.723,1.607,2.311,2.311,filtered-optical,-37.208,-26.948,63,5.57
6.432,402,TRACKING,3.708,-3.879,-1.792,-5.441,1.549,-4.16,2.411,0.217,2.421,42.26,58.02,0.981,-35,-25,1,TRUE,TRUE,684.1,355.8,616,352,565.9,328.5,FALSE,2.159,0.281,2.177,2.421,2.338,2.338,filtered-optical,-37.111,-26.9,63,2.97
6.448,403,TRACKING,3.599,-3.771,-1.919,-5.628,0.989,-4.56,2.591,0.54,2.647,46.2,63.39,0.981,-35,-25,1,TRUE,TRUE,688.3,363.6,688.3,363,569.8,329.1,FALSE,2.61,0.789,2.726,2.647,2.413,2.413,filtered-optical,-36.882,-26.83,63,8.35
6.464,404,TRACKING,3.489,-3.663,-2.066,-6.504,0.429,-4.96,2.797,1.593,3.219,56.18,76.76,0.987,-35,-25,1,TRUE,TRUE,693.2,388.4,693.6,389,573.9,330.7,FALSE,3.06,1.297,3.324,3.219,2.608,2.608,filtered-optical,-36.65,-26.71,63,10.24
6.48,405,TRACKING,3.38,-3.553,-2.851,-6.521,-0.131,-5.36,3.67,1.795,4.085,71.3,97.57,0.998,-35,-25,1,TRUE,TRUE,714.2,393.1,713.8,392.9,578.6,332.5,FALSE,3.511,1.807,3.948,4.085,2.966,2.966,filtered-optical,-36.389,-26.585,63,10.24
6.496,406,TRACKING,3.27,-3.443,-3.237,-6.681,-0.691,-5.76,4.158,2.153,4.682,81.72,111.83,1,-35,-25,1,TRUE,TRUE,726,401.4,724.7,401.1,583.7,334.6,FALSE,3.961,2.316,4.589,4.682,3.382,3.382,filtered-optical,-36.116,-26.448,63,3.47
6.512,407,TRACKING,3.16,-3.333,-3.117,-7.09,-1.251,-6.16,4.138,2.786,4.988,87.06,118.88,1,-35,-25,1,TRUE,TRUE,725.6,416.1,725.4,417.6,588.7,337.2,FALSE,4.411,2.827,5.239,4.988,3.772,3.772,filtered-optical,-35.851,-26.282,63,3.32
6.528,408,TRACKING,3.05,-3.221,-3.657,-7.705,-1.811,-6.56,4.801,3.654,6.033,105.3,143.7,1,-35,-25,1,TRUE,TRUE,741.7,436.3,742.1,435.4,594.3,340.5,FALSE,4.861,3.339,5.897,6.033,4.32,4.32,filtered-optical,-35.565,-26.086,63,7.38
6.544,409,TRACKING,2.94,-3.109,-4.336,-7.412,-2.371,-6.96,5.629,3.61,6.688,116.72,159.65,1,-35,-25,1,TRUE,TRUE,761.9,435.1,761.6,434.6,600.5,343.8,FALSE,5.311,3.851,6.56,6.688,4.894,4.894,filtered-optical,-35.254,-25.899,63,7.39
6.56,410,TRACKING,2.83,-2.997,-4.209,-7.818,-2.929,-7.359,5.649,4.291,7.094,123.81,169.09,1,-34.865,-24.911,1,TRUE,TRUE,762.5,451,762.1,450.4,606.7,347.6,FALSE,5.758,4.362,7.224,7.094,5.427,5.427,filtered-optical,-34.953,-25.686,63,9.33
6.576,411,TRACKING,2.719,-2.883,-4.317,-8.227,-3.462,-7.737,5.912,5,7.743,135.14,184.43,1,-33.335,-23.634,1,TRUE,TRUE,769.6,468.2,771.8,467.8,613.1,351.9,FALSE,6.181,4.853,7.859,7.743,5.988,5.988,filtered-optical,-34.511,-25.359,63,3.25
6.592,412,TRACKING,2.608,-2.769,-5.034,-8.341,-3.947,-8.076,6.813,5.43,8.712,152.06,207.85,1,-30.281,-21.186,1,TRUE,TRUE,792.6,479.4,792.3,479,620.1,356.7,FALSE,6.555,5.306,8.433,8.712,6.649,6.649,filtered-optical,-32.649,-23.83,63,3.12
6.608,413,TRACKING,2.498,-2.655,-5.024,-7.981,-4.36,-8.36,6.992,5.384,8.824,154.01,210.63,1,-25.821,-17.742,1,TRUE,TRUE,798.7,479.8,798.8,479.8,627.3,361.4,FALSE,6.857,5.705,8.92,8.824,7.176,7.176,filtered-optical,-29.265,-21.138,63,8.59
6.624,414,TRACKING,2.387,-2.54,-4.594,-8.416,-4.683,-8.569,6.736,6.165,9.131,159.37,217.57,0.992,-20.221,-13.121,1,TRUE,TRUE,794.6,500.2,794.1,500.9,634.1,366.8,FALSE,7.07,6.029,9.292,9.131,7.65,7.65,filtered-optical,-24.497,-17.419,63,11.93
6.64,415,TRACKING,2.276,-2.424,-4.884,-8.318,-4.898,-8.688,7.218,6.422,9.662,168.63,230.4,0.967,-13.405,-7.386,1,TRUE,TRUE,808.8,508.7,808.5,509.2,641.4,372.4,FALSE,7.173,6.263,9.523,9.662,8.138,8.138,filtered-optical,-18.575,-12.517,63,11.89
6.656,416,TRACKING,2.164,-2.308,-4.925,-7.817,-4.984,-8.7,7.458,6.268,9.742,170.03,232.5,0.946,-5.407,-0.746,1,TRUE,TRUE,817.6,507.7,817.3,507.2,648.8,377.8,FALSE,7.149,6.391,9.589,9.742,8.527,8.527,filtered-optical,-11.435,-6.517,63,3.23
6.672,417,TRACKING,2.053,-2.192,-4.067,-7.429,-4.93,-8.593,6.773,6.226,9.199,160.56,219.2,0.935,3.422,6.69,1,TRUE,TRUE,804.2,509.5,805.2,508.8,655.6,383.2,FALSE,6.983,6.401,9.472,9.199,8.69,8.69,filtered-optical,-3.151,0.379,63,3.58
6.688,418,TRACKING,1.942,-2.075,-3.607,-7.39,-4.723,-8.353,6.472,6.546,9.205,160.66,219.11,0.933,12.916,14.982,1,TRUE,TRUE,800.4,520.2,800.5,520,662.1,388.9,FALSE,6.665,6.278,9.156,9.205,8.815,8.815,filtered-optical,5.943,8.083,63,10.19
6.704,419,TRACKING,1.83,-1.957,-3.467,-6.518,-4.354,-7.971,6.492,6.014,8.849,154.45,210.78,0.941,23.08,23.858,1,TRUE,TRUE,804.8,510.7,805.3,511,668.6,394.1,FALSE,6.184,6.014,8.626,8.849,8.823,8.823,filtered-optical,15.698,16.614,63,11.99
6.72,420,TRACKING,1.719,-1.84,-2.413,-5.686,-3.817,-7.571,5.561,5.496,7.819,136.47,185.93,0.957,33.541,25,1,TRUE,TRUE,786.2,498.6,785.9,498.1,674.2,398.7,FALSE,5.536,5.732,7.968,7.819,8.58,8.58,filtered-optical,26.075,25.692,63,12.46
6.736,421,TRACKING,1.607,-1.721,-1.324,-5.419,-3.257,-7.171,4.553,5.542,7.173,125.19,170.12,0.977,35,25,1,TRUE,TRUE,762.4,499.5,763.7,499.6,678.9,403.3,FALSE,4.864,5.45,7.305,7.173,8.239,8.239,filtered-optical,36.698,27.03,63,3.86
6.752,422,TRACKING,1.495,-1.603,-1.036,-4.939,-2.697,-6.771,4.329,5.363,6.892,120.29,163.4,0.996,35,25,1,TRUE,TRUE,757.1,495.2,756.1,494.4,683.1,407.5,FALSE,4.192,5.168,6.655,6.892,7.912,7.912,filtered-optical,38.296,27.206,63,5.33
6.768,423,TRACKING,1.383,-1.484,-0.414,-4.019,-2.137,-6.371,3.746,4.715,6.022,105.11,142.68,1,35,25,1,TRUE,TRUE,743.2,479.9,743.2,479.9,686.7,411.1,FALSE,3.52,4.887,6.023,6.022,7.454,7.454,filtered-optical,38.404,27.346,63,9.75
6.784,424,TRACKING,1.271,-1.365,0.718,-3.512,-1.577,-5.971,2.604,4.466,5.17,90.23,122.1,1,35,25,1,TRUE,TRUE,715.9,474.1,715.2,473.7,689.1,414.4,FALSE,2.848,4.606,5.416,5.17,6.9,6.9,filtered-optical,38.453,27.466,63,13.42
6.8,425,TRACKING,1.159,-1.245,1.203,-3.39,-1.017,-5.571,2.086,4.607,5.057,88.26,119.24,1,35,25,1,TRUE,TRUE,703.6,477.6,703.6,478.1,691.1,417.8,FALSE,2.176,4.326,4.843,5.057,6.453,6.453,filtered-optical,38.477,27.588,63,14.85
6.816,426,TRACKING,1.047,-1.125,1.467,-2.545,-0.457,-5.171,1.777,3.997,4.374,76.34,103.08,1,35,25,1,TRUE,TRUE,696.3,463.4,697,463.1,692.7,420.5,FALSE,1.504,4.046,4.316,4.374,5.949,5.949,filtered-optical,38.485,27.675,63,8.94
6.832,427,TRACKING,0.935,-1.005,2.385,-1.915,0.103,-4.771,0.783,3.578,3.662,63.92,86.07,1,35,25,1,TRUE,TRUE,672.6,453.7,679.1,450.5,693.5,422.6,FALSE,0.832,3.766,3.857,3.662,5.395,5.395,filtered-optical,38.458,27.731,63,7.65
6.848,428,TRACKING,0.823,-0.885,3.115,-1.665,0.663,-4.371,-0.068,3.541,3.542,61.81,83.16,1,35,25,1,TRUE,TRUE,652.2,453,652.9,453.5,693.3,424.8,FALSE,0.16,3.486,3.49,3.542,4.946,4.946,filtered-optical,38.381,27.789,63,8.05
6.864,429,TRACKING,0.711,-0.765,3.275,-1.379,1.223,-3.971,-0.36,3.462,3.48,60.74,81.73,1,35,25,1,TRUE,TRUE,645.2,451.1,645.6,450.5,692.8,426.8,FALSE,-0.512,3.206,3.247,3.48,4.59,4.59,filtered-optical,38.291,27.837,63,15.69
6.88,430,TRACKING,0.599,-0.644,3.8,-0.391,1.783,-3.571,-1.046,2.647,2.846,49.67,66.97,1,35,25,1,TRUE,TRUE,628.7,431.8,629.3,431.6,691.7,428.1,FALSE,-1.184,2.927,3.157,2.846,4.168,4.168,filtered-optical,38.173,27.845,63,12.19
6.896,431,TRACKING,0.487,-0.524,4.604,-0.219,2.343,-3.171,-2.055,2.637,3.343,58.35,79.09,1,35,25,1,TRUE,TRUE,604.3,431.4,600.7,426,689.4,429,FALSE,-1.857,2.647,3.233,3.343,3.968,3.968,filtered-optical,38.004,27.839,63,3.35
6.912,432,TRACKING,0.374,-0.403,5.077,0.198,2.903,-2.771,-2.568,2.533,3.607,62.96,85.57,1,35,25,1,TRUE,TRUE,591.9,428.7,704,520,691.2,433.6,FALSE,-2.529,2.368,3.465,3.607,3.88,3.88,filtered-optical,38.028,28.014,63,2.9
6.928,433,TRACKING,0.262,-0.282,5.276,0.729,3.463,-2.371,-3.005,2.147,3.693,64.46,87.91,1,35,25,1,TRUE,TRUE,581.2,419.4,581.8,418.8,688.1,434.1,FALSE,-3.201,2.089,3.822,3.693,3.835,3.835,filtered-optical,37.825,27.983,63,12.18
6.944,434,TRACKING,0.15,-0.161,5.914,1.505,4.023,-1.971,-3.916,1.488,4.189,73.11,100.22,1,35,25,1,TRUE,TRUE,559.2,403.9,559.3,403.2,684.3,434,FALSE,-3.873,1.81,4.275,4.189,3.921,3.921,filtered-optical,37.586,27.92,63,12.89
6.96,435,TRACKING,0.037,-0.04,6.407,1.363,4.583,-1.571,-4.708,1.757,5.025,87.71,120.31,1,35,25,1,TRUE,TRUE,540.1,410.2,540.8,409.8,679.8,434.2,FALSE,-4.546,1.531,4.797,5.025,4.189,4.189,filtered-optical,37.32,27.871,63,12.1
6.976,436,TRACKING,-0.075,0.081,6.504,1.898,5.143,-1.171,-5.12,1.334,5.291,92.34,126.89,1,35,25,1,TRUE,TRUE,530.1,400.4,529.8,401.4,675,434,FALSE,-5.218,1.252,5.366,5.291,4.456,4.456,filtered-optical,37.042,27.804,63,3.87
6.992,437,TRACKING,-0.187,0.202,6.821,2.487,5.703,-0.771,-5.773,0.839,5.834,101.82,140.15,1,35,25,1,TRUE,TRUE,514.4,389,514.5,389.6,669.6,433.3,FALSE,-5.89,0.973,5.97,5.834,4.79,4.79,filtered-optical,36.745,27.715,63,3.37
7.008,438,TRACKING,-0.3,0.323,7.371,2.859,6.258,-0.371,-6.692,0.546,6.714,117.18,161.54,0.988,34.694,25,1,TRUE,TRUE,492.2,382.3,491.5,382.7,663.4,432.4,FALSE,-6.558,0.694,6.594,6.714,5.256,5.256,filtered-optical,36.414,27.613,63,10.38
7.024,439,TRACKING,-0.412,0.443,7.556,2.751,6.782,0.029,-7.263,0.742,7.301,127.42,175.78,0.966,32.724,25,1,TRUE,TRUE,477.7,387.1,478.1,386.5,656.9,431.6,FALSE,-7.194,0.415,7.206,7.301,5.752,5.752,filtered-optical,35.765,27.52,63,15.76
7.04,440,TRACKING,-0.524,0.564,7.511,3.541,7.249,0.429,-7.615,0.011,7.615,132.91,183.49,0.948,29.2,25,1,TRUE,TRUE,467.9,370,468.7,369.6,650.1,430.1,FALSE,-7.773,0.135,7.774,7.615,6.204,6.204,filtered-optical,33.445,27.396,63,14.42
7.056,441,TRACKING,-0.636,0.685,7.728,3.905,7.634,0.829,-8.254,-0.303,8.26,144.16,199.23,0.935,24.064,25,1,TRUE,TRUE,450.5,362.7,449.5,363.5,642.6,428.4,FALSE,-8.27,-0.144,8.272,8.26,6.702,6.702,filtered-optical,29.549,27.263,63,4.18
7.072,442,TRACKING,-0.749,0.805,7.865,3.973,7.911,1.229,-8.833,-0.323,8.839,154.27,213.41,0.931,17.33,25,1,TRUE,TRUE,433.8,362.1,434.3,362.7,634.8,426.8,FALSE,-8.66,-0.424,8.67,8.839,7.22,7.22,filtered-optical,24.025,27.131,63,3.79
7.088,443,TRACKING,-0.861,0.926,7.461,4.194,8.058,1.629,-8.87,-0.503,8.884,155.06,214.51,0.938,9.185,25,1,TRUE,TRUE,429.8,357.7,430.3,358.1,626.9,424.9,FALSE,-8.919,-0.703,8.947,8.884,7.623,7.623,filtered-optical,16.912,26.993,63,11.8
7.104,444,TRACKING,-0.973,1.046,7.008,4.957,8.055,2.029,-8.858,-1.255,8.947,156.15,215.92,0.954,-0.227,25,1,TRUE,TRUE,426.4,339.8,426.1,339.1,619,422.3,FALSE,-9.027,-0.983,9.081,8.947,7.944,7.944,filtered-optical,8.394,26.821,63,11.94
7.12,445,TRACKING,-1.085,1.166,6.791,4.985,7.881,2.429,-9.092,-1.271,9.18,160.22,221.65,0.977,-10.874,25,1,TRUE,TRUE,416.5,339.2,416.4,338.7,610.9,419.8,FALSE,-8.966,-1.263,9.054,9.18,8.244,8.244,filtered-optical,-1.395,26.654,63,13.01
7.136,446,TRACKING,-1.197,1.285,6.104,5.043,7.52,2.829,-8.847,-1.318,8.945,156.12,215.85,1,-22.557,25,1,TRUE,TRUE,417.8,338.1,417.6,338.1,603,417.2,FALSE,-8.717,-1.544,8.852,8.945,8.414,8.414,filtered-optical,-12.4,26.491,63,5.28
7.152,447,TRACKING,-1.309,1.405,4.916,5.603,6.961,3.229,-8.07,-1.887,8.287,144.64,199.56,1,-34.912,25,1,TRUE,TRUE,431.9,324.7,432.4,324.5,595.8,414.2,FALSE,-8.27,-1.824,8.469,8.287,8.383,8.383,filtered-optical,-24.4,26.306,63,3.15
7.168,448,TRACKING,-1.421,1.524,4.226,6.014,6.401,3.629,-7.774,-2.322,8.113,141.61,195.13,1,-35,25,1,TRUE,TRUE,438.9,314.7,439,314.3,589,410.9,FALSE,-7.822,-2.105,8.1,8.113,8.318,8.318,filtered-optical,-37.045,26.106,63,10.48
7.184,449,TRACKING,-1.533,1.643,3.687,5.89,5.841,4.029,-7.618,-2.215,7.934,138.47,190.78,1,-35,25,1,TRUE,TRUE,442.5,317.4,442.2,317.7,582.5,407.7,FALSE,-7.374,-2.386,7.75,7.934,8.225,8.225,filtered-optical,-37.404,25.921,63,8.55
7.2,450,TRACKING,-1.644,1.761,2.578,6.171,5.281,4.429,-6.854,-2.522,7.304,127.48,175.28,1,-35,25,1,TRUE,TRUE,461.1,310.4,461.5,310.5,576.9,404.3,FALSE,-6.925,-2.668,7.422,7.304,8.001,8.001,filtered-optical,-37.627,25.727,63,12.08
7.216,451,TRACKING,-1.756,1.879,1.653,6.811,4.721,4.829,-6.247,-3.215,7.026,122.63,168.13,1,-35,25,1,TRUE,TRUE,475.8,294.3,475,293.7,571.9,400.3,FALSE,-6.477,-2.95,7.117,7.026,7.765,7.765,filtered-optical,-37.815,25.507,63,3.33
7.232,452,TRACKING,-1.868,1.997,1.319,6.761,4.161,5.229,-6.225,-3.213,7.005,122.27,167.63,1,-35,25,1,TRUE,TRUE,476.3,294.4,476.3,294.4,567.2,396.4,FALSE,-6.029,-3.232,6.84,7.005,7.581,7.581,filtered-optical,-37.99,25.297,63,2.44
7.248,453,TRACKING,-1.979,2.114,0.531,6.813,3.601,5.629,-5.724,-3.313,6.613,115.43,158.03,1,-35,25,1,TRUE,TRUE,488.5,292,488.4,292.6,562.9,392.5,FALSE,-5.58,-3.515,6.595,6.613,7.346,7.346,filtered-optical,-38.134,25.091,63,9.78
7.264,454,TRACKING,-2.09,2.231,-0.594,7.277,3.041,6.029,-4.845,-3.845,6.186,107.96,147.28,1,-35,25,1,TRUE,TRUE,509.9,279.4,510.4,279.6,559.7,388.2,FALSE,-5.132,-3.798,6.384,6.186,7.065,7.065,filtered-optical,-38.229,24.867,63,7.46
7.28,455,TRACKING,-2.202,2.347,-0.994,7.674,2.481,6.415,-4.684,-4.327,6.377,111.29,151.59,0.994,-35,24.125,1,TRUE,TRUE,513.9,267.5,513.6,266.8,556.6,383.4,FALSE,-4.683,-4.068,6.203,6.377,6.898,6.898,filtered-optical,-38.313,24.627,63,9.64
7.296,456,TRACKING,-2.313,2.463,-1.372,7.323,1.921,6.773,-4.535,-4.048,6.079,106.09,144.53,0.987,-35,22.381,1,TRUE,TRUE,517.7,273.2,517.1,273.1,553.8,379,FALSE,-4.234,-4.31,6.042,6.079,6.699,6.699,filtered-optical,-38.384,23.534,63,2.48
7.312,457,TRACKING,-2.424,2.579,-2.474,7.664,1.361,7.088,-3.622,-4.476,5.758,100.49,136.41,0.985,-35,19.688,1,TRUE,TRUE,539.9,261.9,539.8,261.5,551.9,374.3,FALSE,-3.785,-4.509,5.887,5.758,6.471,6.471,filtered-optical,-38.407,21.557,63,4.09
7.328,458,TRACKING,-2.535,2.693,-3.15,7.908,0.801,7.345,-3.111,-4.818,5.735,100.09,135.6,0.987,-35,16.039,1,TRUE,TRUE,552.3,252.4,552.3,253.1,550.6,369.3,FALSE,-3.336,-4.651,5.724,5.735,6.293,6.293,filtered-optical,-38.404,18.625,63,10.67
7.344,459,TRACKING,-2.646,2.808,-3.251,7.788,0.241,7.529,-3.177,-4.795,5.752,100.39,136.03,0.99,-35,11.528,1,TRUE,TRUE,550.8,251.3,550.9,250.7,549.3,364.3,FALSE,-2.887,-4.721,5.534,5.752,6.162,6.162,filtered-optical,-38.401,14.742,63,19.1
7.36,460,TRACKING,-2.756,2.921,-4.055,7.296,-0.319,7.631,-2.51,-4.384,5.052,88.17,119.29,0.993,-35,6.394,1,TRUE,TRUE,566.8,259.2,567,258.7,548.6,359.8,FALSE,-2.437,-4.71,5.303,5.052,5.892,5.892,filtered-optical,-38.365,10.023,63,16.32
7.376,461,TRACKING,-2.867,3.035,-5.018,7.631,-0.879,7.64,-1.652,-4.815,5.091,88.85,119.9,0.992,-35,0.521,1,TRUE,TRUE,587.3,247,586.2,246.9,548.7,354.9,FALSE,-1.988,-4.605,5.016,5.091,5.698,5.698,filtered-optical,-38.293,4.667,63,3.35
7.392,462,TRACKING,-2.977,3.147,-5.126,7.228,-1.439,7.546,-1.645,-4.494,4.785,83.52,112.7,0.987,-35,-5.887,1,TRUE,TRUE,587.4,252.4,588.8,253.6,549,350.3,FALSE,-1.538,-4.398,4.66,4.785,5.477,5.477,filtered-optical,-38.216,-1.406,63,3.36
7.408,463,TRACKING,-3.087,3.259,-5.495,6.634,-1.999,7.343,-1.368,-3.962,4.192,73.16,98.66,0.979,-35,-12.63,1,TRUE,TRUE,593.9,262.5,593.6,262.8,549.4,346.2,FALSE,-1.088,-4.085,4.227,4.192,5.165,5.165,filtered-optical,-38.131,-7.986,63,9.48
7.424,464,TRACKING,-3.197,3.37,-6.534,6.118,-2.559,7.031,-0.381,-3.492,3.513,61.31,82.49,0.969,-35,-19.554,1,TRUE,TRUE,617.4,271.1,617,271.2,550.8,342.6,FALSE,-0.638,-3.661,3.716,3.513,4.765,4.765,filtered-optical,-38.003,-14.876,63,13.08
7.44,465,TRACKING,-3.307,3.48,-6.907,6.062,-3.119,6.631,-0.048,-3.481,3.481,60.76,81.73,0.961,-35,-25,1,TRUE,TRUE,625.2,269.2,624.9,269.6,552.5,338.9,FALSE,-0.188,-3.15,3.156,3.481,4.454,4.454,filtered-optical,-37.863,-21.943,63,15.75
7.456,466,TRACKING,-3.417,3.59,-6.929,5.105,-3.679,6.231,-0.066,-2.528,2.529,44.14,59.35,0.957,-35,-25,1,TRUE,TRUE,624.6,291.5,625.4,292.4,554.2,336.2,FALSE,0.262,-2.64,2.653,2.529,3.987,3.987,filtered-optical,-37.725,-27.479,63,3.54
7.472,467,TRACKING,-3.526,3.699,-7.76,4.559,-4.239,5.831,0.75,-1.972,2.11,36.82,49.62,0.959,-35,-25,1,TRUE,TRUE,644.1,304.4,640.3,300.3,556.4,333.9,FALSE,0.713,-2.131,2.247,2.11,3.532,3.532,filtered-optical,-37.562,-27.549,63,3.76
7.488,468,TRACKING,-3.635,3.807,-8.456,4.317,-4.799,5.431,1.463,-1.7,2.243,39.15,53.1,0.97,-35,-25,1,TRUE,TRUE,661.2,310.5,661.8,310.5,559.5,332.1,FALSE,1.163,-1.623,1.997,2.243,3.219,3.219,filtered-optical,-37.364,-27.593,63,11.16
7.504,469,TRACKING,-3.745,3.915,-8.399,4.003,-5.359,5.031,1.422,-1.34,1.954,34.1,46.36,0.987,-35,-25,1,TRUE,TRUE,660.3,318.8,661.1,318.9,562.5,330.6,FALSE,1.614,-1.116,1.962,1.954,2.913,2.913,filtered-optical,-37.173,-27.618,63,12.12
7.52,470,TRACKING,-3.854,4.021,-8.824,3.082,-5.919,4.631,1.878,-0.335,1.907,33.29,45.67,1,-35,-25,1,TRUE,TRUE,671.4,342.3,671.5,342.6,565.8,330.1,FALSE,2.065,-0.609,2.153,1.907,2.669,2.669,filtered-optical,-36.968,-27.592,63,13.83
7.536,471,TRACKING,-3.962,4.127,-9.679,2.93,-6.479,4.231,2.797,-0.088,2.798,48.84,67.08,1,-35,-25,1,TRUE,TRUE,693.6,348.2,693.2,348.3,570,329.9,FALSE,2.517,-0.103,2.519,2.798,2.7,2.7,filtered-optical,-36.729,-27.554,63,3.93
7.552,472,TRACKING,-4.071,4.232,-9.814,2.761,-7.039,3.831,3.004,0.186,3.009,52.52,72.15,1,-35,-25,1,TRUE,TRUE,698.7,354.8,699.9,354.1,574.3,329.9,FALSE,2.968,0.402,2.995,3.009,2.775,2.775,filtered-optical,-36.486,-27.503,63,4.18
7.568,473,TRACKING,-4.179,4.336,-9.875,2.144,-7.599,3.431,3.138,0.939,3.276,57.17,78.41,1,-35,-25,1,TRUE,TRUE,702.1,372.6,702.5,373.3,578.7,330.6,FALSE,3.42,0.906,3.538,3.276,2.897,2.897,filtered-optical,-36.245,-27.415,63,9.34
7.584,474,TRACKING,-4.287,4.439,-10.613,1.599,-8.159,3.031,3.978,1.647,4.305,75.14,102.96,1,-35,-25,1,TRUE,TRUE,722.3,389.4,721.9,389.9,583.7,332,FALSE,3.872,1.409,4.12,4.305,3.238,3.238,filtered-optical,-35.977,-27.295,63,8.64
7.6,475,TRACKING,-4.395,4.541,-11.047,1.669,-8.719,2.631,4.533,1.742,4.856,84.76,116.23,1,-35,-25,1,TRUE,TRUE,735.7,391.8,735.8,392,589.2,333.5,FALSE,4.324,1.911,4.727,4.856,3.63,3.63,filtered-optical,-35.692,-27.174,63,13.04
7.616,476,TRACKING,-4.503,4.643,-10.974,1.331,-9.279,2.231,4.578,2.263,5.107,89.13,122.05,1,-35,-25,1,TRUE,TRUE,736.8,404.1,736.3,403.6,594.6,335.4,FALSE,4.776,2.412,5.351,5.107,3.988,3.988,filtered-optical,-35.416,-27.032,63,3.35
7.632,477,TRACKING,-4.61,4.743,-11.389,0.65,-9.839,1.831,5.13,3.159,6.025,105.15,143.81,1,-35,-25,1,TRUE,TRUE,750,425.1,750.2,425.1,600.5,338.1,FALSE,5.229,2.913,5.985,6.025,4.482,4.482,filtered-optical,-35.125,-26.852,63,3.08
7.648,478,TRACKING,-4.717,4.842,-12.005,0.611,-10.399,1.431,5.907,3.422,6.827,119.16,163.16,1,-35,-25,1,TRUE,TRUE,768.6,431.1,768.5,431.2,606.9,341,FALSE,5.682,3.412,6.627,6.827,5.05,5.05,filtered-optical,-34.811,-26.665,63,9.44
7.664,479,TRACKING,-4.824,4.941,-12.034,0.57,-10.938,1.031,6.103,3.695,7.135,124.52,170.49,0.976,-33.703,-25,1,TRUE,TRUE,773.7,437.4,774.2,437.8,613.5,344.2,FALSE,6.114,3.91,7.257,7.135,5.556,5.556,filtered-optical,-34.499,-26.471,63,15.5
7.68,480,TRACKING,-4.931,5.038,-12.067,0.077,-11.435,0.632,6.305,4.446,7.714,134.64,184.13,0.958,-31.07,-24.902,1,TRUE,TRUE,779.4,454.8,779,455,620.1,347.9,FALSE,6.504,4.406,7.856,7.714,6.079,6.079,filtered-optical,-32.893,-26.249,63,20.15
7.696,481,TRACKING,-5.037,5.134,-12.496,-0.339,-11.868,0.254,6.923,5.141,8.623,150.5,205.87,0.948,-27.033,-23.605,1,TRUE,TRUE,795.9,471.6,794.7,471.5,627.2,352.2,FALSE,6.83,4.88,8.394,8.623,6.696,6.696,filtered-optical,-29.934,-25.904,63,7.31
7.712,482,TRACKING,-5.144,5.23,-12.587,0.001,-12.214,-0.087,7.214,5.075,8.82,153.94,210.75,0.947,-21.626,-21.329,1,TRUE,TRUE,804.9,470.8,805.1,469.7,634.5,356.4,FALSE,7.07,5.316,8.846,8.82,7.211,7.211,filtered-optical,-25.566,-24.372,63,3.18
7.728,483,TRACKING,-5.25,5.324,-12.246,-0.269,-12.455,-0.374,7.066,5.641,9.041,157.8,215.75,0.954,-15.051,-17.965,1,TRUE,TRUE,803.8,485.5,804.6,486,641.7,361.1,FALSE,7.205,5.698,9.186,9.041,7.655,7.655,filtered-optical,-19.844,-21.838,63,9.06
7.744,484,TRACKING,-5.355,5.417,-12.125,-0.489,-12.573,-0.59,7.137,6.174,9.437,164.71,225.08,0.965,-7.4,-13.472,1,TRUE,TRUE,808.6,500,808.5,499.5,648.8,366.3,FALSE,7.218,6.006,9.39,9.437,8.087,8.087,filtered-optical,-12.959,-18.199,63,16.59
7.76,485,TRACKING,-5.461,5.509,-12.041,-0.31,-12.553,-0.717,7.251,6.313,9.614,167.79,229.31,0.978,1.284,-7.939,1,TRUE,TRUE,814.8,505.6,814.9,505.4,656.1,371.6,FALSE,7.092,6.225,9.437,9.614,8.457,8.457,filtered-optical,-5.001,-13.43,63,15.55
7.776,486,TRACKING,-5.566,5.599,-11.446,0.295,-12.38,-0.742,6.837,6.014,9.106,158.93,217.07,0.99,10.772,-1.58,1,TRUE,TRUE,808.6,501.2,809,502,662.9,376.6,FALSE,6.815,6.341,9.309,9.106,8.614,8.614,filtered-optical,3.965,-7.639,63,3.48
7.792,487,TRACKING,-5.67,5.689,-10.667,0.102,-12.048,-0.651,6.215,6.531,9.015,157.34,214.46,0.999,20.79,5.701,1,TRUE,TRUE,797.5,516.3,797.3,515.6,669.2,382.1,FALSE,6.377,6.34,8.992,9.015,8.711,8.711,filtered-optical,13.7,-1.005,63,6.81
7.808,488,TRACKING,-5.775,5.777,-10.117,0.631,-11.548,-0.431,5.806,6.317,8.579,149.74,203.94,1,31.212,13.734,1,TRUE,TRUE,791.8,514.4,791.8,513.9,675.1,387.4,FALSE,5.773,6.208,8.478,8.579,8.679,8.679,filtered-optical,23.944,6.536,63,12.42
7.824,489,TRACKING,-5.879,5.864,-9.457,1.414,-10.988,-0.075,5.265,5.828,7.854,137.09,186.56,1,35,22.282,1,TRUE,TRUE,780.3,505.9,781.2,505.6,680.4,392.3,FALSE,5.109,5.939,7.834,7.854,8.479,8.479,filtered-optical,34.56,14.802,63,11.94
7.84,490,TRACKING,-5.983,5.95,-8.469,2.082,-10.428,0.325,4.354,5.437,6.966,121.57,165.14,1,35,25,1,TRUE,TRUE,758.4,497.5,758.6,497.3,684.8,396.8,FALSE,4.445,5.625,7.169,6.966,8.112,8.112,filtered-optical,38.49,23.556,63,20.57
7.856,491,TRACKING,-6.087,6.035,-7.716,2.156,-9.868,0.725,3.649,5.641,6.718,117.26,158.97,0.997,35,25,1,TRUE,TRUE,741.4,502.2,742.9,502.4,688.4,401.3,FALSE,3.782,5.31,6.519,6.718,7.774,7.774,filtered-optical,38.594,26.482,63,3.33
7.872,492,TRACKING,-6.19,6.119,-7.312,3.145,-9.308,1.125,3.271,4.895,5.888,102.76,139.27,0.998,35,25,1,TRUE,TRUE,732.3,484.3,732.9,484.4,691.5,405.1,FALSE,3.118,4.993,5.887,5.888,7.317,7.317,filtered-optical,38.674,26.644,63,3.02
7.888,493,TRACKING,-6.293,6.201,-6.583,3.748,-8.748,1.525,2.537,4.516,5.179,90.4,122.29,1,35,25,1,TRUE,TRUE,714.5,475.2,714.2,474.6,693.8,408.4,FALSE,2.455,4.676,5.281,5.179,6.799,6.799,filtered-optical,38.713,26.78,63,13.93
7.904,494,TRACKING,-6.395,6.282,-5.68,4.067,-8.188,1.925,1.587,4.411,4.688,81.82,110.39,1,35,25,1,TRUE,TRUE,691.6,472.7,690.9,472.5,695.2,411.5,FALSE,1.793,4.357,4.711,4.688,6.287,6.287,filtered-optical,38.705,26.905,63,11.58
7.92,495,TRACKING,-6.498,6.362,-5.293,4.401,-7.628,2.325,1.136,4.283,4.431,77.33,104.23,1,35,25,1,TRUE,TRUE,680.6,469.7,680.6,470.3,696.1,414.5,FALSE,1.131,4.036,4.192,4.431,5.837,5.837,filtered-optical,38.675,27.019,63,11.52
7.936,496,TRACKING,-6.6,6.44,-4.935,5.411,-7.068,2.725,0.693,3.441,3.51,61.26,82.47,1,35,25,1,TRUE,TRUE,669.8,450,669.8,449.7,696.5,416.6,FALSE,0.469,3.715,3.744,3.51,5.273,5.273,filtered-optical,38.624,27.087,63,5.33
7.952,497,TRACKING,-6.701,6.517,-4.057,5.646,-6.508,3.125,-0.31,3.367,3.382,59.02,79.4,1,35,25,1,TRUE,TRUE,645.7,448.5,645.1,448,696,418.6,FALSE,-0.193,3.392,3.397,3.382,4.814,4.814,filtered-optical,38.526,27.147,63,4.64
7.968,498,TRACKING,-6.802,6.593,-3.477,5.898,-5.948,3.525,-1.042,3.271,3.433,59.91,80.74,1,35,25,1,TRUE,TRUE,628.1,446.4,628.6,446.7,694.7,420.4,FALSE,-0.854,3.067,3.184,3.433,4.479,4.479,filtered-optical,38.399,27.201,63,14.99
7.984,499,TRACKING,-6.903,6.667,-3.388,6.561,-5.388,3.925,-1.292,2.738,3.027,52.84,71.31,1,35,25,1,TRUE,TRUE,622,434,622.3,433.5,693.3,421.8,FALSE,-1.515,2.741,3.132,3.027,4.127,4.127,filtered-optical,38.263,27.225,63,15.73
8,500,TRACKING,-7.004,6.74,-2.783,7.249,-4.828,4.325,-2.089,2.157,3.003,52.41,71.19,1,35,25,1,TRUE,TRUE,603,420.4,602.6,421,691.1,422.6,FALSE,-2.176,2.414,3.25,3.003,3.855,3.855,filtered-optical,38.093,27.222,63,12.93
8.016,501,TRACKING,-7.104,6.811,-1.98,7.259,-4.268,4.725,-3.122,2.252,3.849,67.18,91.62,1,35,25,1,TRUE,TRUE,578.3,422.6,579.4,421.8,688,423.3,FALSE,-2.836,2.086,3.52,3.849,3.853,3.853,filtered-optical,37.884,27.218,63,6.24
8.032,502,TRACKING,-7.204,6.881,-1.905,7.693,-3.708,5.125,-3.436,1.908,3.931,68.61,93.79,0.994,35,25,1,TRUE,TRUE,570.9,414.3,571.2,414.9,684.6,423.8,FALSE,-3.496,1.756,3.912,3.931,3.872,3.872,filtered-optical,37.665,27.2,63,5.29
8.048,503,TRACKING,-7.303,6.95,-1.714,8.465,-3.148,5.525,-3.884,1.197,4.064,70.93,97.31,0.968,35,25,1,TRUE,TRUE,560.4,397.4,560.3,397.8,680.9,423.6,FALSE,-4.155,1.425,4.393,4.064,3.919,3.919,filtered-optical,37.433,27.147,63,10.15
8.064,504,TRACKING,-7.402,7.017,-0.871,8.662,-2.588,5.925,-5.023,1.051,5.131,89.56,123.12,0.947,35,25,1,TRUE,TRUE,533.1,393.8,533.5,393.4,676.1,423.3,FALSE,-4.814,1.092,4.936,5.131,4.213,4.213,filtered-optical,37.158,27.085,63,16.24
8.08,505,TRACKING,-7.501,7.083,-0.566,8.776,-2.028,6.325,-5.645,0.985,5.73,100.01,137.61,0.932,35,25,1,TRUE,TRUE,518.2,392.1,518.6,392.1,670.9,422.8,FALSE,-5.473,0.758,5.525,5.73,4.581,4.581,filtered-optical,36.864,27.022,63,16.26
8.096,506,TRACKING,-7.599,7.147,-0.712,9.395,-1.47,6.725,-5.819,0.39,5.832,101.79,140.17,0.928,34.851,25,1,TRUE,TRUE,514,378.1,513.8,379,665.6,421.9,FALSE,-6.129,0.422,6.143,5.832,4.884,4.884,filtered-optical,36.57,26.934,63,2.99
8.112,507,TRACKING,-7.697,7.21,-0.138,9.962,-0.94,7.125,-6.747,-0.176,6.749,117.8,162.42,0.935,33.137,25,1,TRUE,TRUE,490.9,364.9,490.5,365.5,659.5,420.4,FALSE,-6.757,0.085,6.757,6.749,5.336,5.336,filtered-optical,36.095,26.82,63,3.31
8.128,508,TRACKING,-7.795,7.271,0.381,9.825,-0.464,7.525,-7.653,-0.035,7.653,133.58,184.43,0.951,29.74,25,1,TRUE,TRUE,467.5,368.4,467,368.3,652.5,419.1,FALSE,-7.33,-0.254,7.335,7.653,5.898,5.898,filtered-optical,34.022,26.715,63,19.85
8.144,509,TRACKING,-7.892,7.331,0.004,10.288,-0.066,7.925,-7.661,-0.513,7.678,134.01,185.01,0.972,24.896,25,1,TRUE,TRUE,465.3,357.4,465.2,357.8,645.6,417.4,FALSE,-7.826,-0.594,7.848,7.678,6.33,6.33,filtered-optical,30.275,26.592,63,13.87
8.16,510,TRACKING,-7.988,7.389,-0.069,10.843,0.233,8.325,-7.983,-1.105,8.059,140.65,194.21,0.996,18.668,25,1,TRUE,TRUE,454.9,343.7,455.1,343.7,638.5,415.1,FALSE,-8.221,-0.936,8.274,8.059,6.749,6.749,filtered-optical,25.077,26.445,63,12.71
8.176,511,TRACKING,-8.085,7.446,0.311,11.069,0.407,8.725,-8.786,-1.38,8.894,155.23,214.59,1,10.927,25,1,TRUE,TRUE,432.1,337.4,433.4,337,630.6,412.6,FALSE,-8.492,-1.279,8.588,8.894,7.269,7.269,filtered-optical,18.466,26.289,63,3.04
8.192,512,TRACKING,-8.181,7.501,-0.2,10.942,0.437,9.125,-8.698,-1.299,8.794,153.49,212.17,1,1.862,25,1,TRUE,TRUE,430.5,339.3,430.2,339,622.8,410.3,FALSE,-8.618,-1.624,8.769,8.794,7.639,7.639,filtered-optical,10.352,26.142,63,3.58
8.208,513,TRACKING,-8.276,7.555,-1.054,11.706,0.306,9.525,-8.247,-2.14,8.52,148.7,205.16,1,-8.213,25,1,TRUE,TRUE,437.5,319.5,437.9,319.5,615.5,407.2,FALSE,-8.582,-1.97,8.805,8.52,7.852,7.852,filtered-optical,0.944,25.961,63,12.21
8.224,514,TRACKING,-8.371,7.607,-1.247,11.917,-0.004,9.925,-8.467,-2.44,8.812,153.79,212.18,1,-19.331,25,1,TRUE,TRUE,427.7,312.3,427,312.3,607.8,403.9,FALSE,-8.367,-2.318,8.683,8.812,8.085,8.085,filtered-optical,-9.481,25.772,63,11.11
8.24,515,TRACKING,-8.466,7.658,-1.881,11.953,-0.505,10.325,-8.237,-2.568,8.628,150.58,207.61,1,-31.311,25,1,TRUE,TRUE,428.6,309.1,429.2,309.5,600.4,400.5,FALSE,-7.961,-2.668,8.396,8.628,8.216,8.216,filtered-optical,-20.93,25.584,63,20.29
8.256,516,TRACKING,-8.56,7.707,-3.225,12.093,-1.065,10.725,-7.253,-2.813,7.78,135.78,186.74,1,-35,25,1,TRUE,TRUE,451.3,303.1,451.2,301.7,594,396.9,FALSE,-7.495,-3.019,8.08,7.78,8.111,8.111,filtered-optical,-33.186,25.388,63,6.4
8.272,517,TRACKING,-8.653,7.754,-3.93,12.844,-1.625,11.125,-6.889,-3.701,7.82,136.49,187.21,1,-35,25,1,TRUE,TRUE,460.3,282.1,459.9,281.3,588.1,392.6,FALSE,-7.029,-3.371,7.796,7.82,8.04,8.04,filtered-optical,-37.122,25.159,63,3.39
8.288,518,TRACKING,-8.747,7.8,-4.283,12.654,-2.185,11.525,-6.867,-3.644,7.774,135.68,186.12,1,-35,25,1,TRUE,TRUE,461,283.4,461.5,282.9,582.4,388.4,FALSE,-6.562,-3.726,7.546,7.774,7.976,7.976,filtered-optical,-37.355,24.942,63,18.03
8.304,519,TRACKING,-8.839,7.844,-5.375,12.792,-2.745,11.924,-6.071,-3.92,7.227,126.13,172.59,1,-35,24.917,1,TRUE,TRUE,480.5,277,480.6,277.7,577.5,384.1,FALSE,-6.095,-4.08,7.335,7.227,7.794,7.794,filtered-optical,-37.542,24.723,63,10.17
8.32,520,TRACKING,-8.932,7.886,-6.358,13.162,-3.305,12.304,-5.35,-4.45,6.959,121.45,165.68,1,-35,23.739,1,TRUE,TRUE,498.2,264.3,497.8,264.2,573.4,379.4,FALSE,-5.627,-4.418,7.154,6.959,7.592,7.592,filtered-optical,-37.687,24.404,63,11.1
8.336,521,TRACKING,-9.024,7.927,-6.641,13.52,-3.865,12.647,-5.321,-4.985,7.291,127.26,173.42,1,-35,21.416,1,TRUE,TRUE,499,251,500.1,251.4,569.6,374.2,FALSE,-5.159,-4.72,6.992,7.291,7.519,7.519,filtered-optical,-37.821,22.974,63,3.4
8.352,522,TRACKING,-9.115,7.966,-7.328,13.066,-4.425,12.937,-4.869,-4.7,6.768,118.12,160.85,1,-35,18.173,1,TRUE,TRUE,510,256.7,508.7,255.1,566.1,369.4,FALSE,-4.69,-4.971,6.835,6.768,7.337,7.337,filtered-optical,-37.931,20.417,63,3.02
8.368,523,TRACKING,-9.206,8.004,-8.409,13.309,-4.985,13.161,-3.984,-5.124,6.491,113.29,153.8,1,-35,13.984,1,TRUE,TRUE,531.3,245.2,530.8,245.8,563.6,364.2,FALSE,-4.221,-5.157,6.665,6.491,7.132,7.132,filtered-optical,-37.994,16.932,63,12.38
8.384,524,TRACKING,-9.296,8.04,-8.873,13.442,-5.545,13.302,-3.701,-5.454,6.591,115.04,156.01,1,-35,8.811,1,TRUE,TRUE,538.1,235.5,537.7,234.9,561.4,358.8,FALSE,-3.752,-5.262,6.463,6.591,7.001,7.001,filtered-optical,-38.039,12.49,63,9.08
8.4,525,TRACKING,-9.386,8.074,-9.221,13.098,-6.105,13.347,-3.524,-5.299,6.364,111.06,150.57,1,-35,2.836,1,TRUE,TRUE,542.2,236.8,542.4,237.4,559.5,353.5,FALSE,-3.282,-5.274,6.211,6.364,6.846,6.846,filtered-optical,-38.072,7.08,63,16.07
8.416,526,TRACKING,-9.476,8.106,-10.135,12.528,-6.665,13.287,-2.747,-4.906,5.623,98.14,132.8,0.989,-35,-3.75,1,TRUE,TRUE,560.7,243.4,560.9,242.8,558.3,348.6,FALSE,-2.811,-5.181,5.895,5.623,6.55,6.55,filtered-optical,-38.067,0.889,63,6.46
8.432,527,TRACKING,-9.565,8.137,-10.844,12.572,-7.225,13.111,-2.149,-5.136,5.568,97.18,131.3,0.973,-35,-10.994,1,TRUE,TRUE,574.9,235,575.3,235.2,557.8,343.5,FALSE,-2.34,-4.974,5.497,5.568,6.312,6.312,filtered-optical,-38.033,-5.918,63,4.98
8.448,528,TRACKING,-9.653,8.166,-11.091,12.06,-7.785,12.812,-2.009,-4.8,5.204,90.82,122.67,0.956,-35,-18.737,1,TRUE,TRUE,578.1,239.8,577.8,239.9,557.3,338.8,FALSE,-1.869,-4.645,5.007,5.204,6.043,6.043,filtered-optical,-37.994,-13.364,63,17.91
8.464,529,TRACKING,-9.741,8.194,-11.673,11.125,-8.345,12.412,-1.51,-4.011,4.286,74.81,100.92,0.944,-35,-25,1,TRUE,TRUE,590,256,590.4,255.9,557.4,334.7,FALSE,-1.397,-4.218,4.443,4.286,5.617,5.617,filtered-optical,-37.931,-21.267,63,22.6
8.48,530,TRACKING,-9.829,8.22,-12.487,10.704,-8.905,12.012,-0.752,-3.721,3.796,66.26,89.22,0.938,-35,-25,1,TRUE,TRUE,608.2,262.8,608.1,262.9,558.2,331,FALSE,-0.924,-3.792,3.903,3.796,5.176,5.176,filtered-optical,-37.836,-27.669,63,14.47
8.496,531,TRACKING,-9.916,8.244,-12.863,10.462,-9.465,11.612,-0.414,-3.606,3.63,63.36,85.26,0.942,-35,-25,1,TRUE,TRUE,616.3,265.6,617,265,559.4,327.5,FALSE,-0.451,-3.368,3.398,3.63,4.801,4.801,filtered-optical,-37.726,-27.796,63,12.68
8.512,532,TRACKING,-10.002,8.266,-13.157,9.68,-10.025,11.212,-0.15,-2.92,2.924,51.04,68.63,0.956,-35,-25,1,TRUE,TRUE,622.7,281.9,622.6,281.7,560.7,324.7,FALSE,0.022,-2.946,2.946,2.924,4.346,4.346,filtered-optical,-37.608,-27.883,63,6.85
8.528,533,TRACKING,-10.088,8.287,-13.833,8.956,-10.585,10.812,0.523,-2.266,2.326,40.6,54.63,0.977,-35,-25,1,TRUE,TRUE,638.9,297.5,639.3,297.1,562.7,322.5,FALSE,0.496,-2.525,2.573,2.326,3.856,3.856,filtered-optical,-37.462,-27.935,63,14.89
8.544,534,TRACKING,-10.173,8.306,-14.415,8.92,-11.145,10.412,1.126,-2.3,2.561,44.69,60.33,1,-35,-25,1,TRUE,TRUE,653.5,296.9,654.1,296.8,565.3,320.5,FALSE,0.971,-2.106,2.319,2.561,3.542,3.542,filtered-optical,-37.292,-27.983,63,20.33
8.56,535,TRACKING,-10.258,8.323,-14.63,8.367,-11.705,10.012,1.368,-1.795,2.257,39.39,53.36,1,-35,-25,1,TRUE,TRUE,659.5,308.9,658.9,309.5,568,318.9,FALSE,1.446,-1.689,2.223,2.257,3.231,3.231,filtered-optical,-37.119,-28.003,63,14.22
8.576,536,TRACKING,-10.343,8.338,-15.012,7.655,-12.265,9.612,1.793,-1.103,2.105,36.75,50.16,1,-35,-25,1,TRUE,TRUE,669.8,325.2,669.6,325.9,571.1,318.1,FALSE,1.922,-1.273,2.305,2.105,2.958,2.958,filtered-optical,-36.93,-27.987,63,4.36
8.592,537,TRACKING,-10.426,8.352,-15.669,7.293,-12.825,9.212,2.523,-0.748,2.631,45.93,62.96,1,-35,-25,1,TRUE,TRUE,687.4,333.4,688.1,334,574.8,317.6,FALSE,2.398,-0.86,2.547,2.631,2.879,2.879,filtered-optical,-36.713,-27.953,63,4.88
8.608,538,TRACKING,-10.51,8.364,-16.025,7.304,-13.385,8.812,2.965,-0.768,3.063,53.45,73.33,1,-35,-25,1,TRUE,TRUE,698.1,332.7,697.8,333.4,578.9,317.1,FALSE,2.875,-0.448,2.909,3.063,2.923,2.923,filtered-optical,-36.486,-27.92,63,12.8
8.624,539,TRACKING,-10.592,8.374,-16.152,6.45,-13.945,8.412,3.184,0.11,3.186,55.6,76.39,1,-35,-25,1,TRUE,TRUE,703.3,353.1,703.2,352.9,583.1,317.4,FALSE,3.352,-0.037,3.352,3.186,2.987,2.987,filtered-optical,-36.256,-27.848,63,12.39
8.64,540,TRACKING,-10.675,8.383,-16.653,6.089,-14.505,8.012,3.799,0.507,3.833,66.9,91.92,1,-35,-25,1,TRUE,TRUE,718,362.2,718.3,361.9,587.8,318.1,FALSE,3.83,0.371,3.848,3.833,3.192,3.192,filtered-optical,-36.005,-27.758,63,15.51
8.656,541,TRACKING,-10.756,8.39,-17.223,5.948,-15.065,7.612,4.506,0.689,4.559,79.56,109.37,1,-35,-25,1,TRUE,TRUE,734.8,366.4,734.3,365.4,593,318.9,FALSE,4.308,0.778,4.378,4.559,3.523,3.523,filtered-optical,-35.734,-27.663,63,3.21
8.672,542,TRACKING,-10.837,8.395,-17.308,5.723,-15.625,7.212,4.733,0.963,4.83,84.29,115.85,1,-35,-25,1,TRUE,TRUE,740.1,372.8,739.2,371.3,598.3,319.9,FALSE,4.787,1.183,4.931,4.83,3.84,3.84,filtered-optical,-35.464,-27.558,63,3.44
8.688,543,TRACKING,-10.918,8.398,-17.497,4.861,-16.185,6.812,5.073,1.911,5.42,94.6,129.81,0.988,-35,-25,1,TRUE,TRUE,748.1,395.1,747.4,394.7,603.9,321.8,FALSE,5.267,1.587,5.5,5.42,4.223,4.223,filtered-optical,-35.189,-27.409,63,21.91
8.704,544,TRACKING,-10.998,8.4,-18.144,4.932,-16.745,6.412,5.9,1.923,6.205,108.3,148.83,0.975,-35,-25,1,TRUE,TRUE,768,395.6,767.9,394.8,610.1,323.8,FALSE,5.747,1.988,6.081,6.205,4.704,4.704,filtered-optical,-34.886,-27.263,63,11.2
8.72,545,TRACKING,-11.077,8.4,-18.398,4.721,-17.285,6.012,6.347,2.227,6.726,117.39,161.35,0.969,-33.811,-25,1,TRUE,TRUE,779.2,403,778.6,402.4,616.7,326,FALSE,6.208,2.388,6.652,6.726,5.194,5.194,filtered-optical,-34.575,-27.107,63,16.11
8.736,546,TRACKING,-11.156,8.398,-18.253,4.263,-17.786,5.612,6.393,2.797,6.978,121.78,167.19,0.969,-31.299,-25,1,TRUE,TRUE,781.2,416.5,780.3,415.3,623.1,328.6,FALSE,6.63,2.786,7.192,6.978,5.626,5.626,filtered-optical,-33.084,-26.929,63,15.15
8.752,547,TRACKING,-11.234,8.394,-18.61,3.731,-18.225,5.212,6.961,3.465,7.776,135.72,186.28,0.973,-27.396,-25,1,TRUE,TRUE,796.6,432.4,796,432.6,630.1,331.9,FALSE,6.99,3.182,7.681,7.776,6.148,6.148,filtered-optical,-30.253,-26.723,63,9.12
8.768,548,TRACKING,-11.312,8.389,-18.953,4.013,-18.577,4.812,7.538,3.311,8.233,143.69,197.55,0.98,-22.033,-25,1,TRUE,TRUE,812.8,428.7,813.4,429.3,637.5,335,FALSE,7.265,3.577,8.098,8.233,6.653,6.653,filtered-optical,-26.013,-26.529,63,21.54
8.784,549,TRACKING,-11.389,8.382,-18.516,3.541,-18.825,4.412,7.324,3.928,8.31,145.05,199.06,0.985,-15.475,-25,1,TRUE,TRUE,810.2,443.1,809.9,442.3,644.7,338.6,FALSE,7.436,3.97,8.429,8.31,7.055,7.055,filtered-optical,-20.332,-26.317,63,14.09
8.8,550,TRACKING,-11.465,8.373,-18.226,3.095,-18.951,4.014,7.253,4.539,8.556,149.33,204.66,0.988,-7.866,-24.862,1,TRUE,TRUE,811.7,457.4,811,457.2,651.8,342.7,FALSE,7.485,4.359,8.662,8.556,7.419,7.419,filtered-optical,-13.469,-26.083,63,11.05
8.816,551,TRACKING,-11.541,8.362,-18.366,3.012,-18.935,3.634,7.637,4.782,9.011,157.27,215.64,0.987,0.958,-23.755,1,TRUE,TRUE,824.6,463.3,830.7,457.6,659.5,346.7,FALSE,7.394,4.728,8.777,9.011,7.805,7.805,filtered-optical,-5.532,-25.718,63,8.71
8.832,552,TRACKING,-11.617,8.35,-17.769,3.189,-18.765,3.286,7.262,4.773,8.69,151.67,207.79,0.983,10.661,-21.71,1,TRUE,TRUE,819.4,463.7,820.4,464,666.6,350.9,FALSE,7.148,5.063,8.76,8.69,8.019,8.019,filtered-optical,3.587,-24.38,63,3.41
8.848,553,TRACKING,-11.691,8.336,-16.744,2.649,-18.431,2.989,6.424,5.504,8.459,147.63,201.58,0.977,20.86,-18.579,1,TRUE,TRUE,803,482,802.3,481.7,672.8,355.7,FALSE,6.74,5.347,8.603,8.459,8.126,8.126,filtered-optical,13.538,-22.077,63,13.58
8.864,554,TRACKING,-11.765,8.32,-16.354,2.627,-17.927,2.755,6.214,5.722,8.447,147.42,201.12,0.973,31.514,-14.634,1,TRUE,TRUE,802.1,488.7,801.8,488.7,678.9,360.7,FALSE,6.161,5.565,8.303,8.447,8.204,8.204,filtered-optical,23.972,-18.685,63,14.2
8.88,555,TRACKING,-11.839,8.303,-15.805,3.02,-17.367,2.602,5.827,5.516,8.023,140.04,190.92,0.973,35,-9.586,1,TRUE,TRUE,794,485.8,793.7,486.3,684.6,365.5,FALSE,5.528,5.701,7.941,8.023,8.16,8.16,filtered-optical,34.835,-14.494,63,15.17
8.896,556,TRACKING,-11.912,8.283,-14.546,3.083,-16.807,2.542,4.68,5.641,7.33,127.93,173.89,0.979,35,-3.752,1,TRUE,TRUE,766.1,491.2,765.8,491,689,370.4,FALSE,4.895,5.742,7.545,7.33,7.959,7.959,filtered-optical,38.468,-9.199,63,3.86
8.912,557,TRACKING,-11.984,8.262,-13.856,2.999,-16.247,2.588,4.075,5.923,7.189,125.48,170.26,0.991,35,2.899,1,TRUE,TRUE,751.4,500.6,751.8,499.8,692.8,375.5,FALSE,4.263,5.674,7.097,7.189,7.772,7.772,filtered-optical,38.581,-3.111,63,6.23
8.928,558,TRACKING,-12.055,8.24,-13.654,3.632,-15.687,2.75,3.951,5.471,6.749,117.78,159.83,1,35,10.149,1,TRUE,TRUE,748.2,492.9,749,493.3,696.4,380.2,FALSE,3.631,5.489,6.582,6.749,7.524,7.524,filtered-optical,38.681,3.77,63,12.08
8.944,559,TRACKING,-12.126,8.215,-12.684,4.334,-15.127,3.035,3.017,4.927,5.777,100.83,136.55,1,35,17.759,1,TRUE,TRUE,725.6,482.9,725.9,482.5,699,384.5,FALSE,3,5.181,5.987,5.777,7.101,7.101,filtered-optical,38.733,11.22,63,24.48
8.96,560,TRACKING,-12.197,8.189,-11.712,4.495,-14.567,3.435,2.041,4.923,5.329,93.01,125.63,1,35,25,1,TRUE,TRUE,702,485.6,702.3,486,700.5,388.8,FALSE,2.37,4.755,5.313,5.329,6.671,6.671,filtered-optical,38.736,19.028,63,7.81
8.976,561,TRACKING,-12.266,8.162,-11.583,5.092,-14.007,3.835,1.899,4.458,4.846,84.57,114.21,1,35,25,1,TRUE,TRUE,698.5,474.4,697.7,474.4,701.9,392.6,FALSE,1.74,4.327,4.664,4.846,6.229,6.229,filtered-optical,38.728,26.436,63,3.36
8.992,562,TRACKING,-12.335,8.132,-11.069,5.921,-13.447,4.235,1.351,3.726,3.963,69.17,93.29,1,35,25,1,TRUE,TRUE,685.4,457,685.5,455.8,702.7,395.5,FALSE,1.111,3.898,4.053,3.963,5.679,5.679,filtered-optical,38.695,26.559,63,10.35
9.008,563,TRACKING,-12.404,8.101,-9.998,6.381,-12.887,4.635,0.2,3.345,3.351,58.49,78.68,1,35,25,1,TRUE,TRUE,657.8,447.8,657.5,447.9,702.5,398.1,FALSE,0.483,3.466,3.5,3.351,5.115,5.115,filtered-optical,38.609,26.66,63,13.76
9.024,564,TRACKING,-12.472,8.068,-9.665,6.454,-12.327,5.035,-0.229,3.346,3.354,58.54,78.75,1,35,25,1,TRUE,TRUE,647.7,447.6,647.8,447.6,701.8,400.6,FALSE,-0.145,3.034,3.037,3.354,4.688,4.688,filtered-optical,38.506,26.756,63,21.87
9.04,565,TRACKING,-12.539,8.034,-9.546,7.359,-11.767,5.435,-0.454,2.477,2.518,43.95,59.13,1,35,25,1,TRUE,TRUE,642.5,427.1,642,426.6,700.9,402.3,FALSE,-0.772,2.599,2.711,2.518,4.162,4.162,filtered-optical,38.393,26.806,63,14.71
9.056,566,TRACKING,-12.605,7.998,-8.659,7.839,-11.207,5.835,-1.483,2.013,2.5,43.64,59.1,1,35,25,1,TRUE,TRUE,618,416.2,618.6,416.9,699,403.5,FALSE,-1.399,2.163,2.576,2.5,3.759,3.759,filtered-optical,38.239,26.833,63,5.61
9.072,567,TRACKING,-12.671,7.96,-8.032,8.054,-10.647,6.235,-2.285,1.804,2.911,50.81,69.21,0.975,35,25,1,TRUE,TRUE,598.9,411.5,598.4,412.7,696.4,404.5,FALSE,-2.024,1.725,2.66,2.911,3.554,3.554,filtered-optical,38.051,26.85,63,9.26
9.088,568,TRACKING,-12.736,7.92,-8.058,8.331,-10.087,6.635,-2.437,1.519,2.872,50.12,68.42,0.953,35,25,1,TRUE,TRUE,595.4,405,594.8,405.6,693.7,405.3,FALSE,-2.65,1.286,2.945,2.872,3.388,3.388,filtered-optical,37.861,26.851,63,20.76
9.104,569,TRACKING,-12.801,7.879,-7.561,9.271,-9.527,7.035,-3.136,0.529,3.18,55.51,76.22,0.94,35,25,1,TRUE,TRUE,578.7,381.9,578.2,382.3,690.4,405.1,FALSE,-3.274,0.845,3.381,3.18,3.338,3.338,filtered-optical,37.645,26.804,63,13.68
9.12,570,TRACKING,-12.865,7.836,-6.772,9.298,-8.967,7.435,-4.165,0.448,4.189,73.12,100.51,0.936,35,25,1,TRUE,TRUE,553.9,380.2,553.6,380.9,686.2,404.8,FALSE,-3.898,0.402,3.919,4.189,3.544,3.544,filtered-optical,37.39,26.755,63,16.5
9.136,571,TRACKING,-12.928,7.792,-6.668,9.558,-8.407,7.835,-4.519,0.119,4.52,78.89,108.5,0.942,35,25,1,TRUE,TRUE,545.4,372.6,545.8,373.1,681.7,404.2,FALSE,-4.521,-0.043,4.521,4.52,3.781,3.781,filtered-optical,37.128,26.691,63,4.83
9.152,572,TRACKING,-12.99,7.746,-6.551,10.062,-7.847,8.235,-4.898,-0.479,4.922,85.9,118.15,0.955,35,25,1,TRUE,TRUE,536.1,358.5,535.4,358.6,676.9,403.1,FALSE,-5.144,-0.489,5.167,4.922,4.057,4.057,filtered-optical,36.855,26.6,63,5.27
9.168,573,TRACKING,-13.052,7.698,-5.861,10.693,-7.287,8.635,-5.883,-1.233,6.011,104.92,144.36,0.972,35,25,1,TRUE,TRUE,512.2,340.7,512.2,341.2,671.3,401.3,FALSE,-5.766,-0.936,5.841,6.011,4.531,4.531,filtered-optical,36.548,26.476,63,17.03
9.184,574,TRACKING,-13.114,7.649,-5.526,10.465,-6.747,9.035,-6.537,-1.127,6.633,115.77,159.47,0.99,33.76,25,1,TRUE,TRUE,495.7,343,495.8,343,665.2,399.6,FALSE,-6.367,-1.385,6.516,6.633,5.041,5.041,filtered-optical,36.222,26.359,63,15.11
9.2,575,TRACKING,-13.174,7.598,-5.644,10.974,-6.249,9.435,-6.742,-1.784,6.974,121.71,167.55,1,31.07,25,1,TRUE,TRUE,489.6,327.4,489.3,327.4,658.9,397.3,FALSE,-6.925,-1.836,7.164,6.974,5.509,5.509,filtered-optical,34.654,26.215,63,12.37
9.216,576,TRACKING,-13.234,7.546,-5.388,11.473,-5.819,9.835,-7.341,-2.456,7.74,135.1,185.96,1,26.906,25,1,TRUE,TRUE,473.3,311.4,473.8,312.2,652.1,394.5,FALSE,-7.415,-2.288,7.76,7.74,6.05,6.05,filtered-optical,31.62,26.046,63,6.33
9.232,577,TRACKING,-13.293,7.492,-5.084,11.652,-5.479,10.235,-8.01,-2.824,8.493,148.23,204.18,1,21.214,25,1,TRUE,TRUE,454.7,302.7,455.9,302.6,644.8,391.3,FALSE,-7.813,-2.742,8.281,8.493,6.642,6.642,filtered-optical,27.091,25.863,63,4.71
9.248,578,TRACKING,-13.351,7.437,-5.377,11.533,-5.253,10.635,-8.086,-2.894,8.589,149.9,206.49,1,14.135,25,1,TRUE,TRUE,450.1,301.1,449.8,301.5,637.3,388.2,FALSE,-8.098,-3.198,8.707,8.589,7.114,7.114,filtered-optical,21.037,25.684,63,12.16
9.264,579,TRACKING,-13.409,7.38,-5.754,12.22,-5.16,11.035,-8.075,-3.805,8.927,155.8,214.25,1,5.835,25,1,TRUE,TRUE,447.2,279.8,447.3,279.9,629.9,384.3,FALSE,-8.249,-3.655,9.023,8.927,7.554,7.554,filtered-optical,13.605,25.47,63,16.23
9.28,580,TRACKING,-13.466,7.321,-5.881,12.446,-5.218,11.435,-8.323,-4.271,9.355,163.27,224.46,1,-3.65,25,1,TRUE,TRUE,437.6,269.1,438.2,269.6,622.3,380,FALSE,-8.248,-4.113,9.217,9.355,7.99,7.99,filtered-optical,4.951,25.242,63,22.61
9.296,581,TRACKING,-13.523,7.261,-6.363,12.33,-5.445,11.821,-8.212,-4.398,9.316,162.59,223.41,1,-14.19,24.179,1,TRUE,TRUE,436.3,266,435.6,266,614.8,375.7,FALSE,-8.077,-4.56,9.276,9.316,8.312,8.312,filtered-optical,-4.88,25.017,63,5.08
9.312,582,TRACKING,-13.578,7.199,-7.313,12.521,-5.853,12.178,-7.608,-4.849,9.022,157.46,215.86,1,-25.468,22.272,1,TRUE,TRUE,446.9,254.8,446.8,254.8,607.8,371.1,FALSE,-7.725,-4.978,9.19,9.022,8.484,8.484,filtered-optical,-15.731,23.957,63,4.16
9.328,583,TRACKING,-13.633,7.136,-8.118,12.986,-6.413,12.484,-7.128,-5.605,9.068,158.27,216.44,1,-35,19.132,1,TRUE,TRUE,455,235.8,455.1,235.1,601.3,365.7,FALSE,-7.22,-5.347,8.985,9.068,8.625,8.625,filtered-optical,-27.29,21.782,63,11.91
9.344,584,TRACKING,-13.687,7.072,-8.692,12.73,-6.973,12.722,-6.863,-5.639,8.883,155.03,211.86,1,-35,14.891,1,TRUE,TRUE,461.6,233.4,462,233.1,595.2,360.5,FALSE,-6.714,-5.65,8.776,8.883,8.688,8.688,filtered-optical,-37.078,18.381,63,9.27
9.36,585,TRACKING,-13.741,7.006,-9.582,12.425,-7.533,12.878,-6.251,-5.624,8.408,146.75,200.26,1,-35,9.754,1,TRUE,TRUE,476.5,231.6,477.2,231.6,589.9,355.2,FALSE,-6.208,-5.872,8.545,8.408,8.62,8.62,filtered-optical,-37.294,13.886,63,11.85
9.376,586,TRACKING,-13.794,6.938,-10.549,12.629,-8.093,12.936,-5.529,-6.138,8.261,144.18,196.28,1,-35,3.586,1,TRUE,TRUE,494,216.9,493.4,217,585.3,349.5,FALSE,-5.701,-5.997,8.274,8.261,8.533,8.533,filtered-optical,-37.47,8.478,63,5.5
9.392,587,TRACKING,-13.846,6.87,-11.094,12.344,-8.653,12.88,-5.212,-6.165,8.073,140.9,191.67,1,-35,-3.502,1,TRUE,TRUE,501.6,213.3,500.7,213.9,581,343.8,FALSE,-5.193,-6.01,7.943,8.073,8.421,8.421,filtered-optical,-37.624,2.045,63,4.55
9.408,588,TRACKING,-13.897,6.799,-11.651,11.611,-9.213,12.699,-4.863,-5.728,7.514,131.15,178.32,1,-35,-11.259,1,TRUE,TRUE,509.9,220.6,510.3,221.2,577.3,338.5,FALSE,-4.684,-5.9,7.534,7.514,8.202,8.202,filtered-optical,-37.752,-5.282,63,13.85
9.424,589,TRACKING,-13.948,6.727,-12.61,11.122,-9.773,12.386,-4.078,-5.529,6.87,119.91,162.76,1,-35,-19.582,1,TRUE,TRUE,528.7,222.1,528.5,222.3,574.3,333.4,FALSE,-4.175,-5.659,7.032,6.87,7.879,7.879,filtered-optical,-37.839,-13.265,63,9.07
9.44,590,TRACKING,-13.998,6.654,-13.326,10.932,-10.333,11.986,-3.51,-5.634,6.638,115.86,157.02,0.995,-35,-25,1,TRUE,TRUE,542.2,217.6,542.6,217.3,572,328.2,FALSE,-3.665,-5.332,6.47,6.638,7.578,7.578,filtered-optical,-37.895,-21.815,63,12.57
9.456,591,TRACKING,-14.047,6.58,-13.642,9.946,-10.893,11.586,-3.333,-4.911,5.935,103.58,140.41,0.972,-35,-25,1,TRUE,TRUE,546.3,234.9,545.5,235.5,569.8,323.8,FALSE,-3.154,-5.006,5.917,5.935,7.18,7.18,filtered-optical,-37.942,-27.412,63,5.25
9.472,592,TRACKING,-14.096,6.504,-14.356,9.309,-11.453,11.186,-2.729,-4.518,5.278,92.12,124.69,0.95,-35,-25,1,TRUE,TRUE,560.7,244.4,561.9,244.2,568.3,319.8,FALSE,-2.643,-4.682,5.376,5.278,6.719,6.719,filtered-optical,-37.954,-27.565,63,4.29
9.488,593,TRACKING,-14.143,6.427,-15.269,8.983,-12.013,10.786,-1.891,-4.429,4.816,84.05,113.5,0.935,-35,-25,1,TRUE,TRUE,580.8,246.7,581.4,247,567.7,316.1,FALSE,-2.13,-4.359,4.852,4.816,6.257,6.257,filtered-optical,-37.928,-27.706,63,12.47
9.504,594,TRACKING,-14.19,6.348,-15.581,8.606,-12.573,10.386,-1.643,-4.282,4.586,80.04,108.02,0.929,-35,-25,1,TRUE,TRUE,586.8,250.3,586.3,250,567.2,312.5,FALSE,-1.617,-4.038,4.35,4.586,5.852,5.852,filtered-optical,-37.891,-27.833,63,15
9.52,595,TRACKING,-14.237,6.268,-15.924,7.546,-13.133,9.986,-1.352,-3.413,3.671,64.07,86.42,0.933,-35,-25,1,TRUE,TRUE,593.9,270.9,593.7,271,567.1,309.9,FALSE,-1.104,-3.718,3.878,3.671,5.323,5.323,filtered-optical,-37.841,-27.912,63,16.92
9.536,596,TRACKING,-14.282,6.187,-16.856,7.368,-13.693,9.586,-0.432,-3.425,3.452,60.25,81.07,0.948,-35,-25,1,TRUE,TRUE,616.1,270.5,616.8,271.6,567.9,307.3,FALSE,-0.589,-3.399,3.45,3.452,4.87,4.87,filtered-optical,-37.748,-27.984,63,5.16
9.552,597,TRACKING,-14.327,6.105,-17.391,7.004,-14.253,9.186,0.11,-3.244,3.246,56.66,76.2,0.969,-35,-25,1,TRUE,TRUE,629.2,274.6,629,274.5,569.2,305,FALSE,-0.074,-3.081,3.082,3.246,4.476,4.476,filtered-optical,-37.634,-28.046,63,4.94
9.568,598,TRACKING,-14.371,6.021,-17.445,6.39,-14.813,8.786,0.176,-2.794,2.8,48.86,65.7,0.995,-35,-25,1,TRUE,TRUE,631,285,631.2,285.5,570.5,303.1,FALSE,0.442,-2.765,2.8,2.8,4.07,4.07,filtered-optical,-37.518,-28.082,63,26.76
9.584,599,TRACKING,-14.414,5.936,-18.133,5.6,-15.373,8.386,0.905,-2.141,2.324,40.57,54.71,1,-35,-25,1,TRUE,TRUE,648.6,300.2,648.4,300.8,572.5,301.9,FALSE,0.959,-2.45,2.631,2.324,3.647,3.647,filtered-optical,-37.374,-28.084,63,11.64
9.6,600,TRACKING,-14.457,5.85,-18.939,5.697,-15.933,7.986,1.785,-2.385,2.979,51.99,70.43,1,-35,-25,1,TRUE,TRUE,669.8,294.3,670.1,294.4,575.3,300.5,FALSE,1.476,-2.136,2.597,2.979,3.485,3.485,filtered-optical,-37.193,-28.096,63,15.16
9.616,601,TRACKING,-14.499,5.762,-18.961,5.073,-16.493,7.586,1.884,-1.887,2.666,46.54,63.22,1,-35,-25,1,TRUE,TRUE,672.1,305.9,672.2,306.4,578.2,299.5,FALSE,1.994,-1.824,2.702,2.666,3.286,3.286,filtered-optical,-37.014,-28.082,63,4.48
9.632,602,TRACKING,-14.54,5.674,-19.236,4.437,-17.053,7.186,2.251,-1.358,2.628,45.87,62.64,1,-35,-25,1,TRUE,TRUE,680.9,318.4,681.4,318.1,581.4,299.1,FALSE,2.513,-1.512,2.933,2.628,3.127,3.127,filtered-optical,-36.823,-28.044,63,4.21
9.648,603,TRACKING,-14.58,5.584,-20.146,4.079,-17.613,6.786,3.289,-1.095,3.466,60.5,82.94,1,-35,-25,1,TRUE,TRUE,705.7,324.7,705.4,325.3,585.4,299,FALSE,3.033,-1.202,3.262,3.466,3.209,3.209,filtered-optical,-36.594,-27.99,63,10.79
9.664,604,TRACKING,-14.62,5.493,-20.401,4.092,-18.173,6.386,3.684,-1.208,3.877,67.67,92.8,1,-35,-25,1,TRUE,TRUE,715,322.3,714.3,321.8,589.7,298.8,FALSE,3.553,-0.893,3.664,3.877,3.371,3.371,filtered-optical,-36.356,-27.943,63,15.55
9.68,605,TRACKING,-14.659,5.401,-20.316,3.258,-18.733,5.986,3.742,-0.443,3.768,65.77,90.37,1,-35,-25,1,TRUE,TRUE,716.3,340.5,716.8,341,594.1,299.3,FALSE,4.074,-0.585,4.116,3.768,3.467,3.467,filtered-optical,-36.121,-27.858,63,14.88
9.696,606,TRACKING,-14.697,5.308,-21.043,2.876,-19.293,5.586,4.643,-0.12,4.645,81.06,111.5,1,-35,-25,1,TRUE,TRUE,737.8,348.2,738.2,348.2,599.2,300.1,FALSE,4.596,-0.278,4.605,4.645,3.753,3.753,filtered-optical,-35.855,-27.76,63,4.57
9.712,607,TRACKING,-14.734,5.214,-21.627,2.808,-19.853,5.186,5.428,-0.112,5.429,94.76,130.45,1,-35,-25,1,TRUE,TRUE,756.6,348.4,756.7,347.9,604.9,300.9,FALSE,5.119,0.027,5.119,5.429,4.159,4.159,filtered-optical,-35.564,-27.664,63,3.4
9.728,608,TRACKING,-14.77,5.118,-21.43,2.472,-20.413,4.786,5.429,0.175,5.432,94.81,130.51,0.995,-35,-25,1,TRUE,TRUE,756.5,355.1,757,354.5,610.5,302,FALSE,5.643,0.332,5.652,5.432,4.468,4.468,filtered-optical,-35.284,-27.557,63,9.54
9.744,609,TRACKING,-14.806,5.022,-21.755,1.726,-20.968,4.386,5.969,0.9,6.036,105.35,145.04,0.993,-34.703,-25,1,TRUE,TRUE,769.6,371.9,769.3,372.7,616.5,303.8,FALSE,6.162,0.636,6.195,6.036,4.848,4.848,filtered-optical,-34.991,-27.416,63,12.18
9.76,610,TRACKING,-14.841,4.924,-22.502,1.67,-21.493,3.986,6.965,0.934,7.028,122.66,169.1,0.995,-32.799,-25,1,TRUE,TRUE,794.6,372.5,794,373,623.3,305.6,FALSE,6.652,0.938,6.718,7.028,5.376,5.376,filtered-optical,-34.366,-27.278,63,9.23
9.776,611,TRACKING,-14.875,4.826,-22.39,1.583,-21.963,3.586,7.111,0.999,7.181,125.33,172.82,0.998,-29.406,-25,1,TRUE,TRUE,799.5,373.8,801.7,374.4,630.3,307.4,FALSE,7.088,1.24,7.196,7.181,5.814,5.814,filtered-optical,-32.133,-27.141,63,4.24
9.792,612,TRACKING,-14.909,4.726,-22.158,0.931,-22.359,3.186,7.132,1.652,7.321,127.78,176.06,0.999,-24.728,-25,1,TRUE,TRUE,802,389,802.1,389.1,637.2,309.7,FALSE,7.45,1.54,7.608,7.321,6.179,6.179,filtered-optical,-28.423,-26.978,63,2.93
9.808,613,TRACKING,-14.941,4.626,-22.604,0.577,-22.657,2.786,7.86,2.019,8.115,141.63,195.29,0.996,-18.628,-25,1,TRUE,TRUE,822.3,397.5,822.5,397.9,644.7,312.4,FALSE,7.716,1.84,7.932,8.115,6.649,6.649,filtered-optical,-23.404,-26.803,63,8.32
9.824,614,TRACKING,-14.973,4.524,-22.549,0.638,-22.836,2.386,8.093,1.966,8.329,145.36,200.55,0.99,-11.186,-25,1,TRUE,TRUE,831,396.4,831.1,396.9,652.4,315,FALSE,7.863,2.138,8.148,8.329,7.056,7.056,filtered-optical,-16.961,-26.635,63,13.16
9.84,615,TRACKING,-15.005,4.422,-21.804,0.324,-22.88,1.986,7.618,2.299,7.958,138.89,191.34,0.979,-2.716,-25,1,TRUE,TRUE,822.9,404.4,823.1,405.1,659.6,317.8,FALSE,7.875,2.436,8.243,7.958,7.275,7.275,filtered-optical,-9.205,-26.456,63,15.63
9.856,616,TRACKING,-15.035,4.319,-21.563,-0.355,-22.772,1.586,7.649,3.023,8.225,143.55,197.51,0.967,6.713,-25,1,TRUE,TRUE,827.4,421.6,827.3,421.8,666.9,321.3,FALSE,7.737,2.732,8.206,8.225,7.505,7.505,filtered-optical,-0.428,-26.251,63,4.97
9.872,617,TRACKING,-15.064,4.214,-21.36,-0.252,-22.499,1.186,7.721,2.96,8.269,144.32,198.63,0.956,17.063,-25,1,TRUE,TRUE,833.2,420.3,832.9,421.5,674.1,324.7,FALSE,7.435,3.028,8.028,8.269,7.69,7.69,filtered-optical,9.307,-26.053,63,3.15
9.888,618,TRACKING,-15.093,4.109,-20.295,-0.394,-22.052,0.786,6.899,3.145,7.582,132.32,181.72,0.95,27.971,-25,1,TRUE,TRUE,817.3,424.8,817.1,424.7,680.7,328.1,FALSE,6.958,3.323,7.711,7.582,7.664,7.664,filtered-optical,19.918,-25.855,63,14.6
9.904,619,TRACKING,-15.121,4.003,-19.318,-0.867,-21.492,0.386,6.134,3.678,7.152,124.83,170.92,0.951,35,-25,1,TRUE,TRUE,801.3,437.4,801.2,437.8,686.4,332,FALSE,6.37,3.617,7.326,7.152,7.54,7.54,filtered-optical,31.046,-25.639,63,12.55
9.92,620,TRACKING,-15.148,3.897,-18.935,-1.277,-20.932,-0.014,5.952,4.162,7.263,126.76,173.31,0.961,35,-25,1,TRUE,TRUE,796.7,448.7,797.2,448.5,691.9,336.3,FALSE,5.783,3.911,6.981,7.263,7.473,7.473,filtered-optical,38.277,-25.409,63,18.17
9.936,621,TRACKING,-15.175,3.789,-18.145,-0.954,-20.372,-0.402,5.334,3.9,6.608,115.33,157.52,0.979,35,-24.249,1,TRUE,TRUE,781.6,442.6,782.2,442.6,696.7,340.2,FALSE,5.197,4.191,6.676,6.608,7.263,7.263,filtered-optical,38.441,-25.2,63,4.44
9.952,622,TRACKING,-15.201,3.681,-17.073,-1.421,-19.812,-0.762,4.394,4.447,6.252,109.11,148.46,1,35,-22.516,1,TRUE,TRUE,758.7,456,759.5,457.2,700.4,344.6,FALSE,4.611,4.443,6.403,6.252,7.018,7.018,filtered-optical,38.554,-24.219,63,5.35
9.968,623,TRACKING,-15.225,3.572,-16.566,-1.7,-19.252,-1.079,3.999,4.815,6.259,109.24,148.37,1,35,-19.812,1,TRUE,TRUE,749.1,465.4,749.6,465,703.7,349.3,FALSE,4.026,4.651,6.151,6.259,6.834,6.834,filtered-optical,38.642,-22.249,63,9.35
9.984,624,TRACKING,-15.249,3.462,-16.122,-1.646,-18.692,-1.339,3.651,4.848,6.069,105.92,143.71,1,35,-16.244,1,TRUE,TRUE,740.6,467.4,741.2,466.7,706.6,353.9,FALSE,3.442,4.801,5.907,6.069,6.648,6.648,filtered-optical,38.708,-19.315,63,11.1
10,625,TRACKING,-15.273,3.351,-15.208,-1.287,-18.132,-1.531,2.796,4.564,5.353,93.42,126.48,1,35,-11.988,1,TRUE,TRUE,720.1,462.3,720,462.6,708.6,358.3,FALSE,2.859,4.882,5.658,5.353,6.334,6.334,filtered-optical,38.73,-15.534,63,12.22
