timestamp_s,frame_number,tracking_status,target_pan_deg,target_tilt_deg,estimated_pan_deg,estimated_tilt_deg,gimbal_pan_deg,gimbal_tilt_deg,pan_error_deg,tilt_error_deg,total_angular_error_deg,total_angular_error_mrad,pixel_error_px,rssi_signal_strength,pan_pid_output,tilt_pid_output,detection_confidence,beacon_visible,ground_truth_in_fov,ground_truth_x_px,ground_truth_y_px,detected_x_px,detected_y_px,predicted_x_px,predicted_y_px,link_locked,mechanical_pan_error_deg,mechanical_tilt_error_deg,mechanical_pointing_error_deg,instantaneous_optical_error_deg,filtered_optical_error_deg,lock_evaluation_error_deg,lock_evaluation_mode,feedforward_pan_rate_dps,feedforward_tilt_rate_dps,fps,processing_time_ms
0.016,1,ACQUIRING,11.998,0.116,18.534,-2.525,0.56,-0.263,11.275,0.615,11.291,197.07,274,0.951,35,-16.409,1,TRUE,TRUE,927.8,368.7,1080.9,312.5,1080.9,312.5,FALSE,11.438,0.379,11.444,11.291,11.291,11.291,filtered-optical,0,0,63,27.74
0.032,2,TRACKING,11.996,0.174,18.512,-2.552,1.12,-0.663,10.996,0.911,11.034,192.58,267.54,0.957,35,-25,1,TRUE,TRUE,921,372.2,1072.8,317.6,1073.1,317.4,FALSE,10.876,0.837,10.908,11.034,11.229,11.229,filtered-optical,34.998,-16.407,63,32.87
0.048,3,TRACKING,11.993,0.232,15.921,-1.463,1.68,-1.039,10.418,1.129,10.479,182.89,253.72,0.967,35,-23.52,1,TRUE,TRUE,906.7,377.6,906,377.1,991,346.7,FALSE,10.313,1.271,10.391,10.479,11.047,11.047,filtered-optical,34.308,-24.736,63,17.07
0.064,4,TRACKING,11.988,0.29,15.362,-1.182,2.24,-1.324,9.599,1.483,9.713,169.52,234.71,0.978,35,-17.83,1,TRUE,TRUE,886.5,387.8,886.7,387.2,956.2,360.3,FALSE,9.748,1.614,9.881,9.713,10.724,10.724,filtered-optical,33.479,-22.912,63,33.97
0.08,5,TRACKING,11.983,0.348,14.974,-1.265,2.8,-1.463,9.135,2.134,9.381,163.73,226.3,0.985,35,-8.652,1,TRUE,TRUE,875,406.4,874.5,406.5,934.9,372.2,FALSE,9.183,1.811,9.36,9.381,10.398,10.398,filtered-optical,32.527,-16.645,63,18.24
0.096,6,TRACKING,11.977,0.406,15.949,-1.084,3.36,-1.522,8.778,1.797,8.96,156.39,216.09,0.988,35,-3.74,1,TRUE,TRUE,866.1,400.2,1012.9,346.7,950.6,367.2,FALSE,8.617,1.929,8.83,8.96,10.05,10.05,filtered-optical,33.74,-7.893,63,39.36
0.112,7,TRACKING,11.97,0.464,16.961,-1.197,3.92,-1.542,8.044,1.847,8.253,144.05,198.74,0.986,35,-1.228,1,TRUE,TRUE,847.8,402.4,991.6,350.6,957.7,364.4,FALSE,8.05,2.006,8.297,8.253,9.614,9.614,filtered-optical,34.52,-3.317,63,55.45
0.128,8,TRACKING,11.962,0.522,16.816,-1.06,4.48,-1.467,7.32,2.105,7.616,132.93,183.08,0.982,35,4.684,1,TRUE,TRUE,829.9,410.9,830.5,410.3,936.1,372.3,FALSE,7.482,1.989,7.742,7.616,9.13,9.13,filtered-optical,31.751,0.258,63,30.81
0.144,9,TRACKING,11.954,0.58,16.374,-0.622,5.04,-1.258,6.979,2.021,7.266,126.81,174.57,0.977,35,13.1,1,TRUE,TRUE,821.4,412.4,821.8,412.9,916.7,379.2,FALSE,6.914,1.838,7.154,7.266,8.678,8.678,filtered-optical,28.99,7.215,63,31.5
0.16,10,TRACKING,11.944,0.638,16.099,0.347,5.6,-0.905,6.494,1.273,6.617,115.49,159.05,0.976,35,22.013,1,TRUE,TRUE,809.4,398.4,809.2,398.6,898.1,383,FALSE,6.344,1.543,6.529,6.617,8.178,8.178,filtered-optical,26.19,16.155,63,42.23
0.176,11,TRACKING,11.933,0.696,16.265,1.387,6.16,-0.505,5.642,1.198,5.768,100.67,138.48,0.981,35,25,1,TRUE,TRUE,788.7,397.9,808.3,516.7,881.4,404.3,FALSE,5.773,1.201,5.897,5.768,7.594,7.594,filtered-optical,23.747,29.072,63,50.94
0.192,12,TRACKING,11.922,0.753,16.83,1.276,6.72,-0.105,5.092,1.091,5.208,90.89,124.94,0.993,35,25,1,TRUE,TRUE,775.3,395.5,911.6,346.1,882,397.8,FALSE,5.202,0.859,5.272,5.208,7.016,7.016,filtered-optical,24.775,30.14,63,45.74
0.208,13,TRACKING,11.909,0.811,16.248,1.953,7.28,0.295,4.822,0.434,4.841,84.5,116.22,1,35,25,1,TRUE,TRUE,768.8,380,768.5,380.9,861.3,397,FALSE,4.629,0.516,4.658,4.841,6.488,6.488,filtered-optical,21.468,29.529,63,31.02
0.224,14,TRACKING,11.896,0.869,16.1,2.354,7.84,0.695,4.088,-0.028,4.088,71.35,98.1,1,35,25,1,TRUE,TRUE,751.3,369,751.4,368.8,840,394.2,FALSE,4.056,0.174,4.059,4.088,5.907,5.907,filtered-optical,18.279,28.555,63,22.15
0.24,15,TRACKING,11.881,0.926,15.891,2.27,8.285,1.095,3.367,0.003,3.367,58.77,80.75,1,27.833,25,1,TRUE,TRUE,731.3,369.4,730.8,369.4,817.7,391.6,FALSE,3.596,-0.168,3.6,3.367,5.291,5.291,filtered-optical,15.159,27.705,63,19.45
0.256,16,TRACKING,11.866,0.984,15.183,3.294,8.561,1.495,3.382,-0.369,3.402,59.37,81.56,1,17.212,25,1,TRUE,TRUE,727.8,360.4,754.3,478,801.2,405.6,FALSE,3.305,-0.511,3.345,3.402,4.833,4.833,filtered-optical,6.329,30.446,63,37.33
0.272,17,TRACKING,11.85,1.041,14.508,4.526,8.631,1.895,3.432,-1.129,3.613,63.06,86.46,1,4.375,25,1,TRUE,TRUE,724.2,342.4,752.9,458.2,786.4,415.3,FALSE,3.219,-0.854,3.33,3.613,4.537,4.537,filtered-optical,-5.457,32.034,63,61.58
0.288,18,TRACKING,11.833,1.098,13.92,4.242,8.424,2.295,3.216,-1.157,3.418,59.66,81.76,1,-12.914,25,1,TRUE,TRUE,712.6,341.7,712.5,342.2,767.4,406.6,FALSE,3.409,-1.196,3.612,3.418,4.266,4.266,filtered-optical,-20.147,29.718,63,18.09
0.304,19,TRACKING,11.815,1.156,12.687,4.113,7.907,2.695,3.777,-1.347,4.01,69.98,95.95,1,-32.338,25,1,TRUE,TRUE,718.7,337.4,718.7,337.2,751.6,397.8,FALSE,3.908,-1.539,4.2,4.01,4.204,4.204,filtered-optical,-38.509,27.613,63,19.15
0.32,20,TRACKING,11.796,1.213,11.285,4.323,7.347,3.095,4.725,-1.934,5.106,89.11,122.18,1,-35,25,1,TRUE,TRUE,740.5,323.8,741.1,323,741.1,387.6,FALSE,4.449,-1.882,4.831,5.106,4.422,4.422,filtered-optical,-57.933,25.452,63,17.99
0.336,21,TRACKING,11.776,1.27,10.886,5.176,6.787,3.495,4.983,-2.482,5.567,97.16,133.09,1,-35,25,1,TRUE,TRUE,746.6,311.2,782.6,426.5,738.2,393.4,FALSE,4.989,-2.225,5.463,5.567,4.7,4.7,filtered-optical,-59.262,26.512,63,31.41
0.352,22,TRACKING,11.755,1.327,10.569,5.304,6.227,3.895,5.238,-2.294,5.718,99.81,136.86,0.967,-35,25,1,TRUE,TRUE,752.6,315.9,790.4,432.2,737.2,399.5,FALSE,5.528,-2.568,6.096,5.718,4.947,4.947,filtered-optical,-57.734,27.515,63,24.56
0.368,23,TRACKING,11.733,1.384,9.455,5.408,5.667,4.295,6.229,-2.893,6.868,119.87,164.47,0.94,-35,25,1,TRUE,TRUE,776.4,302,776.3,302.3,734.8,386.5,FALSE,6.067,-2.911,6.729,6.868,5.413,5.413,filtered-optical,-56.594,25.05,63,15.81
0.384,24,TRACKING,11.711,1.44,8.849,5.316,5.107,4.597,6.821,-3.322,7.587,132.42,181.75,0.921,-35,18.898,1,TRUE,TRUE,790.5,289.6,790.8,289.4,735,373,FALSE,6.604,-3.157,7.32,7.587,5.94,5.94,filtered-optical,-55.134,22.718,63,12.58
0.4,25,TRACKING,11.687,1.497,9.055,5.609,4.547,4.858,6.855,-3.424,7.662,133.74,183.53,0.915,-35,16.311,1,TRUE,TRUE,791.1,286.2,832.9,401.4,741.3,376.1,FALSE,7.141,-3.361,7.892,7.662,6.357,6.357,filtered-optical,-52.851,17.286,63,13.58
0.416,26,TRACKING,11.663,1.553,8.727,5.64,4.069,5.124,7.525,-3.247,8.195,143.03,196.66,0.922,-29.884,16.602,1,TRUE,TRUE,809.2,290.2,853.8,406.5,750.2,379.7,FALSE,7.594,-3.57,8.392,8.195,6.803,6.803,filtered-optical,-50.389,15.379,63,42.47
0.432,27,TRACKING,11.638,1.61,8.493,6.493,3.768,5.405,8.201,-4.016,9.131,159.37,219.14,0.939,-18.781,17.575,1,TRUE,TRUE,829.9,272.2,876.8,386.8,761.4,380.3,FALSE,7.869,-3.795,8.737,9.131,7.367,7.367,filtered-optical,-42.664,15.827,63,29.95
0.448,28,TRACKING,11.611,1.666,9.286,6.673,3.712,5.707,7.791,-4.128,8.817,153.89,211.35,0.963,-3.527,18.878,1,TRUE,TRUE,825.9,269.8,872.7,384.7,771.3,380.6,FALSE,7.9,-4.041,8.873,8.817,7.719,7.719,filtered-optical,-29.378,16.893,63,10.81
0.464,29,TRACKING,11.584,1.722,9.756,6.05,3.898,5.913,7.409,-4.061,8.449,147.46,202.35,0.988,11.651,12.899,1,TRUE,TRUE,822.6,269,822.9,269.6,774.1,366.3,FALSE,7.686,-4.191,8.755,8.449,7.896,7.896,filtered-optical,-13.124,16.08,63,10.51
0.48,30,TRACKING,11.556,1.778,9.809,5.474,4.335,5.938,7.48,-4.005,8.484,148.08,203.27,1,27.341,1.514,1,TRUE,TRUE,830.6,266,831.1,265.6,777.8,352.8,FALSE,7.221,-4.159,8.333,8.484,8.038,8.038,filtered-optical,3.098,8.282,63,12.51
0.496,31,TRACKING,11.527,1.834,10.826,5.864,4.895,5.822,6.771,-4.317,8.03,140.14,191.93,1,35,-7.211,1,TRUE,TRUE,816.5,255.4,869.4,369.6,785.9,353.3,FALSE,6.632,-3.988,7.739,8.03,8.036,8.036,filtered-optical,20.347,-2.777,63,21.67
0.512,32,TRACKING,11.498,1.89,12.045,5.305,5.455,5.614,5.71,-3.603,6.752,117.85,161.22,1,35,-13.035,1,TRUE,TRUE,790.9,270.3,845.1,384.7,790.5,355.6,FALSE,6.042,-3.724,7.097,6.752,7.725,7.725,filtered-optical,28.978,-10.95,63,21.6
0.528,33,TRACKING,11.467,1.945,12.119,4.456,6.015,5.247,5.491,-3.142,6.327,110.42,151.16,1,35,-22.939,1,TRUE,TRUE,785.8,277.7,785.4,278.1,787.7,345.2,FALSE,5.451,-3.301,6.373,6.327,7.386,7.386,filtered-optical,28.939,-17.992,63,13.43
0.544,34,TRACKING,11.435,2.001,12.276,3.923,6.575,4.847,5.164,-2.938,5.942,103.7,141.92,1,35,-25,1,TRUE,TRUE,778,282,777.6,281.6,784.4,336.2,FALSE,4.86,-2.846,5.632,5.942,7.036,7.036,filtered-optical,28.829,-28.841,63,12.17
0.56,35,TRACKING,11.403,2.056,13.094,3.33,7.135,4.447,4.068,-2.599,4.827,84.25,115.09,1,35,-25,1,TRUE,TRUE,751.6,290.1,751.6,289.7,778.4,328.9,FALSE,4.267,-2.39,4.891,4.827,6.5,6.5,filtered-optical,28.411,-31.552,63,8.83
0.576,36,TRACKING,11.37,2.111,13.632,2.81,7.695,4.047,3.484,-1.662,3.86,67.37,92.21,1,35,-25,1,TRUE,TRUE,737.5,312.1,797.4,425.6,778.1,337.4,FALSE,3.674,-1.935,4.153,3.86,5.86,5.86,filtered-optical,28.698,-30.153,63,32.71
0.592,37,TRACKING,11.335,2.166,13.688,3.032,8.255,3.647,3.371,-1.47,3.677,64.18,87.89,1,35,-25,1,TRUE,TRUE,734.7,316.5,794.2,431,777.6,345.8,FALSE,3.08,-1.48,3.417,3.677,5.331,5.331,filtered-optical,28.935,-28.859,63,40.16
0.608,38,TRACKING,11.3,2.221,14.133,2.696,8.815,3.247,2.516,-1.248,2.809,49.02,67.04,1,35,-25,1,TRUE,TRUE,714,321.5,713.6,321.2,768.5,341.9,FALSE,2.485,-1.026,2.688,2.809,4.72,4.72,filtered-optical,28.186,-29.161,63,17.17
0.624,39,TRACKING,11.264,2.276,14.584,1.942,9.375,2.847,1.596,-0.518,1.678,29.29,40.13,1,35,-25,1,TRUE,TRUE,691.7,338.4,692.7,337.9,758.1,340,FALSE,1.889,-0.571,1.973,1.678,3.982,3.982,filtered-optical,27.329,-29.191,63,9.21
0.64,40,TRACKING,11.227,2.33,14.314,1.365,9.935,2.447,1.41,0.107,1.414,24.67,33.87,1,35,-25,1,TRUE,TRUE,687,352.8,687.2,352.5,747.9,339.9,FALSE,1.292,-0.117,1.297,1.414,3.36,3.36,filtered-optical,26.565,-29.021,63,10.57
0.656,41,TRACKING,11.19,2.384,14.621,1.846,10.495,2.047,0.909,0.167,0.925,16.14,22.14,1,35,-25,1,TRUE,TRUE,674.9,354,741.7,466.3,744.2,351.3,FALSE,0.694,0.338,0.772,0.925,2.769,2.769,filtered-optical,26.534,-27.538,63,19.51
0.672,42,TRACKING,11.151,2.438,15.374,2.002,11.055,1.722,-0.119,0.569,0.582,10.15,13.65,1,35,-20.281,1,TRUE,TRUE,650.1,365.2,718,479,738.5,363.1,FALSE,0.096,0.716,0.723,0.582,2.239,2.239,filtered-optical,26.296,-26.1,63,20.91
0.688,43,TRACKING,11.112,2.492,15.237,1.407,11.578,1.463,-0.561,1.288,1.405,24.52,33.07,1,32.629,-16.185,1,TRUE,TRUE,638.5,383.7,638.7,383.7,725.5,364.8,FALSE,-0.466,1.029,1.13,1.405,2.037,2.037,filtered-optical,25.325,-21.155,63,8.94
0.704,44,TRACKING,11.071,2.546,14.809,1.546,12.007,1.264,-0.693,1.272,1.449,25.29,34.15,1,26.828,-12.44,1,TRUE,TRUE,633.2,385,632.9,384.9,713,366.4,FALSE,-0.935,1.282,1.587,1.449,1.894,1.894,filtered-optical,22.09,-16.847,63,9.13
0.72,45,TRACKING,11.03,2.599,14.816,1.67,12.292,1.122,-1.286,1.271,1.808,31.56,42.88,0.992,17.816,-8.86,1,TRUE,TRUE,615.6,386.6,615.7,386.1,699.9,368,FALSE,-1.262,1.477,1.943,1.808,1.873,1.873,filtered-optical,15.414,-12.902,63,7.4
0.736,46,TRACKING,10.988,2.653,14.881,1.976,12.437,1.122,-1.658,1.576,2.287,39.92,54.25,0.966,9.062,-0.038,1,TRUE,TRUE,603.5,397.3,677.4,510.4,693.6,381.1,FALSE,-1.449,1.531,2.108,2.287,1.974,1.974,filtered-optical,6.239,-7.937,63,22.14
0.752,47,TRACKING,10.945,2.706,14.343,2.511,12.448,1.328,-1.389,1.638,2.148,37.48,50.83,0.941,0.7,12.909,1,TRUE,TRUE,607,403.8,681.1,517.2,688.1,393.9,FALSE,-1.503,1.377,2.039,2.148,2.016,2.016,filtered-optical,-2.582,2.161,63,21.46
0.768,48,TRACKING,10.902,2.759,13.664,3.417,12.283,1.705,-1.241,0.798,1.475,25.75,35.13,0.922,-10.286,23.575,1,TRUE,TRUE,606.5,388.1,606.7,388.8,676.5,394.2,FALSE,-1.382,1.053,1.737,1.475,1.885,1.885,filtered-optical,-11.599,15.054,63,11.1
0.784,49,TRACKING,10.857,2.811,13.124,3.601,11.911,2.105,-1.213,0.665,1.383,24.14,32.98,0.914,-23.309,25,1,TRUE,TRUE,602.4,385.4,601.8,385,665.3,394.1,FALSE,-1.054,0.706,1.268,1.383,1.763,1.763,filtered-optical,-23.161,25.632,63,11.09
0.8,50,TRACKING,10.812,2.864,12.08,3.779,11.351,2.505,-0.605,0.525,0.801,13.98,19.02,0.918,-35,25,1,TRUE,TRUE,612.6,381.9,613.1,382.3,655.9,393.8,FALSE,-0.539,0.358,0.647,0.801,1.53,1.53,filtered-optical,-36.56,26.949,63,10.92
0.816,51,TRACKING,10.765,2.916,11.275,4.619,10.791,2.905,0.146,0.089,0.171,2.98,4.06,0.935,-35,25,1,TRUE,TRUE,630.6,371.3,711.2,481.8,655.7,402,FALSE,-0.025,0.01,0.027,0.171,1.2,1.2,filtered-optical,-47.777,27.675,63,27.03
0.832,52,TRACKING,10.718,2.968,10.914,5.689,10.231,3.305,0.488,-0.664,0.824,14.39,19.48,0.962,-35,25,1,TRUE,TRUE,638.8,353.4,720.4,464.2,656.4,408.2,FALSE,0.488,-0.338,0.593,0.824,1.109,1.109,filtered-optical,-47.246,28.17,63,29.01
0.848,53,TRACKING,10.67,3.02,10.292,5.427,9.671,3.705,0.838,-0.482,0.967,16.88,23.04,0.995,-35,25,1,TRUE,TRUE,647,357.6,647.2,357.8,651,405.2,FALSE,1,-0.686,1.212,0.967,1.075,1.075,filtered-optical,-47.277,27.763,63,12.76
0.864,54,TRACKING,10.622,3.071,9.369,5.766,9.111,4.105,1.565,-0.935,1.823,31.82,43.45,1,-35,25,1,TRUE,TRUE,664.3,346.9,664.2,346.3,647.5,401.3,FALSE,1.511,-1.034,1.831,1.823,1.256,1.256,filtered-optical,-47.145,27.303,63,13.38
0.88,55,TRACKING,10.572,3.122,8.635,6.187,8.551,4.505,2.164,-1.501,2.634,45.97,62.69,1,-35,25,1,TRUE,TRUE,678.4,333.8,678.5,334.3,645.4,396.7,FALSE,2.022,-1.383,2.449,2.634,1.59,1.59,filtered-optical,-46.893,26.795,63,11.96
0.896,56,TRACKING,10.522,3.173,7.711,6.054,7.991,4.898,2.427,-1.9,3.082,53.79,73.27,1,-35,24.509,1,TRUE,TRUE,684.5,324.5,518.7,218.4,630.8,383,FALSE,2.531,-1.724,3.063,3.082,1.952,1.952,filtered-optical,-47.728,25.488,63,29.4
0.912,57,TRACKING,10.471,3.224,6.623,5.326,7.431,5.209,2.928,-1.653,3.363,58.69,80.21,1,-35,19.473,1,TRUE,TRUE,696.4,328.7,529.4,223.2,618,370.5,FALSE,3.04,-1.985,3.631,3.363,2.294,2.294,filtered-optical,-48.371,23.855,63,59.62
0.928,58,TRACKING,10.419,3.275,5.9,5.787,6.871,5.434,3.702,-2.267,4.341,75.77,103.51,1,-35,14.077,1,TRUE,TRUE,714.9,312.5,714.1,312.4,620.4,365.7,FALSE,3.548,-2.16,4.154,4.341,2.79,2.79,filtered-optical,-47.706,18.415,63,13.34
0.944,59,TRACKING,10.366,3.325,5.572,5.758,6.311,5.564,4.116,-2.399,4.764,83.14,113.67,1,-35,8.102,1,TRUE,TRUE,724.8,307.3,725.4,306.7,623.7,360.8,FALSE,4.055,-2.239,4.632,4.764,3.269,3.269,filtered-optical,-47.001,12.619,63,15.3
0.96,60,TRACKING,10.312,3.375,5.416,5.374,5.751,5.594,4.367,-2.149,4.867,84.95,116.31,1,-35,1.851,1,TRUE,TRUE,730.9,310.8,730.2,311,627.3,356.5,FALSE,4.562,-2.218,5.073,4.867,3.656,3.656,filtered-optical,-46.303,6.314,63,13.57
0.976,61,TRACKING,10.258,3.425,4.326,4.575,5.191,5.463,5.086,-1.806,5.397,94.2,129.3,1,-35,-8.133,1,TRUE,TRUE,748.3,314.9,583.4,207.6,619.7,344.6,FALSE,5.067,-2.039,5.462,5.397,4.078,4.078,filtered-optical,-46.545,-0.908,63,33.09
0.992,62,TRACKING,10.203,3.474,3.334,4.239,4.631,5.124,5.779,-1.924,6.091,106.3,146.05,0.997,-35,-21.194,1,TRUE,TRUE,765.2,307,600.2,199.6,613.9,332.8,FALSE,5.572,-1.65,5.811,6.091,4.566,4.566,filtered-optical,-46.634,-11.817,63,35.58
1.008,63,TRACKING,10.147,3.524,3.395,3.492,4.071,4.724,5.957,-1.219,6.08,106.12,146.04,0.986,-35,-25,1,TRUE,TRUE,769.7,321.9,769.3,321.5,621,330.7,FALSE,6.076,-1.201,6.194,6.08,4.933,4.933,filtered-optical,-45.687,-24.94,63,13.39
1.024,64,TRACKING,10.09,3.573,3.205,2.826,3.511,4.324,6.41,-0.54,6.432,112.27,154.71,0.981,-35,-25,1,TRUE,TRUE,780.9,337.6,781.5,337.4,628.6,329.8,FALSE,6.579,-0.752,6.622,6.432,5.297,5.297,filtered-optical,-44.73,-28.696,63,14.68
1.04,65,TRACKING,10.032,3.621,2.629,2.644,2.951,3.924,7.298,-0.326,7.305,127.49,175.93,0.982,-35,-25,1,TRUE,TRUE,802.5,342.5,802.2,342.5,637.5,329.4,FALSE,7.082,-0.303,7.088,7.305,5.783,5.783,filtered-optical,-43.718,-28.61,63,14.22
1.056,66,TRACKING,9.974,3.67,2.102,2.136,2.391,3.524,7.658,-0.099,7.659,133.67,184.57,0.986,-35,-25,1,TRUE,TRUE,811.4,347.8,647.6,239.6,634.9,321.7,FALSE,7.583,0.145,7.585,7.659,6.238,6.238,filtered-optical,-43.641,-29.139,63,35.88
1.072,67,TRACKING,9.915,3.718,1.805,1.07,1.831,3.124,7.811,0.762,7.848,136.98,189.13,0.99,-35,-25,1,TRUE,TRUE,815.2,368.1,652.6,258.6,632.9,315.8,FALSE,8.084,0.594,8.106,7.848,6.629,6.629,filtered-optical,-43.524,-29.501,63,47.83
1.088,68,TRACKING,9.855,3.766,1.366,0.805,1.271,2.724,8.647,1.192,8.729,152.35,210.58,0.991,-35,-25,1,TRUE,TRUE,835.5,378.5,834.8,378,643.8,318.5,FALSE,8.584,1.041,8.647,8.729,7.138,7.138,filtered-optical,-42.409,-29.131,63,23.84
1.104,69,TRACKING,9.794,3.813,1.17,0.918,0.78,2.324,9.273,1.248,9.357,163.31,226,0.986,-30.635,-25,1,TRUE,TRUE,852.4,380.1,853.1,380.8,655.5,321.4,FALSE,9.014,1.489,9.136,9.357,7.676,7.676,filtered-optical,-41.276,-28.767,63,19.84
1.12,70,TRACKING,9.733,3.861,1.731,0.458,0.415,1.924,9.114,1.916,9.313,162.54,224.71,0.977,-22.863,-25,1,TRUE,TRUE,851.3,395.9,850.9,395.2,666.6,325.1,FALSE,9.318,1.936,9.517,9.313,8.073,8.073,filtered-optical,-35.871,-28.345,63,20.09
1.136,71,TRACKING,9.671,3.908,1.422,-0.297,0.145,1.524,9.362,2.602,9.717,169.59,234.38,0.965,-16.861,-25,1,TRUE,TRUE,859.6,412.2,696.4,302.9,666.7,322.4,FALSE,9.526,2.383,9.82,9.717,8.471,8.471,filtered-optical,-27.934,-28.461,63,40.47
1.152,72,TRACKING,9.608,3.954,0.819,-0.541,-0.041,1.124,9.952,2.793,10.336,180.4,249.57,0.954,-11.593,-25,1,TRUE,TRUE,876,416.6,712.8,306,667.9,320.1,FALSE,9.649,2.83,10.055,10.336,8.923,8.923,filtered-optical,-21.688,-28.542,63,38.55
1.168,73,TRACKING,9.544,4.001,1.573,-0.478,-0.077,0.724,9.628,3.015,10.089,176.09,243.35,0.947,-2.28,-25,1,TRUE,TRUE,871.5,421.7,871.5,422.2,679.7,325.7,FALSE,9.621,3.276,10.164,10.089,9.206,9.206,filtered-optical,-15.39,-27.99,63,20.63
1.184,74,TRACKING,9.48,4.047,2.505,-1.087,0.081,0.324,9.081,3.956,9.905,172.88,238.23,0.947,9.91,-25,1,TRUE,TRUE,862.8,443.6,863,442.7,690.5,332.4,FALSE,9.399,3.722,10.109,9.905,9.376,9.376,filtered-optical,-5.167,-27.369,63,19.45
1.2,75,TRACKING,9.415,4.092,2.864,-1.024,0.474,-0.076,9.106,4.233,10.042,175.26,241.41,0.957,24.529,-25,1,TRUE,TRUE,869.1,449.8,869.8,449.6,701.2,339.3,FALSE,8.941,4.168,9.865,10.042,9.537,9.537,filtered-optical,7.898,-26.759,63,19.95
1.216,76,TRACKING,9.349,4.138,3.313,-1.204,1.034,-0.476,8.55,4.445,9.637,168.19,231.28,0.977,35,-25,1,TRUE,TRUE,859.6,454.6,698.1,343.8,700.3,339,FALSE,8.315,4.613,9.509,9.637,9.561,9.561,filtered-optical,22.506,-26.732,63,48.63
1.232,77,TRACKING,9.282,4.183,4.293,-1.664,1.594,-0.876,7.394,4.966,8.907,155.46,212.97,1,35,-25,1,TRUE,TRUE,831.5,466.8,671.9,354.5,697.6,339.4,FALSE,7.689,5.058,9.203,8.907,9.403,9.403,filtered-optical,32.848,-26.651,63,53.46
1.248,78,TRACKING,9.215,4.228,4.938,-2.076,2.154,-1.251,6.983,5.805,9.081,158.49,216.61,1,35,-23.469,1,TRUE,TRUE,821.6,487.2,822.1,487.3,704.9,348.3,FALSE,7.061,5.479,8.937,9.081,9.325,9.325,filtered-optical,33.426,-25.92,63,66.74
1.264,79,TRACKING,9.147,4.272,5.355,-1.511,2.714,-1.558,6.77,5.646,8.816,153.86,210.22,1,35,-19.2,1,TRUE,TRUE,816.7,485.2,816.5,485.7,711.4,356.8,FALSE,6.433,5.83,8.682,8.816,9.201,9.201,filtered-optical,33.935,-23.723,63,28.24
1.28,80,TRACKING,9.078,4.316,6.549,-1.412,3.274,-1.759,5.702,5.962,8.25,143.99,196.13,1,35,-12.528,1,TRUE,TRUE,790.9,495.5,791.3,495.3,716.1,365.5,FALSE,5.805,6.075,8.402,8.25,8.971,8.971,filtered-optical,34.292,-18.797,63,22.88
1.296,81,TRACKING,9.009,4.36,7.009,-1.657,3.834,-1.866,4.897,6.333,8.005,139.72,189.9,1,35,-6.707,1,TRUE,TRUE,771.6,506.7,615.5,393.6,709.5,367.4,FALSE,5.175,6.226,8.096,8.005,8.737,8.737,filtered-optical,33.853,-11.994,63,49.07
1.312,82,TRACKING,8.939,4.403,6.775,-1.671,4.394,-1.887,4.794,6.484,8.064,140.74,191.23,1,35,-1.295,1,TRUE,TRUE,769.1,512.6,614,399.6,703.1,369.6,FALSE,4.545,6.29,7.76,8.064,8.574,8.574,filtered-optical,33.445,-6.026,63,62.92
1.328,83,TRACKING,8.868,4.446,7.544,-0.679,4.954,-1.782,4.054,5.897,7.156,124.9,169.47,1,35,6.568,1,TRUE,TRUE,751.3,501.8,751.4,502.1,705.5,378.1,FALSE,3.914,6.228,7.356,7.156,8.23,8.23,filtered-optical,33.652,-0.018,63,27.45
1.344,84,TRACKING,8.797,4.489,8.591,-0.471,5.514,-1.517,2.968,6.099,6.783,118.39,160.23,1,35,16.537,1,TRUE,TRUE,725.1,510.3,726.3,510.6,706.2,386.7,FALSE,3.283,6.006,6.845,6.783,7.879,7.879,filtered-optical,33.741,8.43,63,21.35
1.36,85,TRACKING,8.724,4.532,8.82,0.201,6.074,-1.117,2.679,5.809,6.397,111.65,151.02,1,35,25,1,TRUE,TRUE,718,506.5,719.2,506.3,706.5,394.7,FALSE,2.651,5.649,6.24,6.397,7.52,7.52,filtered-optical,33.796,18.917,63,17.96
1.376,86,TRACKING,8.652,4.574,8.72,0.803,6.634,-0.717,2.304,5.244,5.728,99.97,135.11,0.979,35,25,1,TRUE,TRUE,708.7,492.9,554.4,378.5,696.9,394.6,FALSE,2.018,5.291,5.662,5.728,7.085,7.085,filtered-optical,33.188,27.306,63,56.17
1.392,87,TRACKING,8.578,4.615,9.29,1.373,7.194,-0.317,1.211,4.679,4.833,84.36,113.73,0.954,35,25,1,TRUE,TRUE,682.3,479.2,529.1,366.3,686.1,393.7,FALSE,1.384,4.932,5.123,4.833,6.539,6.539,filtered-optical,32.531,27.184,63,58.83
1.408,88,TRACKING,8.504,4.657,9.77,1.505,7.754,0.083,0.568,4.847,4.88,85.17,114.74,0.938,35,25,1,TRUE,TRUE,666.7,483,666.2,482.5,683.9,399.8,FALSE,0.75,4.574,4.635,4.88,6.137,6.137,filtered-optical,32.458,27.547,63,43.11
1.424,89,TRACKING,8.429,4.698,9.804,2.367,8.314,0.483,0.368,4.242,4.258,74.31,100.04,0.933,35,25,1,TRUE,TRUE,661.8,468.6,663.9,469.8,681.8,404.8,FALSE,0.115,4.215,4.216,4.258,5.682,5.682,filtered-optical,32.386,27.827,63,31.28
1.44,90,TRACKING,8.354,4.738,10.435,3.165,8.874,0.883,-0.475,3.655,3.686,64.34,86.58,0.939,35,25,1,TRUE,TRUE,641.5,454.8,642.8,455.7,678.5,408.8,FALSE,-0.52,3.855,3.89,3.686,5.198,5.198,filtered-optical,32.244,28.025,63,20.33
1.456,91,TRACKING,8.277,4.778,10.693,3.239,9.383,1.283,-1.361,3.489,3.746,65.37,88.18,0.952,31.823,25,1,TRUE,TRUE,619.1,451,469.5,336.8,665.3,405.7,FALSE,-1.106,3.496,3.666,3.746,4.846,4.846,filtered-optical,31.481,27.738,63,59.1
1.472,92,TRACKING,8.201,4.818,10.214,3.238,9.781,1.683,-1.501,3.399,3.716,64.85,87.53,0.968,24.899,25,1,TRUE,TRUE,613.2,449.1,463.6,335.1,652.3,402.7,FALSE,-1.581,3.135,3.511,3.716,4.572,4.572,filtered-optical,27.581,27.462,63,112.5
1.488,93,TRACKING,8.123,4.858,10.211,4.175,10.076,2.083,-1.755,2.61,3.145,54.9,74.29,0.984,18.383,25,1,TRUE,TRUE,604.7,430.9,605.9,431.4,648,405.2,FALSE,-1.952,2.775,3.393,3.145,4.226,4.226,filtered-optical,20.498,27.568,63,33.53
1.504,94,TRACKING,8.045,4.897,10.549,4.65,10.26,2.483,-2.375,2.261,3.279,57.23,77.81,0.996,11.521,25,1,TRUE,TRUE,587.4,422.9,591.7,424.8,643.1,407.2,FALSE,-2.215,2.414,3.276,3.279,3.996,3.996,filtered-optical,13.791,27.637,63,21.64
1.52,95,TRACKING,7.967,4.936,10.363,4.761,10.335,2.883,-2.476,2.274,3.362,58.68,79.8,1,4.695,25,1,TRUE,TRUE,582.6,423.3,586.3,425.8,638.1,409.2,FALSE,-2.368,2.053,3.134,3.362,3.843,3.843,filtered-optical,6.741,27.701,63,12.76
1.536,96,TRACKING,7.887,4.974,9.432,5.102,10.243,3.283,-2.165,1.742,2.779,48.5,66.05,1,-5.721,25,1,TRUE,TRUE,586.2,410.7,439.6,295.7,625.1,403.9,FALSE,-2.356,1.691,2.9,2.779,3.585,3.585,filtered-optical,-0.751,27.287,63,45.82
1.552,97,TRACKING,7.807,5.012,8.771,5.526,9.94,3.683,-2.112,1.098,2.38,41.55,56.79,1,-18.988,25,1,TRUE,TRUE,582.6,395.4,435,279.7,612.5,397.8,FALSE,-2.132,1.329,2.513,2.38,3.293,3.293,filtered-optical,-11.795,26.842,63,61.11
1.568,98,TRACKING,7.727,5.05,8.309,5.682,9.441,4.083,-1.896,0.997,2.142,37.38,51.08,0.997,-31.139,25,1,TRUE,TRUE,583.1,392.8,583.5,392.9,608.5,398.2,FALSE,-1.714,0.967,1.968,2.142,3.014,3.014,filtered-optical,-25.149,26.822,63,35.46
1.584,99,TRACKING,7.646,5.087,7.403,5.866,8.881,4.483,-1.187,0.864,1.468,25.62,34.91,0.997,-35,25,1,TRUE,TRUE,598.6,389.4,601.2,392.5,605.7,398.5,FALSE,-1.236,0.604,1.375,1.468,2.639,2.639,filtered-optical,-37.315,26.8,63,17.35
1.6,100,TRACKING,7.564,5.124,6.665,6.705,8.321,4.883,-0.607,0.03,0.608,10.61,14.56,1,-35,25,1,TRUE,TRUE,612.4,369.7,616.3,372.6,603.9,397.8,FALSE,-0.757,0.241,0.795,0.608,2.147,2.147,filtered-optical,-41.134,26.709,63,75.33
1.616,101,TRACKING,7.482,5.16,6.304,6.964,7.761,5.283,-0.378,-0.213,0.434,7.57,10.33,1,-35,25,1,TRUE,TRUE,617.8,363.9,626,377.8,602.7,397.3,FALSE,-0.28,-0.123,0.305,0.434,1.731,1.731,filtered-optical,-41.056,26.64,63,82.35
1.632,102,TRACKING,7.399,5.196,5.403,6.786,7.201,5.683,0.086,-0.317,0.328,5.73,7.71,1,-35,25,1,TRUE,TRUE,628.7,361.5,487.5,246.4,594.2,389.9,FALSE,0.198,-0.487,0.525,0.328,1.391,1.391,filtered-optical,-41.408,26.135,63,32.7
1.648,103,TRACKING,7.316,5.232,4.607,7.183,6.641,6.083,0.81,-0.747,1.102,19.23,26.13,1,-35,25,1,TRUE,TRUE,645.8,351.6,646.3,351.6,594.5,388.2,FALSE,0.674,-0.851,1.086,1.102,1.321,1.321,filtered-optical,-41.239,26.008,63,39.43
1.664,104,TRACKING,7.232,5.267,4.15,7.909,6.081,6.483,1.218,-1.54,1.963,34.26,46.43,1,-35,25,1,TRUE,TRUE,655.4,333.2,656.3,336.3,595.3,385.9,FALSE,1.15,-1.216,1.674,1.963,1.477,1.477,filtered-optical,-41.043,25.838,63,28.24
1.68,105,TRACKING,7.147,5.302,3.873,7.734,5.521,6.883,1.46,-1.419,2.036,35.53,48.28,1,-35,25,1,TRUE,TRUE,661.1,336.3,662.7,339.9,596.5,383.8,FALSE,1.626,-1.581,2.268,2.036,1.612,1.612,filtered-optical,-40.833,25.689,63,8.19
1.696,106,TRACKING,7.062,5.336,3.241,8.094,4.961,7.283,2.09,-1.82,2.772,48.38,65.83,1,-35,25,1,TRUE,TRUE,676.1,327.1,678.6,345.1,598.5,382,FALSE,2.101,-1.947,2.864,2.772,1.893,1.893,filtered-optical,-40.581,25.565,63,34.35
1.712,107,TRACKING,6.976,5.37,2.302,8.286,4.401,7.651,2.759,-2.377,3.642,63.56,86.51,1,-35,23.003,1,TRUE,TRUE,692.2,313.4,554.8,197.4,594.1,372.6,FALSE,2.575,-2.281,3.44,3.642,2.317,2.317,filtered-optical,-40.703,24.983,63,53.33
1.728,108,TRACKING,6.89,5.404,2.121,8.576,3.841,7.979,2.983,-2.786,4.082,71.24,96.91,1,-35,20.513,1,TRUE,TRUE,697.7,302.8,697.4,302.9,597.2,369,FALSE,3.049,-2.576,3.991,4.082,2.745,2.745,filtered-optical,-40.394,22.767,63,39.76
1.744,109,TRACKING,6.803,5.437,1.814,8.191,3.281,8.263,3.348,-2.498,4.177,72.91,99.41,1,-35,17.743,1,TRUE,TRUE,706.6,308.3,705.9,311.1,600.7,366,FALSE,3.522,-2.826,4.516,4.177,3.092,3.092,filtered-optical,-40.072,20.099,63,31.54
1.76,110,TRACKING,6.716,5.469,1.11,8.672,2.721,8.494,4.147,-3.101,5.178,90.38,123.29,0.97,-35,14.41,1,TRUE,TRUE,726.1,292.7,725.6,297.9,605,362.4,FALSE,3.995,-3.024,5.01,5.178,3.598,3.598,filtered-optical,-39.707,17.12,63,11.77
1.776,111,TRACKING,6.628,5.502,0.77,8.806,2.161,8.667,4.587,-3.326,5.666,98.9,135,0.941,-35,10.842,1,TRUE,TRUE,736.8,285.8,730.4,309.9,609.6,359.5,FALSE,4.467,-3.165,5.475,5.666,4.099,4.099,filtered-optical,-39.344,13.629,63,31.73
1.792,112,TRACKING,6.54,5.534,0.749,8.616,1.601,8.78,4.712,-3.221,5.708,99.62,136.07,0.92,-35,7.052,1,TRUE,TRUE,740,286.6,734.1,310.4,614.1,356.7,FALSE,4.939,-3.246,5.91,5.708,4.489,4.489,filtered-optical,-38.988,9.913,63,53.88
1.808,113,TRACKING,6.451,5.565,0.223,8.255,1.051,8.822,5.382,-2.985,6.154,107.41,147.06,0.911,-34.423,2.63,1,TRUE,TRUE,756.5,290.4,757,290.1,619.7,353.1,FALSE,5.401,-3.257,6.307,6.154,4.893,4.893,filtered-optical,-38.583,5.925,63,51.92
1.824,114,TRACKING,6.362,5.596,-0.304,8.581,0.537,8.781,6.082,-3.455,6.995,122.09,167.24,0.915,-32.082,-2.539,1,TRUE,TRUE,774.3,277.5,774.2,278.8,626,349,FALSE,5.825,-3.185,6.639,6.995,5.402,5.402,filtered-optical,-37.572,1.285,63,43.4
1.84,115,TRACKING,6.272,5.627,-0.131,8.069,0.085,8.652,6.074,-3.061,6.802,118.72,162.77,0.931,-28.291,-8.111,1,TRUE,TRUE,775.6,284.8,773.9,288.7,632.1,345.5,FALSE,6.188,-3.025,6.887,6.802,5.742,5.742,filtered-optical,-34.82,-4.06,63,20.1
1.856,116,TRACKING,6.182,5.657,-0.166,7.556,-0.29,8.438,6.253,-2.593,6.769,118.15,162.23,0.957,-23.406,-13.366,1,TRUE,TRUE,781.7,294.1,768,320.9,637.7,343.7,FALSE,6.472,-2.781,7.044,6.769,5.991,5.991,filtered-optical,-30.654,-9.702,63,27.47
1.872,117,TRACKING,6.091,5.687,-0.636,7.353,-0.566,8.145,6.894,-2.423,7.308,127.54,175.42,0.986,-17.267,-18.311,1,TRUE,TRUE,799.4,296.5,784.3,325.5,644,342.3,FALSE,6.657,-2.458,7.097,7.308,6.31,6.31,filtered-optical,-25.369,-15.008,63,50.12
1.888,118,TRACKING,6,5.716,-0.375,7.171,-0.722,7.767,6.829,-2.332,7.216,125.94,173.22,1,-9.771,-23.608,1,TRUE,TRUE,800.5,296.9,800.1,296.8,650.9,339.4,FALSE,6.722,-2.051,7.028,7.216,6.53,6.53,filtered-optical,-18.808,-20.082,63,37.49
1.904,119,TRACKING,5.908,5.745,0.277,6.257,-0.744,7.367,6.344,-1.462,6.511,113.63,156.4,1,-1.321,-25,1,TRUE,TRUE,791.8,316.9,791.5,317.8,657.1,337.7,FALSE,6.652,-1.622,6.847,6.511,6.525,6.525,filtered-optical,-10.935,-25.438,63,39.55
1.92,120,TRACKING,5.816,5.773,0.311,5.814,-0.614,6.967,6.485,-1.039,6.567,114.62,157.89,1,8.067,-25,1,TRUE,TRUE,798.7,326.7,798.3,327.9,663.5,336.6,FALSE,6.431,-1.194,6.541,6.567,6.535,6.535,filtered-optical,-2.11,-26.856,63,30.01
1.936,121,TRACKING,5.724,5.801,0.573,5.787,-0.329,6.567,6.344,-0.966,6.417,112,154.27,1,17.827,-25,1,TRUE,TRUE,799,328.2,776.8,359.5,668.6,337,FALSE,6.053,-0.766,6.101,6.417,6.507,6.507,filtered-optical,7.575,-26.79,63,28.11
1.952,122,TRACKING,5.631,5.828,1.68,5.314,0.111,6.167,5.306,-0.419,5.323,92.9,127.85,1,27.494,-25,1,TRUE,TRUE,777.6,340.8,753.8,373.4,672.5,338.1,FALSE,5.52,-0.339,5.53,5.323,6.22,6.22,filtered-optical,17.558,-26.687,63,46.35
1.968,123,TRACKING,5.537,5.855,2.392,4.607,0.671,5.767,4.682,0.33,4.694,81.93,112.68,1,35,-25,1,TRUE,TRUE,765.5,358.1,765.8,358.7,676.8,338.5,FALSE,4.866,0.088,4.867,4.694,5.85,5.85,filtered-optical,27.466,-26.629,63,32.07
1.984,124,TRACKING,5.443,5.882,2.617,4.493,1.231,5.367,4.53,0.492,4.557,79.54,109.36,1,35,-25,1,TRUE,TRUE,761.9,361.7,761.4,361.2,680.8,339,FALSE,4.213,0.515,4.244,4.557,5.536,5.536,filtered-optical,35.188,-26.565,63,33.56
2,125,TRACKING,5.349,5.908,3.596,4.359,1.791,4.967,3.573,0.684,3.638,63.49,87.19,1,35,-25,1,TRUE,TRUE,739,366.1,738,366.9,683.6,339.7,FALSE,3.558,0.941,3.681,3.638,5.076,5.076,filtered-optical,35.333,-26.487,63,26.42
2.016,126,TRACKING,5.254,5.934,4.511,3.658,2.351,4.567,2.575,1.552,3.006,52.47,71.66,1,35,-25,1,TRUE,TRUE,715.2,386.6,686.4,421.9,683.9,343,FALSE,2.903,1.367,3.209,3.006,4.574,4.574,filtered-optical,35.34,-26.266,63,31.98
2.032,127,TRACKING,5.159,5.959,4.578,3.485,2.911,4.167,2.41,1.906,3.073,53.63,73.05,1,35,-25,1,TRUE,TRUE,711.5,395.1,680.2,431.1,683.8,346.7,FALSE,2.248,1.792,2.875,3.073,4.21,4.21,filtered-optical,35.33,-26.03,63,37.74
2.048,128,TRACKING,5.063,5.984,5.092,3.464,3.471,3.773,1.833,2.04,2.743,47.87,64.96,1,35,-24.651,1,TRUE,TRUE,697.8,398.6,697.5,398.8,684.6,348.8,FALSE,1.593,2.211,2.725,2.743,3.855,3.855,filtered-optical,35.363,-25.892,63,28.3
2.064,129,TRACKING,4.967,6.008,6.158,3.136,4.031,3.394,0.648,2.499,2.582,45.07,60.67,1,35,-23.681,1,TRUE,TRUE,669.5,410,670,409.7,684.1,351.3,FALSE,0.937,2.614,2.777,2.582,3.546,3.546,filtered-optical,35.327,-25.382,63,30.66
2.08,130,TRACKING,4.871,6.032,6.468,2.499,4.591,3.045,0.198,3.305,3.311,57.78,77.73,1,35,-21.797,1,TRUE,TRUE,658.7,429.8,658.1,430.4,683,354.6,FALSE,0.281,2.987,3,3.311,3.489,3.489,filtered-optical,35.264,-24.207,63,30.35
2.096,131,TRACKING,4.774,6.055,6.494,2.872,5.151,2.752,-0.051,3.165,3.165,55.24,74.29,1,35,-18.318,1,TRUE,TRUE,652.6,427.9,615.4,465.6,680,359.6,FALSE,-0.376,3.303,3.325,3.165,3.411,3.411,filtered-optical,35.101,-22.037,63,34.43
2.112,132,TRACKING,4.677,6.078,7.293,2.872,5.711,2.531,-1.124,3.406,3.587,62.6,84.38,1,35,-13.798,1,TRUE,TRUE,626.8,435.2,586.6,473.7,675.7,364.7,FALSE,-1.033,3.547,3.694,3.587,3.453,3.453,filtered-optical,34.878,-18.267,63,39.49
2.128,133,TRACKING,4.58,6.1,7.896,2.666,6.271,2.391,-1.957,3.795,4.27,74.52,100.71,0.992,35,-8.748,1,TRUE,TRUE,606.6,446.1,607,446.4,672.5,368.5,FALSE,-1.691,3.709,4.076,4.27,3.651,3.651,filtered-optical,34.715,-13.541,63,21.88
2.144,134,TRACKING,4.482,6.122,7.827,2.646,6.831,2.341,-2.124,4.006,4.535,79.14,106.99,0.972,35,-3.117,1,TRUE,TRUE,602.4,452.9,602.1,453.3,669.2,372.4,FALSE,-2.348,3.781,4.451,4.535,3.865,3.865,filtered-optical,34.55,-8.279,63,25.13
2.16,135,TRACKING,4.384,6.144,8.304,3.377,7.391,2.386,-2.868,3.437,4.476,78.12,106,0.951,35,2.779,1,TRUE,TRUE,584.4,441.4,584.2,441.2,665.2,375.7,FALSE,-3.007,3.758,4.813,4.476,4.013,4.013,filtered-optical,34.353,-2.478,63,24.65
2.176,136,TRACKING,4.286,6.165,8.984,3.385,7.948,2.543,-3.944,3.681,5.395,94.15,128.15,0.934,34.837,9.82,1,TRUE,TRUE,558.3,449.7,512.4,490.6,658.1,381.1,FALSE,-3.662,3.622,5.151,5.395,4.348,4.348,filtered-optical,34.001,3.7,63,31.5
2.192,137,TRACKING,4.187,6.185,8.906,3.79,8.47,2.827,-4.273,3.519,5.536,96.62,131.7,0.924,32.643,17.769,1,TRUE,TRUE,549.5,448.8,502.6,490.6,650.7,386.4,FALSE,-4.284,3.358,5.443,5.536,4.636,4.636,filtered-optical,33.483,11.007,63,30.18
2.208,138,TRACKING,4.088,6.205,8.905,4.474,8.942,3.227,-4.598,2.974,5.476,95.57,130.59,0.925,29.487,25,1,TRUE,TRUE,540.5,438.8,541.2,439,645.3,389.2,FALSE,-4.854,2.978,5.695,5.476,4.84,4.84,filtered-optical,31.042,19.082,63,24.4
2.224,139,TRACKING,3.988,6.225,9.434,5.245,9.344,3.627,-5.489,2.31,5.955,103.94,142.59,0.938,25.092,25,1,TRUE,TRUE,517.4,423.4,517.9,423.7,639,391.2,FALSE,-5.355,2.598,5.952,5.955,5.11,5.11,filtered-optical,27.601,26.395,63,26.94
2.24,140,TRACKING,3.888,6.244,9.503,5.185,9.654,4.027,-5.939,2.481,6.436,112.33,154.18,0.962,19.427,25,1,TRUE,TRUE,504.5,427.7,504.3,428.6,632.2,393.4,FALSE,-5.766,2.217,6.177,6.436,5.432,5.432,filtered-optical,22.909,26.483,63,20.21
2.256,141,TRACKING,3.788,6.262,9.411,6.003,9.904,4.427,-5.913,1.881,6.205,108.3,148.84,0.993,15.586,25,1,TRUE,TRUE,503.8,413.8,669.4,486.7,633,398,FALSE,-6.115,1.835,6.385,6.205,5.619,5.619,filtered-optical,17.328,26.701,63,31.45
2.272,142,TRACKING,3.688,6.281,9.762,6.788,10.109,4.827,-6.356,1.278,6.483,113.14,155.78,1,12.851,25,1,TRUE,TRUE,492.2,399.8,656.9,471.4,633.3,401.9,FALSE,-6.421,1.453,6.584,6.483,5.828,5.828,filtered-optical,13.54,26.872,63,29.33
2.288,143,TRACKING,3.587,6.298,9.849,7.088,10.235,5.227,-6.859,1.008,6.933,121,166.78,1,7.843,25,1,TRUE,TRUE,478.3,393.5,478.6,392.9,625.7,402.2,FALSE,-6.647,1.071,6.733,6.933,6.096,6.096,filtered-optical,10.471,26.849,63,16.01
2.304,144,TRACKING,3.487,6.315,9.318,7.141,10.252,5.627,-6.735,0.984,6.807,118.8,163.72,1,1.074,25,1,TRUE,TRUE,478.8,392.9,478.9,392.7,618.3,402.4,FALSE,-6.766,0.688,6.8,6.807,6.268,6.268,filtered-optical,5.148,26.826,63,14.91
2.32,145,TRACKING,3.385,6.332,8.76,7.966,10.139,6.027,-6.574,0.15,6.576,114.78,158.22,1,-7.07,25,1,TRUE,TRUE,479.6,373.1,479.7,373.5,611.3,401.9,FALSE,-6.754,0.305,6.76,6.576,6.343,6.343,filtered-optical,-1.916,26.758,63,24.4
2.336,146,TRACKING,3.284,6.348,8.822,8.453,9.922,6.427,-6.735,-0.236,6.739,117.62,162.17,1,-13.587,25,1,TRUE,TRUE,473.1,363.8,639.7,432.6,611.3,403.8,FALSE,-6.638,-0.079,6.638,6.739,6.439,6.439,filtered-optical,-9.997,26.826,63,38.55
2.352,147,TRACKING,3.182,6.364,8.556,8.597,9.62,6.827,-6.565,-0.286,6.571,114.68,158.09,1,-18.877,25,1,TRUE,TRUE,475.1,362.4,641.2,431.1,611.5,405.7,FALSE,-6.437,-0.463,6.454,6.571,6.471,6.471,filtered-optical,-16.448,26.886,63,25.22
2.368,148,TRACKING,3.08,6.379,7.608,8.995,9.206,7.227,-5.99,-0.738,6.035,105.33,145.04,1,-25.852,25,1,TRUE,TRUE,486.2,351.6,486.6,351.6,605,404,FALSE,-6.126,-0.848,6.184,6.035,6.365,6.365,filtered-optical,-21.998,26.763,63,12.2
2.384,149,TRACKING,2.978,6.394,6.872,9.657,8.661,7.627,-5.61,-1.485,5.803,101.29,139.25,1,-34.042,25,1,TRUE,TRUE,492,334,491.3,334.4,598.9,401.7,FALSE,-5.683,-1.234,5.815,5.803,6.229,6.229,filtered-optical,-29.207,26.607,63,13.75
2.4,150,TRACKING,2.876,6.408,6.305,9.685,8.101,8.027,-5.381,-1.604,5.615,98,134.65,0.992,-35,25,1,TRUE,TRUE,497,331.4,497,330.6,593.2,399.3,FALSE,-5.226,-1.619,5.471,5.615,6.08,6.08,filtered-optical,-37.606,26.448,63,13.46
2.416,151,TRACKING,2.773,6.421,5.702,9.861,7.541,8.427,-4.788,-1.753,5.099,88.99,122.09,0.973,-35,25,1,TRUE,TRUE,511.2,328.1,678.8,393.6,595.5,399.6,FALSE,-4.768,-2.006,5.173,5.099,5.842,5.842,filtered-optical,-38.385,26.434,63,27.65
2.432,152,TRACKING,2.67,6.435,5.076,10.652,6.981,8.827,-4.146,-2.551,4.868,84.96,116.11,0.963,-35,25,1,TRUE,TRUE,526.6,309.6,694.2,375.5,598.3,399.1,FALSE,-4.311,-2.393,4.93,4.868,5.606,5.606,filtered-optical,-38.179,26.38,63,24.31
2.448,153,TRACKING,2.567,6.447,4.554,10.878,6.421,9.227,-3.892,-2.919,4.865,84.91,115.82,0.96,-35,25,1,TRUE,TRUE,532.6,301.2,533.3,301.8,594.3,395.5,FALSE,-3.854,-2.78,4.752,4.865,5.427,5.427,filtered-optical,-38.309,26.167,63,12.79
2.464,154,TRACKING,2.464,6.459,3.97,10.812,5.861,9.627,-3.559,-2.996,4.652,81.2,110.6,0.965,-35,25,1,TRUE,TRUE,540.7,299.6,541.3,298.8,590.8,391.8,FALSE,-3.397,-3.168,4.645,4.652,5.239,5.239,filtered-optical,-38.414,25.956,63,15.93
2.48,155,TRACKING,2.36,6.471,3.031,11.092,5.301,10.027,-2.835,-3.432,4.452,77.7,105.42,0.972,-35,25,1,TRUE,TRUE,558.2,289.4,558.7,289.2,588.1,387.9,FALSE,-2.941,-3.556,4.615,4.452,5.048,5.048,filtered-optical,-38.476,25.734,63,13.31
2.496,156,TRACKING,2.257,6.482,2.645,11.841,4.741,10.427,-2.35,-4.255,4.861,84.84,114.73,0.98,-35,25,1,TRUE,TRUE,570,269.9,737.2,333.8,593,385.9,FALSE,-2.484,-3.945,4.662,4.861,5.003,5.003,filtered-optical,-38.173,25.617,63,31.43
2.512,157,TRACKING,2.153,6.493,2.601,11.734,4.181,10.827,-2.203,-4.221,4.761,83.1,112.34,0.985,-35,25,1,TRUE,TRUE,573.7,270.5,742.2,333.6,597.9,383.9,FALSE,-2.028,-4.334,4.785,4.761,4.944,4.944,filtered-optical,-37.871,25.505,63,24.48
2.528,158,TRACKING,2.049,6.503,1.869,11.886,3.621,11.227,-1.641,-4.569,4.855,84.74,114.35,0.985,-35,25,1,TRUE,TRUE,587.4,262,586.9,262.6,596.4,379.1,FALSE,-1.572,-4.724,4.979,4.855,4.923,4.923,filtered-optical,-37.891,25.246,63,11.1
2.544,159,TRACKING,1.945,6.513,0.983,12.267,3.061,11.607,-0.89,-5.17,5.246,91.56,123.42,0.98,-35,23.722,1,TRUE,TRUE,605.6,247.1,606,247,595.6,373.7,FALSE,-1.116,-5.094,5.215,5.246,5.001,5.001,filtered-optical,-37.869,24.965,63,12.19
2.56,160,TRACKING,1.841,6.522,0.661,12.516,2.501,11.942,-0.695,-5.657,5.7,99.48,134.13,0.973,-35,20.956,1,TRUE,TRUE,610.4,234.4,609.7,233.8,595.1,367.9,FALSE,-0.661,-5.42,5.46,5.7,5.17,5.17,filtered-optical,-37.839,23.391,63,13.6
2.576,161,TRACKING,1.736,6.531,0.577,12.128,1.941,12.231,-0.436,-5.388,5.405,94.34,127.14,0.967,-35,18.035,1,TRUE,TRUE,616.7,239.6,784.6,298.5,601.8,364.9,FALSE,-0.205,-5.7,5.704,5.405,5.227,5.227,filtered-optical,-37.462,20.479,63,32.72
2.592,162,TRACKING,1.632,6.539,-0.055,12.568,1.386,12.466,0.401,-5.966,5.98,104.37,140.75,0.965,-34.721,14.696,1,TRUE,TRUE,636.8,224.8,806.2,285.3,609.2,361.5,FALSE,0.246,-5.927,5.932,5.98,5.41,5.41,filtered-optical,-37.057,17.391,63,30.14
2.608,163,TRACKING,1.527,6.546,-0.595,12.585,0.828,12.623,0.869,-6.239,6.299,109.94,148.35,0.97,-34.839,9.834,1,TRUE,TRUE,647.8,216.7,647.9,216.7,610,355.3,FALSE,0.699,-6.077,6.117,6.299,5.625,5.625,filtered-optical,-36.701,13.749,63,15.31
2.624,164,TRACKING,1.422,6.553,-0.695,12.243,0.268,12.683,0.897,-6.146,6.211,108.4,146.25,0.983,-35,3.739,1,TRUE,TRUE,648.3,216.9,648.3,216.7,610.8,349.3,FALSE,1.154,-6.129,6.237,6.211,5.767,5.767,filtered-optical,-36.743,8.599,63,13.51
2.64,165,TRACKING,1.317,6.56,-1.406,11.635,-0.292,12.631,1.562,-5.769,5.977,104.32,140.81,1,-35,-3.255,1,TRUE,TRUE,664,223.4,663.9,223.6,612.2,343.7,FALSE,1.609,-6.071,6.28,5.977,5.818,5.818,filtered-optical,-36.798,2.243,63,12.34
2.656,166,TRACKING,1.212,6.566,-1.883,11.871,-0.803,12.466,2.314,-6.155,6.576,114.77,155.15,1,-31.962,-10.292,1,TRUE,TRUE,683,211.7,853.4,267.2,621.3,340.1,FALSE,2.015,-5.9,6.235,6.576,6.002,6.002,filtered-optical,-36.328,-4.909,63,29.26
2.672,167,TRACKING,1.107,6.572,-1.529,11.261,-1.226,12.19,2.222,-5.674,6.094,106.36,143.72,1,-26.432,-17.252,1,TRUE,TRUE,682.7,220.5,850.9,277.5,630.1,336.9,FALSE,2.333,-5.618,6.083,6.094,6.024,6.024,filtered-optical,-32.844,-12.074,63,27.55
2.688,168,TRACKING,1.002,6.577,-1.648,10.434,-1.57,11.791,2.318,-5.051,5.558,97,131.1,1,-21.504,-24.938,1,TRUE,TRUE,686.8,232.2,686.8,232.1,632,332,FALSE,2.572,-5.214,5.814,5.558,5.911,5.911,filtered-optical,-27.203,-19.248,63,11.83
2.704,169,TRACKING,0.897,6.582,-2.312,9.917,-1.837,11.391,2.986,-4.719,5.585,97.48,132.02,1,-16.673,-25,1,TRUE,TRUE,704.7,239.8,704.5,239.7,634.7,327.5,FALSE,2.734,-4.81,5.532,5.585,5.832,5.832,filtered-optical,-22.135,-27.122,63,12.86
2.72,170,TRACKING,0.791,6.586,-2.267,9.73,-2.026,10.991,2.944,-4.713,5.557,96.99,131.35,1,-11.835,-25,1,TRUE,TRUE,705.6,239.7,705.3,239.7,637.3,323.2,FALSE,2.818,-4.405,5.229,5.557,5.765,5.765,filtered-optical,-17.167,-27.362,63,11.15
2.736,171,TRACKING,0.686,6.589,-1.507,8.819,-2.097,10.591,2.454,-3.854,4.569,79.75,107.96,1,-4.418,-25,1,TRUE,TRUE,696.8,259.7,865.4,312.5,646.3,321.9,FALSE,2.783,-4.002,4.874,4.569,5.475,5.475,filtered-optical,-11.893,-27.382,63,27.75
2.752,172,TRACKING,0.581,6.592,-1.421,8.37,-2.014,10.191,2.643,-3.441,4.339,75.73,102.67,1,5.165,-25,1,TRUE,TRUE,705.2,269.3,873.8,321.4,655.4,321,FALSE,2.595,-3.599,4.437,4.339,5.2,5.2,filtered-optical,-4.041,-27.382,63,31.94
2.768,173,TRACKING,0.475,6.595,-1.367,8.161,-1.793,9.791,2.575,-3.351,4.226,73.76,99.99,1,13.851,-25,1,TRUE,TRUE,707.1,271.4,706.3,271.5,657.6,318.1,FALSE,2.268,-3.196,3.919,4.226,4.964,4.964,filtered-optical,5.639,-27.48,63,13.46
2.784,174,TRACKING,0.369,6.597,-0.442,7.643,-1.447,9.391,1.601,-2.933,3.342,58.32,78.81,0.978,21.613,-25,1,TRUE,TRUE,686.9,281.4,687.2,281.1,658.9,315.7,FALSE,1.816,-2.794,3.333,3.342,4.571,4.571,filtered-optical,14.38,-27.553,63,17.18
2.8,175,TRACKING,0.264,6.598,0.033,6.779,-0.99,8.991,1.061,-2.133,2.382,41.58,56.12,0.949,28.556,-25,1,TRUE,TRUE,676.8,300.4,677.5,300.9,659.9,314.2,FALSE,1.254,-2.393,2.701,2.382,4.04,4.04,filtered-optical,22.177,-27.581,63,20.02
2.816,176,TRACKING,0.158,6.599,0.396,6.673,-0.43,8.591,0.906,-2.001,2.196,38.33,51.7,0.929,35,-25,1,TRUE,TRUE,675.6,303.8,842.6,353.1,667.4,314.8,FALSE,0.588,-1.992,2.077,2.196,3.593,3.593,filtered-optical,29.465,-27.501,63,33.91
2.832,177,TRACKING,0.053,6.6,1.518,6.544,0.13,8.191,-0.056,-1.837,1.838,32.08,43.12,0.92,35,-25,1,TRUE,TRUE,652.6,307.9,818.6,357.7,673.8,315.6,FALSE,-0.077,-1.591,1.593,1.838,3.168,3.168,filtered-optical,36.193,-27.413,63,37.04
2.848,178,TRACKING,-0.053,6.6,2.368,5.748,0.69,7.791,-1.066,-1.06,1.503,26.24,35.64,0.924,35,-25,1,TRUE,TRUE,628.3,326.3,628.9,326.7,672.5,315.1,FALSE,-0.743,-1.191,1.404,1.503,2.764,2.764,filtered-optical,36.108,-27.389,63,21.38
2.864,179,TRACKING,-0.158,6.599,2.392,5.313,1.25,7.391,-1.258,-0.628,1.406,24.55,33.55,0.938,35,-25,1,TRUE,TRUE,623.6,336.4,623.7,336.2,671,315.1,FALSE,-1.408,-0.792,1.616,1.406,2.435,2.435,filtered-optical,36.016,-27.345,63,19.8
2.88,180,TRACKING,-0.264,6.598,2.782,5.25,1.81,6.991,-1.839,-0.565,1.924,33.58,46.03,0.959,35,-25,1,TRUE,TRUE,609.5,337.7,609.2,337.5,668.9,315.1,FALSE,-2.074,-0.393,2.111,1.924,2.311,2.311,filtered-optical,35.9,-27.298,63,17.41
2.896,181,TRACKING,-0.37,6.597,3.985,4.905,2.37,6.591,-3.007,-0.126,3.009,52.52,72.15,0.981,35,-25,1,TRUE,TRUE,581.3,347.8,745.8,393.4,672.3,317.4,FALSE,-2.74,0.006,2.74,3.009,2.48,2.48,filtered-optical,36.042,-27.141,63,37.66
2.912,182,TRACKING,-0.475,6.595,4.149,3.938,2.93,6.191,-3.492,0.703,3.562,62.16,85.35,1,35,-25,1,TRUE,TRUE,569.4,367,530.9,256.3,667.1,314.2,FALSE,-3.405,0.404,3.429,3.562,2.743,2.743,filtered-optical,35.779,-27.26,63,43.88
2.928,183,TRACKING,-0.581,6.592,4.164,3.977,3.49,5.791,-3.772,0.715,3.839,67.01,92.03,1,35,-25,1,TRUE,TRUE,562.5,367,562,367.3,663.3,315.4,FALSE,-4.071,0.801,4.149,3.839,3.008,3.008,filtered-optical,35.583,-27.154,63,23.32
2.944,184,TRACKING,-0.686,6.589,4.894,3.725,4.05,5.391,-4.805,1.029,4.914,85.77,117.88,1,35,-25,1,TRUE,TRUE,537.6,374.2,537,374.7,658.6,317,FALSE,-4.736,1.198,4.885,4.914,3.47,3.47,filtered-optical,35.348,-27.035,63,24.95
2.96,185,TRACKING,-0.791,6.586,5.405,3.179,4.61,4.991,-5.647,1.661,5.886,102.73,141.19,1,35,-25,1,TRUE,TRUE,517.3,389.1,517.8,389.6,653.2,319.1,FALSE,-5.402,1.595,5.632,5.886,4.056,4.056,filtered-optical,35.088,-26.89,63,17.39
2.976,186,TRACKING,-0.897,6.582,5.232,2.528,5.149,4.591,-5.86,2.237,6.273,109.48,150.33,1,33.664,-25,1,TRUE,TRUE,511.7,402.7,480.2,294.1,646.4,317.4,FALSE,-6.045,1.99,6.365,6.273,4.593,4.593,filtered-optical,34.769,-26.938,63,43.52
2.992,187,TRACKING,-1.002,6.577,5.466,2.598,5.636,4.191,-6.501,2.086,6.827,119.16,163.87,1,30.464,-25,1,TRUE,TRUE,495.1,399.4,464.6,289.7,639.2,315.6,FALSE,-6.638,2.386,7.054,6.827,5.135,5.135,filtered-optical,33.098,-26.99,63,39.43
3.008,188,TRACKING,-1.107,6.572,5.969,2.015,6.05,3.791,-7.392,2.8,7.904,137.96,189.8,1,25.839,-25,1,TRUE,TRUE,471.9,416.5,471.8,416.5,632.4,318.8,FALSE,-7.157,2.781,7.678,7.904,5.806,5.806,filtered-optical,29.591,-26.791,63,22.43
3.024,189,TRACKING,-1.212,6.566,5.781,1.627,6.368,3.391,-7.597,3.338,8.298,144.83,199.12,1,19.907,-25,1,TRUE,TRUE,464.8,429.4,464.6,429.7,625.5,322.5,FALSE,-7.58,3.175,8.219,8.298,6.41,6.41,filtered-optical,24.659,-26.573,63,20.42
3.04,190,TRACKING,-1.317,6.56,5.461,1.521,6.573,2.991,-7.669,3.604,8.474,147.9,203.27,1,12.818,-25,1,TRUE,TRUE,460.5,435.7,461.1,436.7,618.7,326.3,FALSE,-7.89,3.569,8.66,8.474,6.911,6.911,filtered-optical,18.427,-26.349,63,22.47
3.056,191,TRACKING,-1.422,6.553,5.488,1.45,6.64,2.591,-8.144,3.65,8.925,155.77,214.3,1,4.154,-25,1,TRUE,TRUE,445.7,436.8,422.2,328.6,610.4,325.9,FALSE,-8.062,3.962,8.983,8.925,7.399,7.399,filtered-optical,10.98,-26.344,63,45.87
3.072,192,TRACKING,-1.527,6.546,5.132,0.515,6.545,2.191,-8.237,4.6,9.435,164.67,226.19,1,-5.893,-25,1,TRUE,TRUE,439.5,459,416.9,351.4,602.2,326.4,FALSE,-8.072,4.355,9.172,9.435,7.892,7.892,filtered-optical,1.964,-26.293,63,45.71
3.088,193,TRACKING,-1.632,6.539,4.272,0.5,6.279,1.791,-7.769,4.815,9.14,159.52,218.79,1,-16.63,-25,1,TRUE,TRUE,446.8,463.8,447.2,463.9,595.3,331.3,FALSE,-7.911,4.748,9.226,9.14,8.195,8.195,filtered-optical,-8.362,-26.026,63,22.71
3.104,194,TRACKING,-1.736,6.531,3.596,0.528,5.832,1.391,-7.474,4.989,8.986,156.84,214.89,1,-27.948,-25,1,TRUE,TRUE,449.5,467.7,449.3,468.4,588.7,336.2,FALSE,-7.568,5.139,9.148,8.986,8.387,8.387,filtered-optical,-19.363,-25.759,63,20.35
3.12,195,TRACKING,-1.841,6.522,3.027,0.328,5.272,1.004,-7.278,5.402,9.064,158.19,216.48,1,-35,-24.199,1,TRUE,TRUE,451.3,477.5,450.8,477.9,582.2,341.4,FALSE,-7.113,5.518,9.002,9.064,8.551,8.551,filtered-optical,-30.929,-25.485,63,21.94
3.136,196,TRACKING,-1.945,6.513,2.067,-0.409,4.712,0.628,-6.685,6.203,9.119,159.16,217.25,1,-35,-23.508,1,TRUE,TRUE,465.6,496.6,449.3,390.5,575.9,343.2,FALSE,-6.657,5.885,8.885,9.119,8.689,8.689,filtered-optical,-38.219,-24.589,63,50.22
3.152,197,TRACKING,-2.049,6.503,1.088,-0.252,4.152,0.262,-6.036,6.102,8.584,149.81,204.2,1,-35,-22.867,1,TRUE,TRUE,481.2,494.5,468.4,387,570.5,344.7,FALSE,-6.201,6.241,8.798,8.584,8.663,8.663,filtered-optical,-38.411,-23.813,63,52.88
3.168,198,TRACKING,-2.153,6.493,0.533,-0.302,3.592,-0.064,-5.774,6.399,8.619,150.43,204.86,0.973,-35,-20.397,1,TRUE,TRUE,487.3,502.6,487.4,502.9,565.9,350.7,FALSE,-5.745,6.557,8.718,8.619,8.652,8.652,filtered-optical,-38.558,-22.867,63,29.27
3.184,199,TRACKING,-2.257,6.482,-0.075,-0.577,3.032,-0.324,-5.442,6.938,8.817,153.89,209.34,0.946,-35,-16.219,1,TRUE,TRUE,495.2,517.2,495.4,517.7,561.8,357.1,FALSE,-5.289,6.806,8.62,8.817,8.692,8.692,filtered-optical,-38.683,-20.076,63,24.5
3.2,200,TRACKING,-2.361,6.471,-1.011,-0.5,2.472,-0.493,-4.75,7.13,8.568,149.53,203.11,0.924,-35,-10.537,1,TRUE,TRUE,511.9,524.2,511.7,525,558.4,363.7,FALSE,-4.833,6.964,8.476,8.568,8.662,8.662,filtered-optical,-38.77,-15.576,63,20.84
3.216,201,TRACKING,-2.464,6.459,-1.746,-0.06,1.912,-0.578,-4.246,6.771,7.992,139.48,189.28,0.912,-35,-5.332,1,TRUE,TRUE,524.1,517.9,517.5,413.8,555.4,365.9,FALSE,-4.376,7.037,8.287,7.992,8.5,8.5,filtered-optical,-38.841,-9.798,63,44.8
3.232,202,TRACKING,-2.567,6.447,-2.156,-0.229,1.352,-0.583,-4.055,7.032,8.117,141.67,192.17,0.914,-35,-0.291,1,TRUE,TRUE,528.8,526.1,522.2,422.1,552.6,368.3,FALSE,-3.919,7.03,8.048,8.117,8.407,8.407,filtered-optical,-38.898,-4.486,63,54.93
3.248,203,TRACKING,-2.67,6.435,-2.846,-0.084,0.792,-0.481,-3.55,7.153,7.986,139.38,188.9,0.928,-35,6.357,1,TRUE,TRUE,541.1,531.5,541.6,530.9,550.6,374.9,FALSE,-3.462,6.915,7.734,7.986,8.305,8.305,filtered-optical,-38.914,0.865,63,27.13
3.264,204,TRACKING,-2.773,6.421,-3.729,0.739,0.232,-0.255,-2.82,6.574,7.153,124.84,168.94,0.953,-35,14.134,1,TRUE,TRUE,558.9,520.5,559.1,520.4,549.4,380.9,FALSE,-3.005,6.676,7.321,7.153,8.026,8.026,filtered-optical,-38.896,7.792,63,23.63
3.28,205,TRACKING,-2.876,6.408,-4.157,1.425,-0.328,0.109,-2.532,6.112,6.616,115.47,156.15,0.984,-35,22.714,1,TRUE,TRUE,566,512.6,566.5,512.5,548.5,386.5,FALSE,-2.548,6.299,6.795,6.616,7.684,7.684,filtered-optical,-38.863,15.82,63,21.23
3.296,206,TRACKING,-2.978,6.394,-4.515,1.528,-0.888,0.509,-2.303,6.057,6.48,113.1,152.88,1,-35,25,1,TRUE,TRUE,571.7,511.9,571,408.1,547.9,387.9,FALSE,-2.09,5.885,6.245,6.48,7.392,7.392,filtered-optical,-38.819,24.441,63,45.91
3.312,207,TRACKING,-3.08,6.379,-5.362,2.006,-1.448,0.909,-1.55,5.609,5.819,101.56,137.07,1,-35,25,1,TRUE,TRUE,589.9,501,592.2,398.8,548.1,389,FALSE,-1.632,5.47,5.708,5.819,7.011,7.011,filtered-optical,-38.737,26.746,63,58.82
3.328,208,TRACKING,-3.182,6.364,-6.006,3.008,-2.008,1.309,-0.98,4.769,4.869,84.98,114.53,1,-35,25,1,TRUE,TRUE,603.6,481,604.5,480.7,548.8,393.1,FALSE,-1.174,5.055,5.19,4.869,6.491,6.491,filtered-optical,-38.632,26.921,63,29.64
3.344,209,TRACKING,-3.284,6.348,-6.152,3.235,-2.568,1.709,-0.904,4.698,4.784,83.49,112.51,1,-35,25,1,TRUE,TRUE,605.4,479.4,606,479.4,549.5,397.2,FALSE,-0.716,4.639,4.694,4.784,6.077,6.077,filtered-optical,-38.526,27.086,63,23.3
3.36,210,TRACKING,-3.385,6.332,-6.731,3.666,-3.128,2.109,-0.375,4.406,4.422,77.18,103.92,1,-35,25,1,TRUE,TRUE,618,472.7,617.7,472.6,550.7,400.8,FALSE,-0.257,4.223,4.231,4.422,5.676,5.676,filtered-optical,-38.4,27.23,63,15.18
3.376,211,TRACKING,-3.487,6.315,-7.576,4.267,-3.688,2.509,0.466,3.748,3.777,65.93,88.73,1,-35,25,1,TRUE,TRUE,638,457.4,647,354.9,553.1,399.9,FALSE,0.201,3.807,3.812,3.777,5.216,5.216,filtered-optical,-38.224,27.139,63,45.88
3.392,212,TRACKING,-3.588,6.298,-7.753,4.803,-4.248,2.909,0.649,3.136,3.202,55.89,75.23,1,-35,25,1,TRUE,TRUE,642.1,443.2,653.4,342.8,555.7,398.5,FALSE,0.66,3.389,3.453,3.202,4.728,4.728,filtered-optical,-38.039,27.027,63,51.02
3.408,213,TRACKING,-3.688,6.281,-7.952,4.774,-4.808,3.309,0.842,3.257,3.364,58.72,79.08,1,-35,25,1,TRUE,TRUE,646.6,446.3,646.9,446.6,557.9,401.1,FALSE,1.12,2.972,3.176,3.364,4.397,4.397,filtered-optical,-37.871,27.119,63,27.21
3.424,214,TRACKING,-3.789,6.262,-8.821,5.538,-5.368,3.709,1.74,2.557,3.092,53.97,73.05,1,-35,25,1,TRUE,TRUE,667.9,429.9,668.6,430.3,561,403,FALSE,1.579,2.554,3.003,3.092,4.081,4.081,filtered-optical,-37.668,27.174,63,21.19
3.44,215,TRACKING,-3.889,6.244,-9.282,6.161,-5.928,4.109,2.247,1.971,2.989,52.16,70.97,0.995,-35,25,1,TRUE,TRUE,679.9,416.1,680,416.1,564.5,404.3,FALSE,2.039,2.135,2.953,2.989,3.816,3.816,filtered-optical,-37.449,27.198,63,19.46
3.456,216,TRACKING,-3.988,6.225,-9.185,6.33,-6.488,4.509,2.219,1.664,2.774,48.41,65.97,0.992,-35,25,1,TRUE,TRUE,679.2,408.7,695.9,310.3,568.6,401.5,FALSE,2.5,1.716,3.032,2.774,3.563,3.563,filtered-optical,-37.208,27.014,63,66.57
3.472,217,TRACKING,-4.088,6.205,-9.766,6.24,-7.048,4.909,2.895,1.617,3.316,57.87,79.09,0.993,-35,25,1,TRUE,TRUE,695.5,407.4,713.4,309.7,573.3,398.7,FALSE,2.96,1.297,3.232,3.316,3.503,3.503,filtered-optical,-36.941,26.833,63,62.79
3.488,218,TRACKING,-4.187,6.185,-10.523,7.197,-7.608,5.309,3.747,0.645,3.802,66.36,91.15,0.996,-35,25,1,TRUE,TRUE,716.1,384.3,715.3,384.4,577.9,398.9,FALSE,3.421,0.876,3.532,3.802,3.576,3.576,filtered-optical,-36.68,26.804,63,33.25
3.504,219,TRACKING,-4.286,6.165,-10.453,7.437,-8.168,5.709,3.773,0.377,3.792,66.18,90.94,0.999,-35,25,1,TRUE,TRUE,716.9,377.8,717.6,377.3,582.6,398.7,FALSE,3.882,0.456,3.909,3.792,3.628,3.628,filtered-optical,-36.422,26.76,63,24.68
3.52,220,TRACKING,-4.384,6.144,-10.644,7.607,-8.728,6.109,4.07,0.173,4.073,71.09,97.73,0.997,-35,25,1,TRUE,TRUE,724.2,372.9,725.1,373.5,587.5,398.4,FALSE,4.344,0.035,4.344,4.073,3.736,3.736,filtered-optical,-36.159,26.709,63,18.59
3.536,221,TRACKING,-4.482,6.122,-11.458,7.815,-9.288,6.509,5.065,-0.247,5.071,88.51,121.78,0.99,-35,25,1,TRUE,TRUE,748.4,363.1,774,265.3,594.2,393.9,FALSE,4.806,-0.386,4.821,5.071,4.06,4.06,filtered-optical,-35.816,26.447,63,44.89
3.552,222,TRACKING,-4.58,6.1,-11.585,8.462,-9.826,6.909,5.383,-1.134,5.501,96.01,132.03,0.978,-33.621,25,1,TRUE,TRUE,756.7,342.5,783.5,246.2,601.1,388.8,FALSE,5.246,-0.808,5.308,5.501,4.409,4.409,filtered-optical,-35.467,26.156,63,54.78
3.568,223,TRACKING,-4.677,6.078,-11.375,8.353,-10.325,7.309,5.314,-1.102,5.427,94.72,130.25,0.963,-31.197,25,1,TRUE,TRUE,756.1,343.5,755.2,343.5,606.9,387.5,FALSE,5.648,-1.231,5.78,5.427,4.656,4.656,filtered-optical,-33.803,26.066,63,30.96
3.584,224,TRACKING,-4.775,6.055,-11.925,8.653,-10.766,7.709,6.034,-1.495,6.216,108.49,149.24,0.949,-27.532,25,1,TRUE,TRUE,774.9,334.6,775.3,334.9,613.2,385.9,FALSE,5.991,-1.654,6.215,6.216,5.034,5.034,filtered-optical,-31.069,25.962,63,24.11
3.6,225,TRACKING,-4.871,6.032,-12.266,9.225,-11.127,8.109,6.563,-2.185,6.917,120.73,166.02,0.939,-22.56,25,1,TRUE,TRUE,789.6,318.6,790.2,318.7,620.1,383.6,FALSE,6.255,-2.077,6.591,6.917,5.491,5.491,filtered-optical,-27.078,25.829,63,17.63
3.616,226,TRACKING,-4.968,6.008,-11.689,9.438,-11.384,8.507,6.21,-2.692,6.769,118.14,162.16,0.938,-16.07,24.91,1,TRUE,TRUE,783.5,306.7,816.2,210.4,627.8,377.3,FALSE,6.416,-2.499,6.886,6.769,5.8,5.8,filtered-optical,-21.745,25.488,63,40.1
3.632,227,TRACKING,-5.063,5.984,-11.508,9.083,-11.515,8.876,6.259,-2.621,6.786,118.44,162.62,0.947,-8.199,23.055,1,TRUE,TRUE,787.5,307.6,822.5,213.4,635.6,371.2,FALSE,6.451,-2.893,7.07,6.786,6.039,6.039,filtered-optical,-14.896,25.075,63,52.33
3.648,228,TRACKING,-5.159,5.959,-11.709,9.556,-11.507,9.211,6.648,-3.247,7.399,129.13,177.2,0.966,0.513,20.945,1,TRUE,TRUE,800.1,291.9,800.3,291.3,642.3,368.2,FALSE,6.348,-3.252,7.132,7.399,6.369,6.369,filtered-optical,-6.723,23.063,63,33.97
3.664,229,TRACKING,-5.254,5.934,-11.017,9.936,-11.349,9.505,6.123,-3.8,7.207,125.78,172.18,0.993,9.835,18.343,1,TRUE,TRUE,790.8,277.7,791,278.3,648.6,364.8,FALSE,6.095,-3.571,7.064,7.207,6.572,6.572,filtered-optical,2.262,20.776,63,24.51
3.68,230,TRACKING,-5.349,5.908,-10.141,9.733,-11.037,9.749,5.386,-3.768,6.573,114.72,156.76,1,19.5,15.266,1,TRUE,TRUE,776.5,277,776.4,277.5,654.2,361.3,FALSE,5.688,-3.841,6.864,6.573,6.572,6.572,filtered-optical,11.818,18.003,63,12.82
3.696,231,TRACKING,-5.443,5.882,-10.156,9.816,-10.602,9.96,5.287,-3.868,6.551,114.34,156.15,1,27.185,13.174,1,TRUE,TRUE,777,273.7,621.9,369.7,653.8,361.5,FALSE,5.159,-4.078,6.576,6.551,6.567,6.567,filtered-optical,21.423,14.943,63,32.34
3.712,232,TRACKING,-5.537,5.855,-9.409,10.011,-10.042,10.098,4.726,-4.414,6.467,112.87,153.73,1,35,8.64,1,TRUE,TRUE,766.5,259,808.7,166.4,660.5,353.9,FALSE,4.505,-4.243,6.188,6.467,6.543,6.543,filtered-optical,29.391,12.468,63,63.27
3.728,233,TRACKING,-5.631,5.828,-8.235,9.868,-9.482,10.155,3.621,-4.47,5.753,100.41,136.3,1,35,3.551,1,TRUE,TRUE,739.9,255.8,739.3,255.9,664.4,349.9,FALSE,3.852,-4.327,5.793,5.753,6.351,6.351,filtered-optical,37.349,7.743,63,34.25
3.744,234,TRACKING,-5.724,5.801,-7.673,9.268,-8.922,10.124,3.106,-4.053,5.107,89.13,120.88,1,35,-1.906,1,TRUE,TRUE,727.6,263.8,727.8,263.9,667.7,346.3,FALSE,3.199,-4.324,5.378,5.107,6.05,6.05,filtered-optical,37.463,2.486,63,32.56
3.76,235,TRACKING,-5.816,5.773,-7.338,9.28,-8.362,9.999,2.804,-4.256,5.097,88.95,120.48,1,35,-7.811,1,TRUE,TRUE,720.6,257.1,720.4,256.9,670.7,342.4,FALSE,2.546,-4.226,4.934,5.097,5.819,5.819,filtered-optical,37.558,-3.145,63,19.18
3.776,236,TRACKING,-5.908,5.745,-6.649,9.246,-7.802,9.798,1.856,-4.25,4.638,80.95,109.31,1,35,-12.607,1,TRUE,TRUE,698,255.7,540.9,354.3,666.7,342.4,FALSE,1.894,-4.053,4.474,4.638,5.532,5.532,filtered-optical,37.318,-9.026,63,28.54
3.792,237,TRACKING,-6,5.716,-5.771,8.396,-7.242,9.488,1.024,-3.723,3.861,67.38,90.79,1,35,-19.35,1,TRUE,TRUE,678.2,265.7,728.3,175.1,670,335.6,FALSE,1.242,-3.772,3.972,3.861,5.127,5.127,filtered-optical,37.429,-14.148,63,43.79
3.808,238,TRACKING,-6.091,5.686,-5.52,7.669,-6.682,9.088,0.724,-3.143,3.226,56.3,75.79,0.99,35,-25,1,TRUE,TRUE,671.2,277.3,671.5,278,671,332.8,FALSE,0.591,-3.402,3.453,3.226,4.666,4.666,filtered-optical,37.43,-21.002,63,30.83
3.824,239,TRACKING,-6.182,5.657,-4.951,7.673,-6.122,8.688,0.08,-3.3,3.3,57.6,77.48,0.964,35,-25,1,TRUE,TRUE,655.8,273.6,655.9,273.4,671.4,329.9,FALSE,-0.06,-3.031,3.032,3.3,4.335,4.335,filtered-optical,37.401,-26.767,63,33.88
3.84,240,TRACKING,-6.272,5.627,-4.095,6.934,-5.562,8.288,-0.89,-2.687,2.83,49.4,66.56,0.948,35,-25,1,TRUE,TRUE,632.6,287.8,632.6,287.9,670.9,327.6,FALSE,-0.71,-2.661,2.755,2.83,3.97,3.97,filtered-optical,37.328,-26.847,63,21.6
3.856,241,TRACKING,-6.362,5.596,-3.965,6.433,-5.002,7.888,-1.412,-2.126,2.552,44.55,60.27,0.941,35,-25,1,TRUE,TRUE,620,300.7,457.8,401.1,663.6,329.8,FALSE,-1.36,-2.292,2.665,2.552,3.627,3.627,filtered-optical,36.937,-26.703,63,30.51
3.872,242,TRACKING,-6.451,5.565,-3.954,6.232,-4.442,7.488,-1.826,-1.855,2.602,45.42,61.7,0.945,35,-25,1,TRUE,TRUE,610,306.8,447.7,408.2,656.1,332.2,FALSE,-2.009,-1.923,2.781,2.602,3.378,3.378,filtered-optical,36.542,-26.549,63,43.36
3.888,243,TRACKING,-6.54,5.534,-3.271,6.158,-3.882,7.088,-2.679,-1.879,3.273,57.12,77.9,0.955,35,-25,1,TRUE,TRUE,589.3,306.1,589.8,305.7,654.1,330.6,FALSE,-2.658,-1.554,3.079,3.273,3.353,3.353,filtered-optical,36.42,-26.599,63,37.09
3.904,244,TRACKING,-6.628,5.502,-2.682,5.187,-3.322,6.688,-3.468,-0.971,3.601,62.85,86.23,0.968,35,-25,1,TRUE,TRUE,570.2,327.3,569.8,327.2,651.5,329.8,FALSE,-3.306,-1.186,3.513,3.601,3.413,3.413,filtered-optical,36.266,-26.604,63,37.41
3.92,245,TRACKING,-6.716,5.469,-2.486,4.893,-2.762,6.288,-3.878,-0.728,3.945,68.86,94.58,0.981,35,-25,1,TRUE,TRUE,560.1,333.1,560,333.9,648.5,329.4,FALSE,-3.954,-0.819,4.038,3.945,3.542,3.542,filtered-optical,36.098,-26.595,63,21.83
3.936,246,TRACKING,-6.803,5.437,-2.435,4.865,-2.246,5.888,-4.428,-0.578,4.466,77.94,107.14,0.99,32.28,-25,1,TRUE,TRUE,545.7,336.8,379,439.9,638.6,333.1,FALSE,-4.558,-0.451,4.58,4.466,3.766,3.766,filtered-optical,35.608,-26.38,63,30.04
3.952,247,TRACKING,-6.89,5.404,-2.199,4.667,-1.82,5.488,-5.189,-0.246,5.195,90.66,124.77,0.994,26.587,-25,1,TRUE,TRUE,525.1,344.9,358.6,448.2,628.1,337,FALSE,-5.07,-0.085,5.07,5.195,4.112,4.112,filtered-optical,32.379,-26.156,63,42.95
3.968,248,TRACKING,-6.976,5.37,-2.077,3.804,-1.488,5.088,-5.579,0.612,5.613,97.96,134.84,0.994,20.802,-25,1,TRUE,TRUE,513.5,365.3,513.1,365.6,623.7,337.6,FALSE,-5.489,0.282,5.496,5.613,4.476,4.476,filtered-optical,26.478,-26.1,63,33.89
3.984,249,TRACKING,-7.062,5.336,-2.27,3.874,-1.251,4.688,-5.655,0.532,5.68,99.14,136.48,0.99,14.782,-25,1,TRUE,TRUE,509.4,363.6,510.1,362.7,619.3,338.2,FALSE,-5.811,0.648,5.847,5.68,4.768,4.768,filtered-optical,20.487,-26.051,63,34.92
4,250,TRACKING,-7.147,5.302,-2.219,3.553,-1.118,4.288,-5.99,0.854,6.051,105.61,145.41,0.987,8.305,-25,1,TRUE,TRUE,498.9,371.2,498.2,370.4,614.6,339,FALSE,-6.029,1.014,6.114,6.051,5.079,5.079,filtered-optical,14.249,-25.988,63,25.96
4.016,251,TRACKING,-7.232,5.267,-2.498,3.142,-1.139,3.891,-6.276,1.46,6.444,112.47,154.79,0.987,-1.287,-24.805,1,TRUE,TRUE,488.5,385.4,319.2,489.7,603,344.4,FALSE,-6.093,1.376,6.246,6.444,5.41,5.41,filtered-optical,7.239,-25.697,63,26.76
4.032,252,TRACKING,-7.316,5.232,-3.394,2.893,-1.352,3.527,-5.93,1.922,6.234,108.8,149.52,0.993,-13.321,-22.765,1,TRUE,TRUE,492.4,396.8,322,502.6,591.9,350.2,FALSE,-5.964,1.705,6.203,6.234,5.61,5.61,filtered-optical,-2.86,-25.197,63,33.95
4.048,253,TRACKING,-7.399,5.196,-4.118,3.112,-1.747,3.192,-5.464,1.73,5.731,100.03,137.41,1,-24.693,-20.923,1,TRUE,TRUE,499.5,392.7,498.9,392.6,587.7,351.7,FALSE,-5.652,2.004,5.997,5.731,5.639,5.639,filtered-optical,-15.06,-23.076,63,29.24
4.064,254,TRACKING,-7.482,5.16,-4.537,2.631,-2.307,2.889,-5.297,2.258,5.758,100.5,137.84,1,-35,-18.959,1,TRUE,TRUE,499.7,405.6,499,406,583.6,353.7,FALSE,-5.175,2.271,5.651,5.758,5.668,5.668,filtered-optical,-26.59,-21.129,63,31.59
4.08,255,TRACKING,-7.564,5.124,-5.216,2.233,-2.867,2.622,-4.848,2.72,5.559,97.02,132.76,1,-35,-16.676,1,TRUE,TRUE,510.6,417.1,510.6,416.9,580.1,356,FALSE,-4.697,2.502,5.322,5.559,5.642,5.642,filtered-optical,-37.026,-19.044,63,25.65
4.096,256,TRACKING,-7.646,5.087,-6.517,2.564,-3.427,2.422,-4.011,2.621,4.791,83.63,114.21,1,-35,-12.484,1,TRUE,TRUE,530.8,416.3,361,522.2,570.9,362.3,FALSE,-4.219,2.665,4.99,4.791,5.435,5.435,filtered-optical,-37.417,-16.444,63,30.51
4.112,257,TRACKING,-7.727,5.05,-7.291,2.908,-3.987,2.314,-3.678,2.505,4.45,77.66,106.01,1,-35,-6.769,1,TRUE,TRUE,538.7,415.8,369.1,522.2,562.3,368.5,FALSE,-3.74,2.736,4.634,4.45,5.197,5.197,filtered-optical,-37.777,-11.946,63,30.11
4.128,258,TRACKING,-7.807,5.012,-7.607,2.589,-4.547,2.293,-3.52,2.889,4.553,79.47,108.27,1,-35,-1.283,1,TRUE,TRUE,542.3,427.1,542.6,426.5,560.4,370.9,FALSE,-3.26,2.719,4.245,4.553,5.041,5.041,filtered-optical,-37.81,-6.121,63,27.52
4.144,259,TRACKING,-7.887,4.974,-8.537,2.776,-5.107,2.359,-2.714,2.764,3.873,67.6,91.86,1,-35,4.079,1,TRUE,TRUE,561.5,426.4,561.3,426,559.3,373.3,FALSE,-2.78,2.615,3.817,3.873,4.758,4.758,filtered-optical,-37.806,-0.53,63,30.58
4.16,260,TRACKING,-7.967,4.936,-9.294,3.404,-5.667,2.506,-2.054,2.176,2.993,52.24,70.93,1,-35,9.22,1,TRUE,TRUE,577.2,414.8,576.9,414.9,558.9,375.1,FALSE,-2.3,2.429,3.345,2.993,4.33,4.33,filtered-optical,-37.773,4.91,63,25.76
4.176,261,TRACKING,-8.045,4.897,-9.691,3.66,-6.227,2.76,-2.019,2.136,2.939,51.3,69.66,1,-35,15.883,1,TRUE,TRUE,577.8,416.6,408.6,523.5,552.1,381.1,FALSE,-1.818,2.137,2.806,2.939,3.993,3.993,filtered-optical,-38.038,10.332,63,29.43
4.192,262,TRACKING,-8.123,4.858,-10.553,4.076,-6.787,3.14,-1.491,1.928,2.437,42.54,57.63,0.98,-35,23.737,1,TRUE,TRUE,590.4,414.7,422.3,522.5,546,386.9,FALSE,-1.336,1.718,2.176,2.437,3.616,3.616,filtered-optical,-38.267,17.263,63,26.62
4.208,263,TRACKING,-8.201,4.818,-11.509,4.77,-7.347,3.54,-0.558,1.236,1.356,23.67,31.93,0.949,-35,25,1,TRUE,TRUE,612.7,398.8,613.3,399,547.2,387.8,FALSE,-0.854,1.278,1.537,1.356,3.068,3.068,filtered-optical,-38.145,25.138,63,23.24
4.224,264,TRACKING,-8.278,4.778,-11.719,5.403,-7.907,3.94,-0.367,0.577,0.684,11.94,16.14,0.925,-35,25,1,TRUE,TRUE,617.3,383.1,616.7,383.3,548.6,388.2,FALSE,-0.37,0.838,0.916,0.684,2.49,2.49,filtered-optical,-38.019,26.392,63,27.85
4.24,265,TRACKING,-8.354,4.738,-11.899,5.31,-8.467,4.34,-0.197,0.646,0.676,11.79,15.87,0.913,-35,25,1,TRUE,TRUE,621.5,384.5,621.9,384.5,550.2,388.6,FALSE,0.113,0.398,0.414,0.676,2.05,2.05,filtered-optical,-37.887,26.384,63,30.11
4.256,266,TRACKING,-8.429,4.698,-12.687,5.873,-9.027,4.74,0.762,0.007,0.762,13.3,18.26,0.914,-35,25,1,TRUE,TRUE,644.6,369.2,736.1,352.9,556.2,387.7,FALSE,0.598,-0.043,0.599,0.762,1.738,1.738,filtered-optical,-37.555,26.315,63,38.08
4.272,267,TRACKING,-8.504,4.657,-13.461,6.633,-9.587,5.14,1.314,-0.651,1.466,25.59,34.98,0.928,-35,25,1,TRUE,TRUE,658,353.6,489.5,463.5,552.6,391.1,FALSE,1.083,-0.484,1.186,1.466,1.672,1.672,filtered-optical,-37.671,26.457,63,30.96
4.288,268,TRACKING,-8.578,4.615,-13.376,6.897,-10.147,5.54,1.276,-1.008,1.626,28.38,38.64,0.95,-35,25,1,TRUE,TRUE,657.3,345.2,657.1,344.9,555.5,389.9,FALSE,1.569,-0.925,1.821,1.626,1.661,1.661,filtered-optical,-37.484,26.369,63,18.93
4.304,269,TRACKING,-8.652,4.574,-14.007,6.835,-10.707,5.94,1.979,-1.04,2.236,39.02,53.33,0.978,-35,25,1,TRUE,TRUE,674.4,344.6,674,344.5,559,388.6,FALSE,2.055,-1.367,2.468,2.236,1.8,1.8,filtered-optical,-37.273,26.282,63,21.46
4.32,270,TRACKING,-8.725,4.532,-14.801,7.671,-11.267,6.34,2.88,-2.006,3.509,61.25,83.55,1,-35,25,1,TRUE,TRUE,696.1,322.1,696.1,321.7,563.3,386.6,FALSE,2.543,-1.809,3.12,3.509,2.215,2.215,filtered-optical,-37.028,26.155,63,22.42
4.336,271,TRACKING,-8.797,4.489,-14.605,7.847,-11.827,6.74,2.925,-2.355,3.755,65.54,89.28,1,-35,25,1,TRUE,TRUE,697.2,314.2,783.1,294.7,570.9,383.5,FALSE,3.03,-2.251,3.775,3.755,2.588,2.588,filtered-optical,-36.638,25.98,63,37.45
4.352,272,TRACKING,-8.868,4.446,-15.072,8.105,-12.387,7.14,3.239,-2.579,4.141,72.27,98.47,1,-35,25,1,TRUE,TRUE,704.7,309.2,536.4,421,568.9,385.3,FALSE,3.519,-2.694,4.432,4.141,2.965,2.965,filtered-optical,-36.698,26.05,63,26.29
4.368,273,TRACKING,-8.939,4.403,-15.941,8.318,-12.947,7.54,4.262,-2.955,5.186,90.51,123.57,1,-35,25,1,TRUE,TRUE,729.2,300.5,728.9,301.3,574.3,382.5,FALSE,4.008,-3.137,5.09,5.186,3.503,3.503,filtered-optical,-36.413,25.891,63,16
4.384,274,TRACKING,-9.009,4.36,-16.153,9.078,-13.507,7.94,4.638,-3.912,6.068,105.9,144.36,1,-35,25,1,TRUE,TRUE,738,278.1,737.6,278.4,579.9,378.9,FALSE,4.498,-3.58,5.749,6.068,4.125,4.125,filtered-optical,-36.123,25.694,63,21.85
4.4,275,TRACKING,-9.078,4.316,-16.019,8.892,-14.067,8.34,4.666,-3.921,6.095,106.38,145.02,1,-35,25,1,TRUE,TRUE,738.5,277.7,738.4,278.1,585.5,375.3,FALSE,4.989,-4.024,6.409,6.095,4.602,4.602,filtered-optical,-35.842,25.503,63,19.27
4.416,276,TRACKING,-9.147,4.272,-16.547,9.016,-14.625,8.723,5.511,-4.291,6.985,121.9,166.43,1,-34.866,23.913,1,TRUE,TRUE,758.7,268.4,838.3,245.6,594.7,370.6,FALSE,5.478,-4.451,7.058,6.985,5.18,5.18,filtered-optical,-35.395,25.258,63,37.39
4.432,277,TRACKING,-9.215,4.228,-16.918,9.356,-15.139,9.065,6.217,-4.899,7.916,138.16,188.73,1,-32.138,21.401,1,TRUE,TRUE,776.7,252.8,854.8,229.2,604.4,365.4,FALSE,5.924,-4.838,7.648,7.916,5.843,5.843,filtered-optical,-34.8,23.904,63,34.1
4.448,278,TRACKING,-9.282,4.183,-16.624,9.613,-15.594,9.348,6.128,-5.405,8.171,142.61,194.6,1,-28.421,17.703,1,TRUE,TRUE,775.8,239.2,775.8,239.5,610.9,360.6,FALSE,6.311,-5.166,8.156,8.171,6.407,6.407,filtered-optical,-31.77,21.155,63,16.18
4.464,279,TRACKING,-9.349,4.138,-16.72,9.12,-15.972,9.563,6.438,-5.151,8.245,143.9,196.61,1,-23.656,13.395,1,TRUE,TRUE,785.2,243.5,785,242.7,617.6,356.1,FALSE,6.623,-5.425,8.562,8.245,6.853,6.853,filtered-optical,-27.746,17.236,63,18.87
4.48,280,TRACKING,-9.415,4.092,-17.152,9.296,-16.255,9.694,7.108,-5.581,9.037,157.72,215.69,1,-17.675,8.205,1,TRUE,TRUE,803.8,231.3,803.1,231.6,624.9,351.2,FALSE,6.84,-5.602,8.841,9.037,7.382,7.382,filtered-optical,-22.654,12.694,63,16.94
4.496,281,TRACKING,-9.48,4.047,-16.667,9.288,-16.408,9.721,6.968,-5.882,9.119,159.16,217.49,1,-9.575,1.694,1,TRUE,TRUE,803.7,221.8,874.6,193.8,634.8,345,FALSE,6.928,-5.675,8.956,9.119,7.803,7.803,filtered-optical,-16.234,7.209,63,39.76
4.512,282,TRACKING,-9.544,4,-15.96,8.721,-16.405,9.628,6.591,-5.614,8.658,151.11,206.38,1,0.211,-5.843,1,TRUE,TRUE,798.5,225.6,869.8,197.9,644.2,339,FALSE,6.861,-5.627,8.873,8.658,8.011,8.011,filtered-optical,-7.722,0.422,63,38.11
4.528,283,TRACKING,-9.608,3.954,-15.869,8.072,-16.237,9.408,6.723,-5.203,8.501,148.37,202.83,1,10.48,-13.719,1,TRUE,TRUE,805.9,232.6,806.3,232.3,651.1,334.5,FALSE,6.629,-5.454,8.585,8.501,8.129,8.129,filtered-optical,2.347,-7.314,63,15.98
4.544,284,TRACKING,-9.671,3.907,-15.366,7.941,-15.898,9.056,6.431,-5.316,8.343,145.62,198.89,1,21.18,-22.006,1,TRUE,TRUE,803.2,227,802.6,226.5,657.6,329.9,FALSE,6.228,-5.149,8.08,8.343,8.181,8.181,filtered-optical,12.881,-15.391,63,19.36
4.56,285,TRACKING,-9.733,3.861,-14.231,7.345,-15.386,8.656,5.473,-4.947,7.377,128.76,175.54,1,32.04,-25,1,TRUE,TRUE,784.3,234.7,784.4,234.2,663.3,325.7,FALSE,5.653,-4.796,7.413,7.377,7.986,7.986,filtered-optical,23.802,-23.856,63,21.21
4.576,286,TRACKING,-9.794,3.813,-13.431,6.363,-14.826,8.256,4.928,-4.209,6.481,113.11,154.21,0.977,35,-25,1,TRUE,TRUE,772.4,252.2,837.6,222,671,321.1,FALSE,5.031,-4.443,6.712,6.481,7.621,7.621,filtered-optical,34.966,-27.043,63,46.04
4.592,287,TRACKING,-9.855,3.766,-12.89,5.979,-14.266,7.856,4.619,-4.06,6.15,107.33,146.25,0.954,35,-25,1,TRUE,TRUE,764.9,255.6,826.5,223.8,678,316.7,FALSE,4.411,-4.09,6.015,6.15,7.265,7.265,filtered-optical,38.196,-27.223,63,38.88
4.608,288,TRACKING,-9.915,3.718,-11.968,5.702,-13.706,7.456,3.795,-3.961,5.486,95.75,130.17,0.933,35,-25,1,TRUE,TRUE,745,257.7,744.6,257.3,681.7,313.6,FALSE,3.791,-3.738,5.324,5.486,6.833,6.833,filtered-optical,38.31,-27.332,63,17.89
4.624,289,TRACKING,-9.974,3.67,-11.09,4.94,-13.146,7.056,2.982,-3.352,4.486,78.29,106.31,0.92,35,-25,1,TRUE,TRUE,725.3,271.8,725.9,271.8,684.7,311.2,FALSE,3.172,-3.386,4.64,4.486,6.264,6.264,filtered-optical,38.385,-27.409,63,20.66
4.64,290,TRACKING,-10.032,3.621,-10.684,4.235,-12.586,6.656,2.625,-2.773,3.818,66.65,90.52,0.918,35,-25,1,TRUE,TRUE,716.5,285.1,717.3,285.8,687.3,309.3,FALSE,2.553,-3.035,3.966,3.818,5.671,5.671,filtered-optical,38.44,-27.455,63,23.87
4.656,291,TRACKING,-10.09,3.573,-10.03,4.185,-12.026,6.256,2.082,-2.91,3.578,62.45,84.58,0.929,35,-25,1,TRUE,TRUE,703.3,281.8,759.4,247.3,691.3,306.1,FALSE,1.936,-2.683,3.309,3.578,5.164,5.164,filtered-optical,38.564,-27.569,63,42.11
4.672,292,TRACKING,-10.147,3.524,-9.076,3.514,-11.466,5.856,1.2,-2.406,2.689,46.92,63.35,0.952,35,-25,1,TRUE,TRUE,681.9,293.6,736,257.9,694.4,303.3,FALSE,1.319,-2.332,2.68,2.689,4.564,4.564,filtered-optical,38.64,-27.657,63,41.41
4.688,293,TRACKING,-10.203,3.474,-8.522,2.836,-10.906,5.456,0.607,-1.813,1.912,33.37,44.94,0.982,35,-25,1,TRUE,TRUE,667.5,307.7,667,306.9,694.8,302.5,FALSE,0.703,-1.982,2.103,1.912,3.921,3.921,filtered-optical,38.589,-27.648,63,17.41
4.704,294,TRACKING,-10.258,3.425,-8.203,2.485,-10.346,5.056,0.235,-1.535,1.553,27.1,36.44,1,35,-25,1,TRUE,TRUE,658.5,314.5,658.2,313.9,694.9,301.9,FALSE,0.088,-1.631,1.634,1.553,3.347,3.347,filtered-optical,38.522,-27.625,63,18.78
4.72,295,TRACKING,-10.312,3.375,-7.568,2.483,-9.786,4.656,-0.481,-1.607,1.677,29.28,39.42,1,35,-25,1,TRUE,TRUE,641.4,313.1,641.3,312.7,694.2,301.4,FALSE,-0.527,-1.281,1.385,1.677,2.942,2.942,filtered-optical,38.425,-27.603,63,19.18
4.736,296,TRACKING,-10.366,3.325,-6.78,1.53,-9.226,4.256,-1.304,-0.754,1.506,26.29,35.9,1,35,-25,1,TRUE,TRUE,621.7,333.3,670.3,295.4,694.7,300.2,FALSE,-1.14,-0.931,1.472,1.506,2.594,2.594,filtered-optical,38.38,-27.612,63,46.24
4.752,297,TRACKING,-10.419,3.275,-6.398,1.151,-8.666,3.856,-1.742,-0.464,1.803,31.46,43.14,1,35,-25,1,TRUE,TRUE,611.4,340.2,657,302.1,694.6,299.3,FALSE,-1.753,-0.581,1.847,1.803,2.402,2.402,filtered-optical,38.311,-27.607,63,42.43
4.768,298,TRACKING,-10.471,3.224,-6.09,1.002,-8.106,3.456,-2.195,-0.335,2.22,38.75,53.19,1,35,-25,1,TRUE,TRUE,600.7,343.3,600.6,343.7,692.4,300,FALSE,-2.365,-0.232,2.376,2.22,2.358,2.358,filtered-optical,38.143,-27.521,63,17.54
4.784,299,TRACKING,-10.522,3.173,-5.406,0.739,-7.546,3.056,-3.054,-0.083,3.055,53.32,73.25,1,35,-25,1,TRUE,TRUE,580.3,349,580.9,349.6,689.4,300.9,FALSE,-2.976,0.117,2.978,3.055,2.527,2.527,filtered-optical,37.943,-27.425,63,18.98
4.8,300,TRACKING,-10.572,3.122,-4.92,-0.121,-6.986,2.656,-3.74,0.797,3.824,66.75,91.65,1,35,-25,1,TRUE,TRUE,564,369.4,563.1,369,685.8,302.6,FALSE,-3.586,0.466,3.617,3.824,2.842,2.842,filtered-optical,37.716,-27.294,63,17.4
4.816,301,TRACKING,-10.622,3.071,-4.759,-0.101,-6.426,2.256,-4.044,0.727,4.108,71.71,98.51,1,35,-25,1,TRUE,TRUE,556.9,367.5,598,326.5,683.6,302.6,FALSE,-4.196,0.815,4.274,4.108,3.149,3.149,filtered-optical,37.557,-27.247,63,48.65
4.832,302,TRACKING,-10.67,3.02,-4.271,-0.419,-5.866,1.856,-4.703,1.003,4.809,83.93,115.34,1,35,-25,1,TRUE,TRUE,541.1,373.8,578.6,330.5,680.6,302.9,FALSE,-4.805,1.163,4.944,4.809,3.551,3.551,filtered-optical,37.368,-27.192,63,55.91
4.848,303,TRACKING,-10.718,2.968,-3.609,-0.919,-5.306,1.456,-5.629,1.551,5.839,101.91,140.08,0.984,35,-25,1,TRUE,TRUE,518.8,386.5,519.1,386,675.5,305.2,FALSE,-5.413,1.512,5.62,5.839,4.106,4.106,filtered-optical,37.077,-27.032,63,23.17
4.864,304,TRACKING,-10.765,2.916,-3.485,-1.42,-4.746,1.056,-6.027,2.119,6.389,111.5,153.2,0.973,35,-25,1,TRUE,TRUE,509.1,399.8,509.6,399.7,670,308,FALSE,-6.02,1.86,6.3,6.389,4.659,4.659,filtered-optical,36.778,-26.85,63,19.44
4.88,305,TRACKING,-10.812,2.864,-3.413,-1.177,-4.186,0.656,-6.384,1.935,6.671,116.43,160.14,0.971,35,-25,1,TRUE,TRUE,500.3,395.6,499.4,394.8,664.3,310.6,FALSE,-6.626,2.208,6.984,6.671,5.147,5.147,filtered-optical,36.469,-26.682,63,21.58
4.896,306,TRACKING,-10.857,2.811,-2.719,-1.758,-3.626,0.256,-7.346,2.525,7.768,135.57,186.6,0.974,35,-25,1,TRUE,TRUE,476.7,409.7,507.9,365.5,659,312,FALSE,-7.231,2.555,7.669,7.768,5.782,5.782,filtered-optical,36.186,-26.575,63,42.28
4.912,307,TRACKING,-10.902,2.759,-2.329,-2.305,-3.078,-0.144,-8.027,3.098,8.605,150.18,206.77,0.979,34.237,-25,1,TRUE,TRUE,459.7,423.5,489.9,376.8,653.1,313.9,FALSE,-7.824,2.902,8.345,8.605,6.467,6.467,filtered-optical,35.88,-26.449,63,50.76
4.928,308,TRACKING,-10.945,2.706,-2.553,-2.366,-2.57,-0.544,-8.145,3.265,8.775,153.15,210.85,0.984,31.727,-25,1,TRUE,TRUE,455.6,427.6,455.7,426.7,645.9,317.6,FALSE,-8.375,3.25,8.983,8.775,7.026,7.026,filtered-optical,34.76,-26.231,63,28.97
4.944,309,TRACKING,-10.988,2.653,-2.298,-2.319,-2.131,-0.944,-8.761,3.327,9.371,163.56,225.47,0.986,27.483,-25,1,TRUE,TRUE,438.8,429.2,438.9,429.8,638.3,321.4,FALSE,-8.858,3.596,9.56,9.371,7.595,7.595,filtered-optical,31.874,-26.013,63,28.15
4.96,310,TRACKING,-11.03,2.599,-1.908,-2.965,-1.787,-1.344,-9.54,4.107,10.386,181.28,250.02,0.983,21.443,-25,1,TRUE,TRUE,417.3,447.5,416.9,447.4,630,325.8,FALSE,-9.243,3.943,10.049,10.386,8.271,8.271,filtered-optical,27.229,-25.769,63,22.13
4.976,311,TRACKING,-11.071,2.546,-2.337,-3.236,-1.56,-1.744,-9.455,4.444,10.447,182.34,251.29,0.976,14.242,-25,1,TRUE,TRUE,416.5,455.3,440.9,407,622.7,328.6,FALSE,-9.512,4.29,10.434,10.447,8.799,8.799,filtered-optical,20.845,-25.611,63,40.47
4.992,312,TRACKING,-11.112,2.492,-2.767,-3.153,-1.464,-2.144,-9.366,4.422,10.357,180.77,249.08,0.967,5.997,-25,1,TRUE,TRUE,415.6,454.6,439.4,405.7,615.5,331.3,FALSE,-9.648,4.636,10.704,10.357,9.177,9.177,filtered-optical,13.312,-25.461,63,49.04
5.008,313,TRACKING,-11.151,2.438,-2.689,-3.497,-1.524,-2.544,-9.839,4.921,11.001,192,264.65,0.958,-3.753,-25,1,TRUE,TRUE,400.3,466.1,400.1,465.5,607,336.2,FALSE,-9.627,4.982,10.84,11.001,9.619,9.619,filtered-optical,4.677,-25.201,63,26.15
5.024,314,TRACKING,-11.19,2.384,-3.305,-3.939,-1.76,-2.921,-9.609,5.54,11.091,193.58,266.4,0.955,-14.753,-23.588,1,TRUE,TRUE,401.8,481,401.4,480.7,598.7,341.6,FALSE,-9.43,5.305,10.82,11.091,9.976,9.976,filtered-optical,-5.446,-24.92,63,25.16
5.04,315,TRACKING,-11.227,2.33,-4.537,-3.784,-2.185,-3.256,-8.728,5.559,10.348,180.6,247.98,0.96,-26.567,-20.948,1,TRUE,TRUE,419,482.3,418.6,481.8,591.2,347,FALSE,-9.043,5.586,10.629,10.348,10.066,10.066,filtered-optical,-16.773,-23.237,63,21.45
5.056,316,TRACKING,-11.264,2.275,-4.863,-3.68,-2.745,-3.543,-8.507,5.559,10.162,177.36,243.39,0.973,-35,-17.887,1,TRUE,TRUE,421.3,483.5,568.7,440.7,589.5,350.7,FALSE,-8.519,5.818,10.317,10.162,10.089,10.089,filtered-optical,-28.626,-20.415,63,41.84
5.072,317,TRACKING,-11.3,2.221,-5.14,-4.187,-3.305,-3.769,-8.322,6.192,10.373,181.05,248.11,0.994,-35,-14.151,1,TRUE,TRUE,426,500.1,575.2,457.7,588.2,354.9,FALSE,-7.995,5.99,9.99,10.373,10.158,10.158,filtered-optical,-37.083,-17.147,63,47.26
5.088,318,TRACKING,-11.335,2.166,-6.444,-3.978,-3.865,-3.915,-7.307,6.179,9.569,167.02,228.32,1,-35,-9.128,1,TRUE,TRUE,450.9,501.9,450.4,502.3,582.1,360.8,FALSE,-7.47,6.081,9.633,9.569,10.015,10.015,filtered-optical,-37.332,-13.126,63,20.7
5.104,319,TRACKING,-11.37,2.111,-7.303,-3.522,-4.425,-3.965,-6.705,5.906,8.935,155.94,212.95,1,-35,-3.105,1,TRUE,TRUE,465.5,498,465.2,497.5,576.8,366.4,FALSE,-6.945,6.076,9.227,8.935,9.753,9.753,filtered-optical,-37.542,-7.838,63,21.41
5.12,320,TRACKING,-11.403,2.056,-7.55,-3.288,-4.985,-3.904,-6.71,5.852,8.904,155.4,212.23,1,-35,3.787,1,TRUE,TRUE,465.3,499.6,465.1,498.9,571.5,371.9,FALSE,-6.418,5.96,8.759,8.904,9.547,9.547,filtered-optical,-37.743,-1.56,63,20.11
5.136,321,TRACKING,-11.435,2.001,-8.268,-3.36,-5.545,-3.729,-5.972,6.052,8.502,148.39,202.24,1,-35,10.972,1,TRUE,TRUE,483.1,507.1,633.3,469.3,572.8,376.2,FALSE,-5.89,5.729,8.217,8.502,9.294,9.294,filtered-optical,-37.629,5.52,63,42.82
5.152,322,TRACKING,-11.467,1.945,-9.151,-2.44,-6.105,-3.437,-5.031,5.228,7.256,126.63,172.37,1,-35,18.202,1,TRUE,TRUE,505.6,490.3,656.4,453.2,574.9,379.8,FALSE,-5.362,5.383,7.598,7.256,8.8,8.8,filtered-optical,-37.475,12.852,63,47.09
5.168,323,TRACKING,-11.498,1.89,-9.432,-1.868,-6.665,-3.037,-4.928,4.796,6.877,120.02,163.44,1,-35,25,1,TRUE,TRUE,507.9,482.5,507.1,482,571.4,384.4,FALSE,-4.833,4.927,6.902,6.877,8.334,8.334,filtered-optical,-37.597,20.279,63,24.58
5.184,324,TRACKING,-11.527,1.834,-9.945,-1.508,-7.225,-2.637,-4.574,4.564,6.462,112.78,153.49,1,-35,25,1,TRUE,TRUE,516.3,476.8,517,477.5,568.3,388.7,FALSE,-4.303,4.472,6.205,6.462,7.88,7.88,filtered-optical,-37.693,27.256,63,23.36
5.2,325,TRACKING,-11.556,1.778,-11.097,-1.064,-7.785,-2.237,-3.537,4.232,5.515,96.26,130.69,1,-35,25,1,TRUE,TRUE,541.2,468.6,541.7,469.4,566.2,392.6,FALSE,-3.771,4.016,5.509,5.515,7.307,7.307,filtered-optical,-37.74,27.41,63,17.07
5.216,326,TRACKING,-11.584,1.722,-11.387,-0.057,-8.345,-1.837,-3.1,3.234,4.48,78.18,106.24,0.989,-35,25,1,TRUE,TRUE,551.7,444.9,704.9,409.4,570.4,394.1,FALSE,-3.239,3.56,4.813,4.48,6.621,6.621,filtered-optical,-37.486,27.441,63,40.07
5.232,327,TRACKING,-11.611,1.666,-11.337,0.009,-8.905,-1.437,-3.001,3.174,4.368,76.24,103.58,0.959,-35,25,1,TRUE,TRUE,554.1,443.4,707.2,408.9,574.6,395.6,FALSE,-2.707,3.104,4.118,4.368,6.075,6.075,filtered-optical,-37.236,27.468,63,40.5
5.248,328,TRACKING,-11.638,1.61,-12.246,0.42,-9.465,-1.037,-2.155,2.808,3.54,61.78,83.73,0.938,-35,25,1,TRUE,TRUE,574.6,434.8,574.8,434.3,573.8,398,FALSE,-2.173,2.647,3.425,3.54,5.46,5.46,filtered-optical,-37.234,27.541,63,21.33
5.264,329,TRACKING,-11.663,1.553,-13.061,1.073,-10.025,-0.637,-1.371,2.173,2.569,44.84,60.64,0.927,-35,25,1,TRUE,TRUE,593.6,420.1,593.3,419.1,573.6,399.7,FALSE,-1.638,2.191,2.736,2.569,4.76,4.76,filtered-optical,-37.197,27.58,63,19.47
5.28,330,TRACKING,-11.687,1.497,-13.204,1.779,-10.585,-0.237,-1.251,1.457,1.92,33.51,45.45,0.928,-35,25,1,TRUE,TRUE,596.6,403.5,597.4,402.8,573.7,400.8,FALSE,-1.102,1.734,2.055,1.92,4.071,4.071,filtered-optical,-37.152,27.584,63,17.9
5.296,331,TRACKING,-11.711,1.44,-13.465,1.632,-11.145,0.163,-0.742,1.546,1.715,29.92,40.38,0.939,-35,25,1,TRUE,TRUE,609,405.9,766.4,375,580.2,400.8,FALSE,-0.566,1.278,1.397,1.715,3.5,3.5,filtered-optical,-36.8,27.532,63,33.8
5.312,332,TRACKING,-11.733,1.384,-14.118,2.234,-11.705,0.563,0.192,0.86,0.881,15.38,20.69,0.956,-35,25,1,TRUE,TRUE,631.6,390,789.9,359.6,587.5,400.1,FALSE,-0.029,0.821,0.821,0.881,2.865,2.865,filtered-optical,-36.418,27.451,63,85.99
5.328,333,TRACKING,-11.755,1.327,-14.455,2.854,-12.265,0.963,0.568,0.18,0.596,10.4,14.25,0.976,-35,25,1,TRUE,TRUE,640.7,374.1,640.4,374.6,588.9,400.1,FALSE,0.51,0.364,0.626,0.596,2.315,2.315,filtered-optical,-36.321,27.399,63,28.93
5.344,334,TRACKING,-11.776,1.27,-14.659,3.099,-12.825,1.363,0.822,-0.137,0.833,14.54,19.95,0.994,-35,25,1,TRUE,TRUE,646.8,366.6,646.8,367.1,590.6,399.7,FALSE,1.049,-0.093,1.053,0.833,1.956,1.956,filtered-optical,-36.215,27.334,63,24.75
5.36,335,TRACKING,-11.796,1.213,-15.394,3.146,-13.385,1.763,1.637,-0.264,1.658,28.94,39.71,1,-35,25,1,TRUE,TRUE,666.3,363.5,665.9,363,593,399.1,FALSE,1.589,-0.55,1.682,1.658,1.884,1.884,filtered-optical,-36.077,27.261,63,97.27
5.376,336,TRACKING,-11.815,1.156,-15.712,3.887,-13.945,2.163,2.315,-1.166,2.592,45.24,61.86,1,-35,25,1,TRUE,TRUE,682.4,342.1,842.4,313.7,602.1,396.7,FALSE,2.13,-1.007,2.356,2.592,2.055,2.055,filtered-optical,-35.623,27.093,63,33.62
5.392,337,TRACKING,-11.833,1.098,-15.544,4.166,-14.464,2.563,2.512,-1.62,2.989,52.17,71.2,1,-32.438,25,1,TRUE,TRUE,687.9,331.2,849,304.1,611.3,394,FALSE,2.631,-1.464,3.011,2.989,2.282,2.282,filtered-optical,-35.173,26.912,63,37.96
5.408,338,TRACKING,-11.85,1.041,-15.885,4.141,-14.942,2.963,2.973,-1.729,3.439,60.02,82,1,-29.914,25,1,TRUE,TRUE,699.7,328.4,698.9,328.2,614.5,392.2,FALSE,3.093,-1.922,3.641,3.439,2.562,2.562,filtered-optical,-32.452,26.783,63,20
5.424,339,TRACKING,-11.866,0.984,-16.427,4.545,-15.375,3.363,3.663,-2.288,4.319,75.38,102.97,1,-27.009,25,1,TRUE,TRUE,717.2,315.2,718,314.5,618.5,389.8,FALSE,3.509,-2.379,4.239,4.319,2.988,2.988,filtered-optical,-29.74,26.631,63,109.14
5.44,340,TRACKING,-11.881,0.926,-16.532,5.154,-15.752,3.763,3.926,-3.082,4.991,87.1,118.75,1,-23.594,25,1,TRUE,TRUE,724.7,296.6,725.2,296.4,622.6,386.9,FALSE,3.871,-2.836,4.799,4.991,3.474,3.474,filtered-optical,-26.641,26.449,63,12.42
5.456,341,TRACKING,-11.896,0.869,-16.151,5.12,-16.027,4.163,3.968,-3.273,5.144,89.77,122.34,1,-17.179,25,1,TRUE,TRUE,728.1,292.3,893.4,269.3,633.1,382.9,FALSE,4.131,-3.294,5.284,5.144,3.878,3.878,filtered-optical,-22.735,26.22,63,36.26
5.472,342,TRACKING,-11.909,0.811,-16.004,5.11,-16.158,4.563,4.253,-3.496,5.505,96.08,130.96,1,-8.204,25,1,TRUE,TRUE,738.4,287.3,903.6,264,643.8,378.8,FALSE,4.249,-3.752,5.668,5.505,4.273,4.273,filtered-optical,-15.829,25.989,63,42.88
5.488,343,TRACKING,-11.922,0.753,-15.97,5.768,-16.151,4.956,4.389,-4.379,6.2,108.21,147.25,1,0.481,24.584,1,TRUE,TRUE,745.1,266.6,744.8,266,648.2,374.9,FALSE,4.229,-4.203,5.962,6.2,4.74,4.74,filtered-optical,-6.672,25.77,63,19.3
5.504,344,TRACKING,-11.933,0.696,-15.439,5.905,-16.007,5.327,4.016,-4.754,6.223,108.61,147.54,1,8.955,23.173,1,TRUE,TRUE,739.5,257.5,738.8,257.1,652.2,370.7,FALSE,4.074,-4.631,6.168,6.223,5.1,5.1,filtered-optical,2.176,25.126,63,93.58
5.52,345,TRACKING,-11.944,0.638,-14.917,5.765,-15.731,5.661,3.642,-4.851,6.066,105.88,143.65,1,17.281,20.866,1,TRUE,TRUE,733.9,254.4,734.2,254.7,656,366.5,FALSE,3.787,-5.023,6.29,6.066,5.334,5.334,filtered-optical,10.798,23.49,63,12.39
5.536,346,TRACKING,-11.954,0.58,-14.308,5.867,-15.282,5.937,3.443,-5.239,6.269,109.42,148.32,1,28.045,17.299,1,TRUE,TRUE,733.5,243.8,901,223.3,666.1,361.1,FALSE,3.329,-5.357,6.307,6.269,5.561,5.561,filtered-optical,19.566,20.906,63,41.92
5.552,347,TRACKING,-11.962,0.522,-13.353,6.247,-14.722,6.136,2.872,-5.929,6.588,114.99,155.6,1,35,12.416,1,TRUE,TRUE,722.6,225.5,888.7,206.2,675.5,355.2,FALSE,2.76,-5.614,6.255,6.588,5.81,5.81,filtered-optical,30.73,17.041,63,154.63
5.568,348,TRACKING,-11.97,0.464,-12.422,5.703,-14.162,6.245,2.02,-5.65,6.001,104.73,141.47,1,35,6.801,1,TRUE,TRUE,702.3,229.7,702.7,230.3,677.6,350.4,FALSE,2.192,-5.781,6.182,6.001,5.856,5.856,filtered-optical,37.733,11.917,63,18.48
5.584,349,TRACKING,-11.977,0.406,-11.917,5.485,-13.602,6.252,1.575,-5.701,5.914,103.22,139.33,1,35,0.466,1,TRUE,TRUE,691.7,225.8,691,225.4,679.2,345.4,FALSE,1.625,-5.846,6.068,5.914,5.87,5.87,filtered-optical,37.755,6.062,63,14.05
5.6,350,TRACKING,-11.983,0.348,-11.565,5.388,-13.042,6.147,1.271,-5.881,6.016,105.01,141.69,0.982,35,-6.607,1,TRUE,TRUE,684.4,218.7,685.1,218.3,680.5,340.3,FALSE,1.059,-5.798,5.894,6.016,5.906,5.906,filtered-optical,37.764,-0.516,63,11.33
5.616,351,TRACKING,-11.988,0.29,-10.463,5.057,-12.482,5.913,0.45,-5.852,5.869,102.44,138.12,0.952,35,-14.607,1,TRUE,TRUE,664.6,216.2,831.1,199.4,687.3,334.5,FALSE,0.494,-5.623,5.644,5.869,5.897,5.897,filtered-optical,38.033,-7.86,63,27.95
5.632,352,TRACKING,-11.993,0.232,-9.483,3.928,-11.922,5.543,-0.284,-4.992,5,87.27,117.55,0.927,35,-23.116,1,TRUE,TRUE,646.9,233.4,813.9,217.1,693.3,329.6,FALSE,-0.07,-5.311,5.311,5,5.679,5.679,filtered-optical,38.258,-16.085,63,112.2
5.648,353,TRACKING,-11.996,0.174,-9.319,3.717,-11.362,5.143,-0.48,-5.021,5.044,88.04,118.6,0.913,35,-25,1,TRUE,TRUE,642,232.2,641.7,231.9,692.7,325.3,FALSE,-0.634,-4.969,5.009,5.044,5.525,5.525,filtered-optical,38.163,-24.779,63,25.14
5.664,354,TRACKING,-11.998,0.116,-8.809,3.259,-10.802,4.743,-1.041,-4.788,4.9,85.53,115.28,0.911,35,-25,1,TRUE,TRUE,628.4,238,629,238.5,691.5,321.4,FALSE,-1.196,-4.627,4.779,4.9,5.374,5.374,filtered-optical,38.046,-26.829,63,20.19
5.68,355,TRACKING,-12,0.058,-7.933,2.555,-10.242,4.343,-2.005,-4.288,4.734,82.62,111.61,0.922,35,-25,1,TRUE,TRUE,605.1,250.1,605.6,249.6,689.4,318,FALSE,-1.757,-4.285,4.631,4.734,5.219,5.219,filtered-optical,37.89,-26.965,63,19.01
5.696,356,TRACKING,-12,0,-7.419,1.724,-9.682,3.943,-2.356,-3.65,4.345,75.83,102.64,0.945,35,-25,1,TRUE,TRUE,596.5,265.3,762.5,253.3,693.3,314.8,FALSE,-2.318,-3.943,4.574,4.345,5.007,5.007,filtered-optical,38.019,-27.088,63,27.68
5.712,357,TRACKING,-12,-0.058,-7.03,1.737,-9.122,3.543,-2.591,-3.862,4.651,81.18,109.93,0.974,35,-25,1,TRUE,TRUE,590.8,260.4,758.6,248.1,697,311.5,FALSE,-2.877,-3.601,4.609,4.651,4.921,4.921,filtered-optical,38.134,-27.214,63,136.15
5.728,358,TRACKING,-11.998,-0.116,-6.226,1.027,-8.562,3.143,-3.547,-3.308,4.85,84.66,115.2,1,35,-25,1,TRUE,TRUE,567.9,273.4,568,273.2,693.3,309.2,FALSE,-3.436,-3.259,4.736,4.85,4.904,4.904,filtered-optical,37.9,-27.286,63,25.98
5.744,359,TRACKING,-11.996,-0.174,-5.711,0.335,-8.002,2.743,-4.238,-2.746,5.049,88.13,120.39,1,35,-25,1,TRUE,TRUE,551.4,286.4,551.4,287,689.1,307.5,FALSE,-3.994,-2.917,4.946,5.049,4.939,4.939,filtered-optical,37.643,-27.327,63,25.23
5.76,360,TRACKING,-11.993,-0.232,-5.82,-0.029,-7.442,2.343,-4.302,-2.503,4.977,86.87,118.78,1,35,-25,1,TRUE,TRUE,550,291.9,550.5,291.2,684.8,306,FALSE,-4.55,-2.575,5.229,4.977,4.948,4.948,filtered-optical,37.392,-27.357,63,110.33
5.776,361,TRACKING,-11.988,-0.29,-5.508,0.068,-6.882,1.943,-4.985,-2.533,5.592,97.6,133.67,1,35,-25,1,TRUE,TRUE,533.7,290.9,423.4,406.1,675.8,309,FALSE,-5.106,-2.233,5.573,5.592,5.104,5.104,filtered-optical,36.919,-27.163,63,31.3
5.792,362,TRACKING,-11.983,-0.348,-4.469,-0.83,-6.322,1.543,-5.984,-1.739,6.232,108.77,149.54,1,35,-25,1,TRUE,TRUE,509.8,309.4,678.2,301.7,676.7,307.9,FALSE,-5.661,-1.891,5.969,6.232,5.378,5.378,filtered-optical,36.922,-27.175,63,42.59
5.808,363,TRACKING,-11.977,-0.406,-4.522,-1.253,-5.762,1.143,-6.165,-1.392,6.32,110.31,151.8,1,35,-25,1,TRUE,TRUE,505.6,317.4,505.6,317.9,670.9,307.5,FALSE,-6.215,-1.549,6.405,6.32,5.606,5.606,filtered-optical,36.613,-27.155,63,24.27
5.824,364,TRACKING,-11.97,-0.464,-4.464,-1.342,-5.202,0.743,-6.464,-1.377,6.609,115.35,158.83,1,35,-25,1,TRUE,TRUE,498.5,317.9,498,318.1,665,307.1,FALSE,-6.768,-1.207,6.875,6.609,5.849,5.849,filtered-optical,36.3,-27.133,63,21.87
5.84,365,TRACKING,-11.962,-0.522,-3.672,-1.793,-4.645,0.343,-7.533,-0.985,7.597,132.59,182.96,1,34.826,-25,1,TRUE,TRUE,472.6,327.3,472.3,327.4,658.1,307.1,FALSE,-7.317,-0.865,7.368,7.597,6.273,6.273,filtered-optical,35.952,-27.092,63,14.03
5.856,366,TRACKING,-11.954,-0.58,-3.665,-2.357,-4.145,-0.057,-8,-0.268,8.004,139.7,192.99,1,31.268,-25,1,TRUE,TRUE,459.8,344.3,353.6,457.2,646.9,312,FALSE,-7.809,-0.523,7.826,8.004,6.693,6.693,filtered-optical,35.228,-26.802,63,68.77
5.872,367,TRACKING,-11.944,-0.638,-3.731,-2.468,-3.68,-0.457,-7.945,-0.195,7.947,138.71,191.6,1,29.068,-25,1,TRUE,TRUE,460.2,346.3,629.6,342.3,646.4,312.5,FALSE,-8.264,-0.181,8.266,7.947,6.997,6.997,filtered-optical,31.639,-26.742,63,40.79
5.888,368,TRACKING,-11.933,-0.696,-3.351,-2.598,-3.28,-0.857,-8.634,-0.089,8.635,150.7,208.42,1,24.973,-25,1,TRUE,TRUE,441.6,349,441.3,349.6,638.8,313.3,FALSE,-8.653,0.161,8.655,8.635,7.394,7.394,filtered-optical,29.068,-26.669,63,29.89
5.904,369,TRACKING,-11.922,-0.753,-3.043,-3.338,-2.975,-1.257,-9.273,0.653,9.296,162.25,224.61,1,19.036,-25,1,TRUE,TRUE,423.4,366.5,423.5,366.8,630.6,314.7,FALSE,-8.946,0.504,8.96,9.296,7.855,7.855,filtered-optical,24.584,-26.565,63,28.47
5.92,370,TRACKING,-11.909,-0.811,-3.669,-3.663,-2.79,-1.657,-8.964,0.993,9.019,157.41,217.75,1,11.615,-25,1,TRUE,TRUE,427.9,374.3,427,374.6,622.7,316.4,FALSE,-9.12,0.846,9.159,9.019,8.137,8.137,filtered-optical,18.281,-26.449,63,19.48
5.936,371,TRACKING,-11.896,-0.869,-4.211,-3.489,-2.767,-2.057,-8.891,1.016,8.949,156.2,216.04,1,1.437,-25,1,TRUE,TRUE,425.5,374.7,326.4,487.4,611.1,322.4,FALSE,-9.129,1.188,9.206,8.949,8.334,8.334,filtered-optical,10.326,-26.119,63,94.48
5.952,372,TRACKING,-11.881,-0.926,-4.371,-3.671,-2.945,-2.457,-9.212,1.404,9.318,162.63,225.01,1,-11.178,-25,1,TRUE,TRUE,412.5,383.5,313.2,495.7,599.2,328.6,FALSE,-8.936,1.531,9.066,9.318,8.573,8.573,filtered-optical,-0.387,-25.785,63,40.44
5.968,373,TRACKING,-11.866,-0.984,-5.259,-4.399,-3.332,-2.857,-8.619,2.18,8.89,155.17,214.23,0.996,-24.173,-25,1,TRUE,TRUE,422,401.5,422.2,401.1,591.8,331,FALSE,-8.534,1.873,8.737,8.89,8.65,8.65,filtered-optical,-13.32,-25.645,63,33.38
5.984,374,TRACKING,-11.85,-1.041,-6.487,-4.286,-3.892,-3.257,-7.649,2.111,7.935,138.49,190.86,0.981,-35,-25,1,TRUE,TRUE,441.5,399.7,441.3,399.8,585.2,333.4,FALSE,-7.958,2.216,8.26,7.935,8.476,8.476,filtered-optical,-26.584,-25.512,63,125.1
6,375,TRACKING,-11.833,-1.098,-6.92,-4.521,-4.452,-3.657,-7.458,2.399,7.834,136.73,188.28,0.963,-35,-25,1,TRUE,TRUE,446.3,406.4,446.6,406.5,579,336,FALSE,-7.381,2.559,7.811,7.834,8.321,8.321,filtered-optical,-37.659,-25.371,63,30.94
6.016,376,TRACKING,-11.815,-1.156,-7.691,-4.819,-5.012,-4.033,-7.056,2.95,7.647,133.47,183.44,0.946,-35,-23.493,1,TRUE,TRUE,456.3,420,363,530.8,569.7,343.3,FALSE,-6.802,2.877,7.386,7.647,8.158,8.158,filtered-optical,-38.046,-24.998,63,33.2
6.032,377,TRACKING,-11.796,-1.213,-9.036,-4.979,-5.572,-4.351,-6.024,3.379,6.907,120.54,165.13,0.933,-35,-19.873,1,TRUE,TRUE,481.6,431.6,391.5,543.5,561.7,350.9,FALSE,-6.224,3.138,6.97,6.907,7.854,7.854,filtered-optical,-38.364,-23.106,63,123.46
6.048,378,TRACKING,-11.776,-1.27,-9.695,-4.565,-6.132,-4.612,-5.506,3.034,6.287,109.72,150.25,0.93,-35,-16.332,1,TRUE,TRUE,494.4,425.1,494.9,424.9,557.9,353.9,FALSE,-5.644,3.342,6.559,6.287,7.474,7.474,filtered-optical,-38.482,-19.345,63,49.56
6.064,379,TRACKING,-11.755,-1.327,-10.016,-4.962,-6.692,-4.813,-5.315,3.519,6.374,111.25,152.08,0.937,-35,-12.544,1,TRUE,TRUE,499.2,438.2,498.6,438.5,554.2,357.3,FALSE,-5.063,3.486,6.147,6.374,7.208,7.208,filtered-optical,-38.586,-15.642,63,40.15
6.08,380,TRACKING,-11.733,-1.384,-10.935,-5.072,-7.252,-4.947,-4.488,3.726,5.833,101.8,138.77,0.955,-35,-8.375,1,TRUE,TRUE,519.3,444.8,519.4,445.5,551.5,360.9,FALSE,-4.481,3.563,5.725,5.833,6.874,6.874,filtered-optical,-38.646,-11.686,63,99.42
6.096,381,TRACKING,-11.711,-1.44,-11.947,-4.64,-7.812,-4.982,-3.665,3.564,5.112,89.23,121.37,0.982,-35,-2.185,1,TRUE,TRUE,539.1,443.4,455.6,553.7,546.4,368.5,FALSE,-3.899,3.542,5.267,5.112,6.447,6.447,filtered-optical,-38.815,-7.147,63,41.92
6.112,382,TRACKING,-11.687,-1.497,-12.366,-3.919,-8.372,-4.894,-3.416,3.091,4.607,80.41,109.43,1,-35,5.503,1,TRUE,TRUE,545.1,435.1,463.3,545.2,541.7,375.7,FALSE,-3.315,3.397,4.746,4.607,6.001,6.001,filtered-optical,-38.962,-0.62,63,46.58
6.128,383,TRACKING,-11.663,-1.553,-12.899,-4.132,-8.932,-4.687,-2.898,3.386,4.457,77.79,105.58,1,-35,12.901,1,TRUE,TRUE,557.4,444.6,557.9,445.4,540.8,378.9,FALSE,-2.731,3.134,4.157,4.457,5.627,5.627,filtered-optical,-38.93,7.2,63,125.45
6.144,384,TRACKING,-11.638,-1.61,-13.793,-3.505,-9.492,-4.368,-1.983,2.818,3.445,60.13,81.43,1,-35,19.962,1,TRUE,TRUE,579.2,433.6,578.5,433.3,540.7,381.6,FALSE,-2.145,2.758,3.494,3.445,5.098,5.098,filtered-optical,-38.859,14.701,63,32.05
6.16,385,TRACKING,-11.611,-1.666,-14.258,-2.798,-10.052,-3.968,-1.475,2.143,2.602,45.41,61.46,1,-35,25,1,TRUE,TRUE,591.2,419.4,591.3,418.8,541.1,383.7,FALSE,-1.559,2.302,2.78,2.602,4.493,4.493,filtered-optical,-38.765,21.833,63,33.22
6.176,386,TRACKING,-11.584,-1.722,-14.645,-2.209,-10.612,-3.568,-1.153,1.747,2.093,36.53,49.41,1,-35,25,1,TRUE,TRUE,598.7,409.9,522,519.4,538.9,389.6,FALSE,-0.972,1.846,2.086,2.093,3.911,3.911,filtered-optical,-38.797,27.13,63,119.05
6.192,387,TRACKING,-11.556,-1.778,-15.434,-1.977,-11.172,-3.168,-0.392,1.701,1.746,30.47,40.99,1,-35,25,1,TRUE,TRUE,616.8,408.8,542.7,518.1,537.5,395.2,FALSE,-0.384,1.39,1.442,1.746,3.386,3.386,filtered-optical,-38.787,27.376,63,35.62
6.208,388,TRACKING,-11.527,-1.834,-16.08,-1.097,-11.732,-2.768,0.374,0.789,0.873,15.24,20.56,1,-35,25,1,TRUE,TRUE,635,387.5,634.5,386.8,539.7,395.8,FALSE,0.205,0.934,0.956,0.873,2.777,2.777,filtered-optical,-38.609,27.358,63,46.98
6.224,389,TRACKING,-11.498,-1.89,-16.314,-0.678,-12.292,-2.368,0.742,0.32,0.808,14.11,19.3,1,-35,25,1,TRUE,TRUE,643.8,376.7,643,376.5,542.2,395.9,FALSE,0.795,0.478,0.927,0.808,2.3,2.3,filtered-optical,-38.419,27.319,63,31.3
6.24,390,TRACKING,-11.467,-1.945,-16.659,-0.582,-12.852,-1.968,1.241,0.169,1.253,21.87,30.01,1,-35,25,1,TRUE,TRUE,655.9,373.4,655.7,373.9,545.2,395.9,FALSE,1.385,0.023,1.385,1.253,2.046,2.046,filtered-optical,-38.211,27.274,63,107.04
6.256,391,TRACKING,-11.435,-2.001,-17.417,-0.026,-13.412,-1.568,2.077,-0.285,2.096,36.58,50.21,0.975,-35,25,1,TRUE,TRUE,676,363,607.5,470.7,546.3,399.6,FALSE,1.977,-0.433,2.024,2.096,2.058,2.058,filtered-optical,-38.095,27.418,63,47.53
6.272,392,TRACKING,-11.403,-2.056,-17.916,0.902,-13.972,-1.168,2.68,-1.15,2.917,50.91,69.68,0.958,-35,25,1,TRUE,TRUE,690.7,342.9,623.9,449,548.1,402.4,FALSE,2.569,-0.888,2.718,2.917,2.266,2.266,filtered-optical,-37.952,27.512,63,138.21
6.288,393,TRACKING,-11.369,-2.111,-18.033,0.968,-14.532,-0.768,3.021,-1.337,3.303,57.65,78.92,0.951,-35,25,1,TRUE,TRUE,699,338.6,698.5,338.1,552.6,400.9,FALSE,3.163,-1.343,3.436,3.303,2.518,2.518,filtered-optical,-37.675,27.385,63,24.1
6.304,394,TRACKING,-11.335,-2.166,-18.457,1.06,-15.092,-0.368,3.691,-1.555,4.005,69.91,95.76,0.952,-35,25,1,TRUE,TRUE,715.3,333.3,714.6,333.9,557.7,399.2,FALSE,3.757,-1.798,4.165,4.005,2.878,2.878,filtered-optical,-37.377,27.252,63,31.25
6.32,395,TRACKING,-11.3,-2.221,-19.017,1.721,-15.652,0.032,4.53,-2.374,5.115,89.27,122.19,0.96,-35,25,1,TRUE,TRUE,735.7,313.9,735.8,313.4,563.6,396.8,FALSE,4.352,-2.253,4.901,5.115,3.42,3.42,filtered-optical,-37.049,27.083,63,35.8
6.336,396,TRACKING,-11.264,-2.276,-19.308,1.892,-16.212,0.432,4.947,-2.879,5.723,99.89,136.66,0.97,-35,25,1,TRUE,TRUE,745.8,301.8,641.2,205.2,565.7,390.2,FALSE,4.948,-2.708,5.64,5.723,3.979,3.979,filtered-optical,-36.905,26.706,63,127.66
6.352,397,TRACKING,-11.227,-2.33,-19.497,1.996,-16.772,0.832,5.349,-2.99,6.128,106.95,146.41,0.98,-35,25,1,TRUE,TRUE,755.5,298.9,695.9,402.7,570,391.3,FALSE,5.545,-3.162,6.383,6.128,4.5,4.5,filtered-optical,-36.664,26.729,63,37.99
6.368,398,TRACKING,-11.19,-2.384,-20.041,2.292,-17.332,1.232,6.232,-3.482,7.139,124.59,170.72,0.987,-35,25,1,TRUE,TRUE,776.8,287.2,776.6,287.2,577.2,388,FALSE,6.143,-3.616,7.128,7.139,5.139,5.139,filtered-optical,-36.283,26.524,63,27.38
6.384,399,TRACKING,-11.151,-2.438,-20.365,2.946,-17.892,1.632,6.916,-4.365,8.179,142.74,195.54,0.988,-35,25,1,TRUE,TRUE,793.2,266.4,793,265.9,584.9,383.9,FALSE,6.741,-4.07,7.875,8.179,5.876,5.876,filtered-optical,-35.884,26.282,63,122.43
6.4,400,TRACKING,-11.112,-2.492,-20.24,2.799,-18.452,2.032,7.157,-4.447,8.426,147.07,201.55,0.985,-35,25,1,TRUE,TRUE,798.9,264.5,798.9,264.4,592.8,379.8,FALSE,7.341,-4.524,8.623,8.426,6.494,6.494,filtered-optical,-35.488,26.046,63,31.32
6.416,401,TRACKING,-11.071,-2.546,-20.711,2.724,-19.012,2.399,7.839,-4.771,9.176,160.16,219.72,0.98,-35,22.951,1,TRUE,TRUE,815.2,256.4,704.2,157.5,596.8,371.7,FALSE,7.941,-4.945,9.355,9.176,7.145,7.145,filtered-optical,-35.282,25.607,63,164.72
6.432,402,TRACKING,-11.03,-2.599,-21.309,3.272,-19.551,2.745,8.773,-5.408,10.306,179.87,247.07,0.976,-33.682,21.599,1,TRUE,TRUE,838.3,241.1,785.3,344.5,603.9,370.9,FALSE,8.521,-5.344,10.058,10.306,7.911,7.911,filtered-optical,-34.933,23.504,63,48.02
6.448,403,TRACKING,-10.988,-2.653,-21.13,3.533,-20.031,3.047,9.025,-5.949,10.809,188.65,259.07,0.977,-30.012,18.873,1,TRUE,TRUE,845.8,227.5,846.2,226.9,613.2,365.6,FALSE,9.043,-5.699,10.689,10.809,8.614,8.614,filtered-optical,-33.167,21.867,63,23.38
6.464,404,TRACKING,-10.945,-2.706,-20.881,3.013,-20.42,3.285,9.211,-5.695,10.829,189.01,259.78,0.984,-24.274,14.89,1,TRUE,TRUE,852.5,232.2,853.1,232.2,622.6,360.6,FALSE,9.474,-5.991,11.209,10.829,9.151,9.151,filtered-optical,-29.053,18.878,63,28.37
6.48,405,TRACKING,-10.902,-2.759,-21.15,3.247,-20.683,3.445,9.941,-6.215,11.724,204.62,281.55,0.998,-16.486,10.008,1,TRUE,TRUE,873.5,218,873.3,217.8,632.6,355.1,FALSE,9.782,-6.204,11.583,11.724,9.774,9.774,filtered-optical,-22.852,14.613,63,65.37
6.496,406,TRACKING,-10.857,-2.811,-21.091,3.025,-20.821,3.484,10.161,-6.459,12.04,210.14,289.21,1,-8.604,2.424,1,TRUE,TRUE,882.1,209.2,764.6,105.5,638.2,345.4,FALSE,9.964,-6.295,11.786,12.04,10.324,10.324,filtered-optical,-14.821,9.239,63,50.94
6.512,407,TRACKING,-10.812,-2.864,-20.278,2.769,-20.813,3.417,9.728,-6.322,11.602,202.49,278.43,1,0.477,-4.15,1,TRUE,TRUE,875.2,209.7,830.4,311.7,646.3,343.8,FALSE,10.002,-6.281,11.811,11.602,10.634,10.634,filtered-optical,-6.584,1.588,63,44.1
6.528,408,TRACKING,-10.765,-2.916,-19.9,2.01,-20.632,3.234,9.806,-5.835,11.411,199.15,274.09,1,11.363,-11.477,1,TRUE,TRUE,881.6,218.2,881.2,217.9,656.1,338.7,FALSE,9.866,-6.15,11.626,11.411,10.822,10.822,filtered-optical,2.929,-5.233,63,16.94
6.544,409,TRACKING,-10.718,-2.968,-19.486,2.021,-20.25,2.92,9.85,-6.129,11.601,202.48,278.57,1,23.852,-19.603,1,TRUE,TRUE,887.9,207.9,887.8,208,665.9,333.3,FALSE,9.532,-5.888,11.204,11.601,11.011,11.011,filtered-optical,14.242,-12.816,63,50.63
6.56,410,TRACKING,-10.67,-3.02,-18.123,1.241,-19.69,2.52,8.91,-5.611,10.529,183.77,252.42,1,35,-25,1,TRUE,TRUE,869.2,218,869.7,217.5,674.9,328.3,FALSE,9.02,-5.54,10.585,10.529,10.894,10.894,filtered-optical,27.105,-21.169,63,28.43
6.576,411,TRACKING,-10.622,-3.071,-17.264,0.27,-19.13,2.12,8.239,-5.045,9.661,168.62,231.44,1,35,-25,1,TRUE,TRUE,852.9,231.4,729.1,127.1,678.3,320,FALSE,8.508,-5.191,9.967,9.661,10.595,10.595,filtered-optical,38.35,-26.962,63,52.29
6.592,412,TRACKING,-10.572,-3.122,-17.095,-0.442,-18.57,1.72,8.256,-4.719,9.51,165.97,227.95,1,35,-25,1,TRUE,TRUE,853.4,239.3,728.7,134.8,681.5,312.2,FALSE,7.998,-4.843,9.35,9.51,10.332,10.332,filtered-optical,38.441,-27.325,63,105.04
6.608,413,TRACKING,-10.522,-3.174,-16.104,-0.555,-18.01,1.32,7.623,-4.814,9.016,157.35,215.74,1,35,-25,1,TRUE,TRUE,837.9,237.2,838.2,237.9,688.9,308.5,FALSE,7.488,-4.494,8.733,9.016,10.013,10.013,filtered-optical,38.727,-27.47,63,20.9
6.624,414,TRACKING,-10.471,-3.224,-14.813,-1.535,-17.45,0.92,6.646,-4.009,7.761,135.46,185.57,0.99,35,-25,1,TRUE,TRUE,813.9,256.5,814.3,256.7,695.2,305.6,FALSE,6.979,-4.145,8.117,7.761,9.467,9.467,filtered-optical,38.956,-27.57,63,25.05
6.64,415,TRACKING,-10.419,-3.275,-14.383,-2.065,-16.89,0.52,6.516,-3.636,7.462,130.24,178.51,0.958,35,-25,1,TRUE,TRUE,810.6,265.6,810.1,265.3,701.2,303.1,FALSE,6.471,-3.795,7.502,7.462,8.981,8.981,filtered-optical,39.165,-27.647,63,25.65
6.656,416,TRACKING,-10.366,-3.325,-14.061,-2.456,-16.33,0.12,6.274,-3.569,7.218,125.97,172.59,0.933,35,-25,1,TRUE,TRUE,804.5,267.3,675.1,161.3,701.8,296.6,FALSE,5.964,-3.445,6.888,7.218,8.554,8.554,filtered-optical,39.114,-27.924,63,57.35
6.672,417,TRACKING,-10.312,-3.375,-12.998,-3.06,-15.77,-0.28,5.248,-3.271,6.184,107.92,147.6,0.918,35,-25,1,TRUE,TRUE,779.4,274.3,649.6,168.2,701.4,290.6,FALSE,5.458,-3.095,6.275,6.184,7.979,7.979,filtered-optical,39.014,-28.175,63,107.08
6.688,418,TRACKING,-10.258,-3.425,-12.283,-3.949,-15.21,-0.68,4.759,-2.477,5.365,93.64,128.2,0.916,35,-25,1,TRUE,TRUE,767.5,292.8,767.7,293.8,705.5,289.6,FALSE,4.952,-2.745,5.662,5.365,7.345,7.345,filtered-optical,39.134,-28.167,63,27.06
6.704,419,TRACKING,-10.203,-3.475,-12.057,-4.122,-14.65,-1.08,4.755,-2.394,5.324,92.92,127.24,0.926,35,-25,1,TRUE,TRUE,767.2,294.6,767.3,294.7,709.5,288.6,FALSE,4.447,-2.395,5.051,5.324,6.855,6.855,filtered-optical,39.245,-28.154,63,23.69
6.72,420,TRACKING,-10.147,-3.524,-11.084,-4.323,-14.09,-1.48,3.969,-2.279,4.577,79.88,109.21,0.946,35,-25,1,TRUE,TRUE,748.2,297,747.4,296.8,712.7,287.8,FALSE,3.943,-2.044,4.442,4.577,6.303,6.303,filtered-optical,39.312,-28.135,63,106.39
6.736,421,TRACKING,-10.09,-3.573,-10.307,-5.233,-13.53,-1.88,3.129,-1.6,3.515,61.35,83.9,0.971,35,-25,1,TRUE,TRUE,728,312.7,594.3,206.4,709.8,283.5,FALSE,3.44,-1.693,3.834,3.515,5.627,5.627,filtered-optical,39.089,-28.294,63,49.6
6.752,422,TRACKING,-10.032,-3.621,-10.315,-5.896,-12.97,-2.28,3.074,-1.147,3.281,57.27,78.47,0.995,35,-25,1,TRUE,TRUE,726.8,323.2,593,216.2,706.9,279.7,FALSE,2.938,-1.342,3.23,3.281,5.058,5.058,filtered-optical,38.868,-28.426,63,46.71
6.768,423,TRACKING,-9.974,-3.67,-9.763,-5.914,-12.41,-2.68,2.662,-1.162,2.905,50.7,69.39,1,35,-25,1,TRUE,TRUE,717,322.9,717.6,322.3,708.9,280,FALSE,2.436,-0.99,2.63,2.905,4.536,4.536,filtered-optical,38.885,-28.338,63,21.93
6.784,424,TRACKING,-9.915,-3.718,-8.693,-6.314,-11.85,-3.08,1.691,-0.779,1.862,32.49,44.44,1,35,-25,1,TRUE,TRUE,693.9,332,694.3,331.2,709.8,280.8,FALSE,1.935,-0.638,2.038,1.862,3.888,3.888,filtered-optical,38.855,-28.233,63,19.71
6.8,425,TRACKING,-9.855,-3.766,-8.262,-7.071,-11.29,-3.48,1.345,-0.005,1.345,23.47,32.22,1,35,-25,1,TRUE,TRUE,685.8,350.4,686.2,350.7,710.4,282.3,FALSE,1.435,-0.286,1.463,1.345,3.271,3.271,filtered-optical,38.807,-28.09,63,62.3
6.816,426,TRACKING,-9.794,-3.813,-8.268,-7.256,-10.73,-3.88,1.208,0.018,1.209,21.09,28.95,1,35,-25,1,TRUE,TRUE,682.7,351.2,545.1,242.5,705.6,279.6,FALSE,0.936,0.066,0.938,1.209,2.771,2.771,filtered-optical,38.492,-28.168,63,43.19
6.832,427,TRACKING,-9.733,-3.861,-7.618,-7.617,-10.17,-4.28,0.388,0.231,0.452,7.88,10.76,1,35,-25,1,TRUE,TRUE,663.2,356.4,525.7,248.5,700,277.2,FALSE,0.437,0.419,0.606,0.452,2.209,2.209,filtered-optical,38.149,-28.228,63,49.75
6.848,428,TRACKING,-9.671,-3.908,-6.913,-8.159,-9.61,-4.68,-0.289,0.827,0.876,15.29,20.6,1,35,-25,1,TRUE,TRUE,647,370.5,647.1,370,699.2,279.6,FALSE,-0.061,0.772,0.775,0.876,1.886,1.886,filtered-optical,38.046,-28.038,63,19.53
6.864,429,TRACKING,-9.608,-3.954,-6.77,-8.636,-9.05,-5.08,-0.406,1.381,1.44,25.12,33.82,1,35,-25,1,TRUE,TRUE,644.2,383.5,645,383.6,698.3,282.5,FALSE,-0.558,1.126,1.256,1.44,1.778,1.778,filtered-optical,37.941,-27.824,63,20.37
6.88,430,TRACKING,-9.544,-4.001,-6.255,-8.386,-8.49,-5.48,-0.916,1.199,1.509,26.34,35.67,1,35,-25,1,TRUE,TRUE,631.8,379.1,631.7,378.5,696.9,285.2,FALSE,-1.054,1.479,1.816,1.509,1.713,1.713,filtered-optical,37.811,-27.626,63,67.92
6.896,431,TRACKING,-9.48,-4.047,-5.679,-9.097,-7.93,-5.88,-1.749,1.823,2.526,44.09,59.87,1,35,-25,1,TRUE,TRUE,611.7,393.5,470,285.3,689.2,284.2,FALSE,-1.55,1.833,2.401,2.526,1.91,1.91,filtered-optical,37.374,-27.624,63,43.47
6.912,432,TRACKING,-9.415,-4.092,-5.611,-9.694,-7.37,-6.28,-2.084,2.352,3.143,54.85,74.44,1,35,-25,1,TRUE,TRUE,603.5,405.6,459,296.2,681.2,283.7,FALSE,-2.045,2.187,2.994,3.143,2.209,2.209,filtered-optical,36.929,-27.598,63,159.75
6.928,433,TRACKING,-9.349,-4.138,-5.391,-9.819,-6.81,-6.68,-2.343,2.6,3.5,61.08,82.92,1,35,-25,1,TRUE,TRUE,597.1,411.2,597.6,410.4,678.7,287.7,FALSE,-2.539,2.542,3.593,3.5,2.522,2.522,filtered-optical,36.766,-27.335,63,23.72
6.944,434,TRACKING,-9.282,-4.183,-4.725,-9.673,-6.25,-7.08,-3.075,2.575,4.011,70,95.32,1,35,-25,1,TRUE,TRUE,579.3,410.5,578.8,409.8,675.5,291.6,FALSE,-3.032,2.897,4.194,4.011,2.883,2.883,filtered-optical,36.572,-27.081,63,26.73
6.96,435,TRACKING,-9.215,-4.228,-4.198,-10.422,-5.69,-7.48,-3.687,3.478,5.069,88.47,120.39,1,35,-25,1,TRUE,TRUE,564.5,431.8,565.4,431.9,671.9,296.3,FALSE,-3.525,3.252,4.796,5.069,3.413,3.413,filtered-optical,36.357,-26.79,63,23.49
6.976,436,TRACKING,-9.147,-4.272,-4.308,-10.656,-5.136,-7.88,-3.913,3.69,5.378,93.87,127.75,1,34.621,-25,1,TRUE,TRUE,558.9,436.9,410.1,327,662.2,296.8,FALSE,-4.011,3.608,5.395,5.378,3.889,3.889,filtered-optical,35.848,-26.724,63,147.89
6.992,437,TRACKING,-9.078,-4.316,-4.238,-10.812,-4.633,-8.28,-4.329,3.829,5.779,100.87,137.4,1,31.453,-25,1,TRUE,TRUE,547.8,440.4,399.1,329.1,652.3,297.4,FALSE,-4.446,3.964,5.956,5.779,4.347,4.347,filtered-optical,34.956,-26.656,63,44.1
7.008,438,TRACKING,-9.009,-4.36,-3.731,-10.974,-4.185,-8.68,-4.958,4.173,6.48,113.1,154.22,0.985,28.002,-25,1,TRUE,TRUE,531.4,448.8,530.8,448.7,647.7,302.7,FALSE,-4.824,4.32,6.476,6.48,4.864,4.864,filtered-optical,31.551,-26.34,63,124.83
7.024,439,TRACKING,-8.939,-4.403,-3.613,-11.595,-3.8,-9.08,-5.208,5.004,7.222,126.06,171.72,0.958,24.063,-25,1,TRUE,TRUE,524,468.6,523.1,467.6,642.8,308.7,FALSE,-5.139,4.676,6.948,7.222,5.436,5.436,filtered-optical,27.857,-25.996,63,18.69
7.04,440,TRACKING,-8.868,-4.446,-3.727,-11.296,-3.486,-9.48,-5.224,4.909,7.168,125.11,170.47,0.934,19.598,-25,1,TRUE,TRUE,522.1,466.5,521.7,466.3,638,314.5,FALSE,-5.382,5.033,7.369,7.168,5.856,5.856,filtered-optical,23.682,-25.667,63,20.31
7.056,441,TRACKING,-8.797,-4.489,-3.851,-11.594,-3.292,-9.88,-5.488,5.231,7.582,132.33,180.33,0.918,12.117,-25,1,TRUE,TRUE,513.1,474.1,360.1,361.6,627,316.1,FALSE,-5.504,5.391,7.704,7.582,6.274,6.274,filtered-optical,18.674,-25.569,63,156.57
7.072,442,TRACKING,-8.724,-4.532,-4.094,-12.162,-3.259,-10.28,-5.638,5.848,8.124,141.78,193.13,0.914,2.071,-25,1,TRUE,TRUE,505.7,488.5,351.7,376.2,615.8,318.2,FALSE,-5.465,5.748,7.932,8.124,6.723,6.723,filtered-optical,10.657,-25.443,63,45.1
7.088,443,TRACKING,-8.652,-4.574,-4.632,-12.368,-3.381,-10.68,-5.222,6.307,8.188,142.91,194.38,0.922,-7.604,-25,1,TRUE,TRUE,512.1,499.1,512,498.6,611.2,325.1,FALSE,-5.271,6.106,8.066,8.188,7.078,7.078,filtered-optical,0.409,-25.067,63,23.99
7.104,444,TRACKING,-8.578,-4.615,-5.201,-12.009,-3.653,-11.079,-4.756,6.191,7.807,136.26,185.15,0.943,-16.986,-24.927,1,TRUE,TRUE,519.8,496.1,519.7,496,607,331.8,FALSE,-4.925,6.463,8.126,7.807,7.255,7.255,filtered-optical,-9.443,-24.711,63,18.03
7.12,445,TRACKING,-8.504,-4.657,-5.497,-12.337,-4.072,-11.447,-4.558,6.782,8.171,142.62,193.65,0.972,-26.216,-23.007,1,TRUE,TRUE,520.9,510.6,520.7,511,602.8,338.9,FALSE,-4.432,6.79,8.108,8.171,7.477,7.477,filtered-optical,-18.991,-24.265,63,16.22
7.136,446,TRACKING,-8.429,-4.698,-5.97,-12.456,-4.605,-11.742,-3.955,7.27,8.276,144.45,195.92,1,-33.294,-18.478,1,TRUE,TRUE,532.6,523.8,656.7,577.2,604.2,348.5,FALSE,-3.824,7.045,8.016,8.276,7.671,7.671,filtered-optical,-28.115,-21.852,63,107.47
7.152,447,TRACKING,-8.354,-4.738,-7.228,-12.28,-5.165,-11.974,-2.988,7.173,7.77,135.62,183.63,1,-35,-14.471,1,TRUE,TRUE,555,523.1,399.4,409,595.4,351.4,FALSE,-3.189,7.236,7.907,7.77,7.695,7.695,filtered-optical,-35.59,-17.198,63,38.82
7.168,448,TRACKING,-8.277,-4.779,-7.72,-11.954,-5.725,-12.113,-2.505,7.118,7.546,131.7,178.19,1,-35,-8.702,1,TRUE,TRUE,566.4,524.1,566.7,524.9,593.3,358.6,FALSE,-2.553,7.335,7.766,7.546,7.659,7.659,filtered-optical,-37.35,-12.832,63,21.37
7.184,449,TRACKING,-8.201,-4.818,-8.056,-12.046,-6.285,-12.14,-2.16,7.493,7.798,136.1,184.13,1,-35,-1.679,1,TRUE,TRUE,574.5,536,574.8,535.9,591.7,366.2,FALSE,-1.916,7.322,7.568,7.798,7.692,7.692,filtered-optical,-37.384,-6.697,63,16.45
7.2,450,TRACKING,-8.123,-4.858,-8.961,-11.599,-6.845,-12.034,-1.207,7.322,7.421,129.52,175.04,1,-35,6.605,1,TRUE,TRUE,597.2,535.4,597.7,535.4,591,373.6,FALSE,-1.278,7.176,7.289,7.421,7.627,7.627,filtered-optical,-37.371,0.675,63,15.3
7.216,451,TRACKING,-8.045,-4.897,-9.482,-10.541,-7.405,-11.768,-0.411,6.606,6.619,115.52,155.91,1,-35,16.648,1,TRUE,TRUE,616.2,522.4,735.2,578.5,595.7,382.6,FALSE,-0.64,6.871,6.901,6.619,7.382,7.382,filtered-optical,-37.089,9.38,63,113.72
7.232,452,TRACKING,-7.967,-4.936,-9.416,-10.053,-7.965,-11.368,-0.198,6.452,6.455,112.65,152,1,-35,25,1,TRUE,TRUE,621.3,522,738.1,578.6,600.5,391.3,FALSE,-0.002,6.432,6.432,6.455,7.157,7.157,filtered-optical,-36.812,19.826,63,38.67
7.248,453,TRACKING,-7.887,-4.974,-9.997,-9.575,-8.525,-10.968,0.494,6.195,6.215,108.47,146.33,1,-35,25,1,TRUE,TRUE,638,515.8,638.4,516.7,601.3,397.4,FALSE,0.638,5.994,6.028,6.215,6.929,6.929,filtered-optical,-36.738,28.434,63,20.48
7.264,454,TRACKING,-7.807,-5.012,-10.912,-8.702,-9.085,-10.568,1.564,5.509,5.726,99.94,134.88,1,-35,25,1,TRUE,TRUE,663.7,499.3,663.9,498.8,603.1,402.7,FALSE,1.277,5.556,5.701,5.726,6.637,6.637,filtered-optical,-36.615,28.64,63,10.87
7.28,455,TRACKING,-7.727,-5.05,-11.098,-7.898,-9.645,-10.168,1.917,4.859,5.223,91.16,123.1,0.993,-35,25,1,TRUE,TRUE,672.4,483.7,672.3,482.9,605.2,407.2,FALSE,1.918,5.118,5.466,5.223,6.295,6.295,filtered-optical,-36.481,28.802,63,102.77
7.296,456,TRACKING,-7.646,-5.087,-11.073,-7.728,-10.205,-9.768,2.258,4.943,5.434,94.84,128.18,0.984,-35,25,1,TRUE,TRUE,680.8,485.4,793.6,545,612,414,FALSE,2.559,4.681,5.335,5.434,6.086,6.086,filtered-optical,-36.116,29.082,63,23.77
7.312,457,TRACKING,-7.564,-5.124,-11.739,-6.842,-10.732,-9.368,3.331,4.278,5.422,94.63,128.38,0.981,-32.952,25,1,TRUE,TRUE,707.5,469.5,821.1,529.4,619.8,420,FALSE,3.168,4.244,5.296,5.422,5.925,5.925,filtered-optical,-35.713,29.316,63,34.37
7.328,458,TRACKING,-7.482,-5.16,-12.126,-6.117,-11.218,-8.968,3.961,3.641,5.381,93.91,127.84,0.983,-30.394,25,1,TRUE,TRUE,723.8,454.4,724.7,454.8,623.6,423,FALSE,3.737,3.808,5.335,5.381,5.793,5.793,filtered-optical,-33.463,29.384,63,18.29
7.344,459,TRACKING,-7.399,-5.196,-11.889,-5.701,-11.656,-8.568,3.966,3.298,5.159,90.03,122.68,0.988,-27.327,25,1,TRUE,TRUE,725.2,446.4,725.7,446.5,627.5,425.5,FALSE,4.257,3.372,5.43,5.159,5.639,5.639,filtered-optical,-30.709,29.428,63,14.95
7.36,460,TRACKING,-7.316,-5.232,-12.298,-5.597,-12.032,-8.168,4.643,3.262,5.674,99.04,135.23,0.991,-23.509,25,1,TRUE,TRUE,742.9,445.7,743.1,446.1,631.9,428,FALSE,4.716,2.936,5.556,5.674,5.648,5.648,filtered-optical,-27.419,29.467,63,11.57
7.376,461,TRACKING,-7.232,-5.267,-12.585,-4.494,-12.304,-7.768,5.408,2.291,5.873,102.51,140.61,0.99,-17.032,25,1,TRUE,TRUE,763.8,423.1,872.5,486.2,641.3,431.9,FALSE,5.073,2.501,5.656,5.873,5.702,5.702,filtered-optical,-23.139,29.583,63,28.47
7.392,462,TRACKING,-7.147,-5.302,-11.897,-4.057,-12.44,-7.368,5.186,1.971,5.548,96.82,132.86,0.984,-8.464,25,1,TRUE,TRUE,761.6,415.9,869.7,479.4,650.4,435.5,FALSE,5.293,2.066,5.682,5.548,5.665,5.665,filtered-optical,-16.223,29.676,63,79.3
7.408,463,TRACKING,-7.062,-5.336,-11.526,-3.843,-12.437,-6.968,5.096,1.754,5.389,94.06,129.13,0.974,0.147,25,1,TRUE,TRUE,762.5,411,762.1,410.5,655.1,436.2,FALSE,5.375,1.632,5.618,5.389,5.598,5.598,filtered-optical,-7.441,29.621,63,10.5
7.424,464,TRACKING,-6.976,-5.37,-11.699,-3.475,-12.292,-6.568,5.572,1.367,5.737,100.14,137.69,0.962,9.111,25,1,TRUE,TRUE,777.3,402,777,401.7,660.3,436.6,FALSE,5.315,1.198,5.449,5.737,5.632,5.632,filtered-optical,1.403,29.547,63,14.15
7.44,465,TRACKING,-6.89,-5.404,-11.081,-2.6,-11.998,-6.168,5.247,0.433,5.265,91.89,126.46,0.951,18.373,25,1,TRUE,TRUE,772.8,380,773.7,379.1,665.3,436,FALSE,5.108,0.764,5.164,5.265,5.543,5.543,filtered-optical,10.584,29.425,63,11.75
7.456,466,TRACKING,-6.803,-5.437,-9.806,-2.556,-11.53,-5.768,4.399,0.443,4.421,77.16,106.09,0.946,29.224,25,1,TRUE,TRUE,756.4,380.1,857.7,446.3,673.4,438,FALSE,4.727,0.331,4.738,4.421,5.271,5.271,filtered-optical,20.214,29.443,63,24.89
7.472,467,TRACKING,-6.716,-5.47,-9.281,-2.134,-10.97,-5.368,4.291,0.058,4.291,74.9,102.99,0.949,35,25,1,TRUE,TRUE,756,370.8,856.5,438,681.4,439.7,FALSE,4.254,-0.102,4.255,4.291,5.033,5.033,filtered-optical,31.417,29.439,63,25.19
7.488,468,TRACKING,-6.628,-5.502,-8.833,-1.571,-10.41,-4.968,4.081,-0.611,4.127,72.03,98.97,0.962,35,25,1,TRUE,TRUE,750.9,354.8,751.3,354.3,685,437.9,FALSE,3.782,-0.534,3.819,4.127,4.814,4.814,filtered-optical,37.325,29.261,63,12.33
7.504,469,TRACKING,-6.54,-5.534,-7.513,-1.006,-9.85,-4.568,3.117,-1.19,3.337,58.24,79.79,0.984,35,25,1,TRUE,TRUE,727.8,341,824.9,408.2,691.4,438.3,FALSE,3.31,-0.966,3.448,3.337,4.456,4.456,filtered-optical,37.593,29.196,63,10.38
7.52,470,TRACKING,-6.451,-5.565,-6.873,-1.199,-9.29,-4.168,2.651,-1.123,2.879,50.25,68.79,1,35,25,1,TRUE,TRUE,716.7,342.5,717.3,342.7,693.4,436.1,FALSE,2.839,-1.397,3.164,2.879,4.073,4.073,filtered-optical,37.641,28.996,63,8.97
7.536,471,TRACKING,-6.362,-5.596,-6.546,-0.548,-8.73,-3.768,2.648,-1.812,3.209,56.01,76.4,1,35,25,1,TRUE,TRUE,716.9,326.4,810.1,394.2,699.1,436,FALSE,2.368,-1.828,2.992,3.209,3.864,3.864,filtered-optical,37.865,28.906,63,63.08
7.552,472,TRACKING,-6.272,-5.627,-5.541,0.053,-8.17,-3.368,1.933,-2.474,3.14,54.8,74.27,1,35,25,1,TRUE,TRUE,699.9,311.1,792.5,381.4,703.9,435.3,FALSE,1.898,-2.259,2.95,3.14,3.688,3.688,filtered-optical,38.043,28.79,63,26.5
7.568,473,TRACKING,-6.182,-5.657,-4.652,0.048,-7.61,-2.968,1.147,-2.656,2.893,50.49,68.1,1,35,25,1,TRUE,TRUE,681.2,307.1,680.9,306.3,704.2,431.6,FALSE,1.428,-2.689,3.045,2.893,3.495,3.495,filtered-optical,37.996,28.521,63,11.93
7.584,474,TRACKING,-6.091,-5.687,-4.471,0.083,-7.05,-2.568,1.065,-2.881,3.071,53.61,72.26,1,35,25,1,TRUE,TRUE,679.4,302,679.5,302.4,704.4,427.8,FALSE,0.959,-3.119,3.263,3.071,3.393,3.393,filtered-optical,37.946,28.25,63,11.97
7.6,475,TRACKING,-6,-5.716,-4.021,0.697,-6.49,-2.168,0.699,-3.717,3.782,66.01,88.88,1,35,25,1,TRUE,TRUE,670.7,282.6,670.7,281.9,704.2,423.2,FALSE,0.49,-3.548,3.582,3.782,3.487,3.487,filtered-optical,37.878,27.945,63,7.67
7.616,476,TRACKING,-5.908,-5.745,-2.957,0.99,-5.93,-1.768,-0.176,-4.126,4.13,72.08,97.01,1,35,25,1,TRUE,TRUE,649.7,273,734.5,343.9,706.5,421.2,FALSE,0.022,-3.977,3.977,4.13,3.643,3.643,filtered-optical,37.935,27.777,63,18.75
7.632,477,TRACKING,-5.816,-5.773,-2.416,0.908,-5.37,-1.368,-0.545,-4.158,4.194,73.19,98.55,1,35,25,1,TRUE,TRUE,640.7,272.2,726.2,344.1,708.5,419.2,FALSE,-0.446,-4.405,4.428,4.194,3.776,3.776,filtered-optical,37.971,27.614,63,23.85
7.648,478,TRACKING,-5.723,-5.801,-2.248,1.312,-4.81,-0.968,-0.688,-4.823,4.871,85.02,114.54,1,35,25,1,TRUE,TRUE,637.2,256.3,637.8,256.4,706.8,413.7,FALSE,-0.914,-4.833,4.919,4.871,4.042,4.042,filtered-optical,37.83,27.273,63,13.14
7.664,479,TRACKING,-5.63,-5.828,-1.546,1.683,-4.25,-0.568,-1.391,-5.475,5.649,98.6,133.03,0.97,35,25,1,TRUE,TRUE,620.1,240.7,620.7,240.6,704.6,407.8,FALSE,-1.381,-5.26,5.439,5.649,4.432,4.432,filtered-optical,37.659,26.909,63,79.96
7.68,480,TRACKING,-5.537,-5.855,-0.792,1.687,-3.69,-0.168,-2.047,-5.648,6.007,104.85,141.63,0.948,35,25,1,TRUE,TRUE,604.2,236.3,681,305.9,704.7,404.4,FALSE,-1.847,-5.687,5.98,6.007,4.814,4.814,filtered-optical,37.611,26.694,63,4.03
7.696,481,TRACKING,-5.443,-5.882,-0.526,1.721,-3.13,0.232,-2.22,-5.853,6.26,109.25,147.65,0.935,35,25,1,TRUE,TRUE,599.9,231.3,677.9,303,704.6,401.1,FALSE,-2.313,-6.114,6.537,6.26,5.164,5.164,filtered-optical,37.556,26.48,63,13.21
7.712,482,TRACKING,-5.349,-5.908,-0.034,2.447,-2.57,0.632,-2.635,-6.781,7.276,126.98,171.8,0.934,35,25,1,TRUE,TRUE,589.8,209.2,668.8,282,704.2,396.9,FALSE,-2.779,-6.54,7.106,7.276,5.676,5.676,filtered-optical,37.484,26.229,63,26.73
7.728,483,TRACKING,-5.254,-5.934,0.633,2.356,-2.01,1.032,-3.383,-7.023,7.796,136.06,184.33,0.942,35,25,1,TRUE,TRUE,571.8,203.6,572.8,203.1,700,389.7,FALSE,-3.244,-6.966,7.684,7.796,6.19,6.19,filtered-optical,37.223,25.82,63,13.81
7.744,484,TRACKING,-5.159,-5.959,0.943,2.199,-1.45,1.408,-3.79,-7.2,8.136,142,192.54,0.956,35,23.527,1,TRUE,TRUE,562.1,199,561.6,199.1,695.4,382.5,FALSE,-3.709,-7.367,8.248,8.136,6.662,6.662,filtered-optical,36.948,25.419,63,14.28
7.76,485,TRACKING,-5.063,-5.984,1.192,2.424,-0.89,1.751,-4.015,-7.647,8.637,150.74,204.5,0.973,35,21.398,1,TRUE,TRUE,556.8,187.8,632.2,261.6,693.7,377.8,FALSE,-4.173,-7.735,8.789,8.637,7.14,7.14,filtered-optical,36.822,23.69,63,123.29
7.776,486,TRACKING,-4.967,-6.008,1.792,2.901,-0.33,2.043,-4.615,-8.378,9.565,166.94,226.78,0.988,35,18.286,1,TRUE,TRUE,542.5,169.4,617.6,240.2,691.4,372.5,FALSE,-4.637,-8.051,9.291,9.565,7.728,7.728,filtered-optical,36.67,21.272,63,21.44
7.792,487,TRACKING,-4.871,-6.032,2.415,2.403,0.23,2.274,-5.264,-8.115,9.673,168.82,229.54,0.998,35,14.427,1,TRUE,TRUE,527.1,174.4,600.8,248.7,688.5,367.5,FALSE,-5.101,-8.306,9.747,9.673,8.2,8.2,filtered-optical,36.49,17.899,63,33.32
7.808,488,TRACKING,-4.774,-6.055,2.527,2.278,0.79,2.411,-5.532,-8.358,10.023,174.94,237.98,1,35,8.562,1,TRUE,TRUE,520.8,166.4,520.7,166.5,682.4,359.4,FALSE,-5.564,-8.466,10.131,10.023,8.642,8.642,filtered-optical,36.158,13.617,63,20.18
7.824,489,TRACKING,-4.677,-6.078,2.702,2.157,1.35,2.426,-5.871,-8.614,10.425,181.95,247.68,1,35,0.901,1,TRUE,TRUE,512.8,157.2,512.5,157.7,676.1,351.1,FALSE,-6.027,-8.504,10.423,10.425,9.074,9.074,filtered-optical,35.821,7.329,63,21.7
7.84,490,TRACKING,-4.58,-6.1,3.224,1.749,1.91,2.293,-6.581,-8.581,10.814,188.74,257.24,1,35,-8.317,1,TRUE,TRUE,495.7,154.3,495.8,153.7,669.3,342.8,FALSE,-6.49,-8.393,10.61,10.814,9.496,9.496,filtered-optical,35.465,-0.746,63,11.57
7.856,491,TRACKING,-4.482,-6.122,3.666,0.725,2.47,2.01,-7.085,-7.801,10.538,183.92,250.96,0.997,35,-17.664,1,TRUE,TRUE,483.5,169.1,568.1,227.4,665.5,337.6,FALSE,-6.952,-8.132,10.699,10.538,9.749,9.749,filtered-optical,35.266,-10.206,63,98.89
7.872,492,TRACKING,-4.384,-6.144,3.736,0.57,3.021,1.61,-7.252,-7.852,10.689,186.55,254.62,0.998,34.45,-25,1,TRUE,TRUE,479.2,164.9,544.9,246,660.8,333.3,FALSE,-7.405,-7.754,10.722,10.689,9.976,9.976,filtered-optical,35.028,-19.744,63,39.4
7.888,493,TRACKING,-4.286,-6.165,3.995,-0.071,3.531,1.21,-7.735,-7.535,10.798,188.46,257.55,1,31.841,-25,1,TRUE,TRUE,466.3,172.3,466,173.2,653.1,326.2,FALSE,-7.816,-7.375,10.746,10.798,10.176,10.176,filtered-optical,34.095,-27.413,63,24.08
7.904,494,TRACKING,-4.187,-6.185,4.375,-0.96,3.967,0.81,-8.359,-6.941,10.865,189.63,259.66,1,27.261,-25,1,TRUE,TRUE,449.2,186.4,449,186,644.8,319.7,FALSE,-8.154,-6.995,10.743,10.865,10.343,10.343,filtered-optical,31.086,-27.705,63,25.63
7.92,495,TRACKING,-4.088,-6.205,4.159,-1.797,4.303,0.41,-8.385,-6.369,10.53,183.78,251.83,1,20.995,-25,1,TRUE,TRUE,445.9,200.1,446.2,200.3,636.7,314,FALSE,-8.39,-6.615,10.685,10.53,10.388,10.388,filtered-optical,26.117,-27.952,63,114.91
7.936,496,TRACKING,-3.988,-6.225,3.993,-1.83,4.539,0.01,-8.302,-6.509,10.549,184.12,252.21,1,14.744,-25,1,TRUE,TRUE,445.2,197,538.2,250.4,632.3,310.4,FALSE,-8.527,-6.235,10.563,10.549,10.427,10.427,filtered-optical,19.66,-28.082,63,30.63
7.952,497,TRACKING,-3.888,-6.244,4.273,-2.605,4.671,-0.39,-8.676,-5.878,10.479,182.9,250.98,1,8.243,-25,1,TRUE,TRUE,433.4,212.2,528.6,265.1,627.7,307.5,FALSE,-8.559,-5.854,10.369,10.479,10.44,10.44,filtered-optical,13.207,-28.174,63,43.19
7.968,498,TRACKING,-3.788,-6.262,3.992,-3.42,4.67,-0.79,-8.645,-5.269,10.124,176.7,242.68,1,-0.061,-25,1,TRUE,TRUE,430.8,226.9,431.1,226.3,619.3,303.1,FALSE,-8.458,-5.472,10.074,10.124,10.363,10.363,filtered-optical,6.325,-28.341,63,30.25
7.984,499,TRACKING,-3.688,-6.281,3.103,-3.786,4.515,-1.19,-7.98,-5.094,9.467,165.24,226.63,1,-9.658,-25,1,TRUE,TRUE,443.3,231.2,442.7,231.1,611.5,299,FALSE,-8.203,-5.091,9.654,9.467,10.146,10.146,filtered-optical,-2.322,-28.488,63,98.41
8,500,TRACKING,-3.587,-6.298,2.606,-4.097,4.191,-1.59,-7.691,-4.965,9.155,159.79,219.05,1,-20.274,-25,1,TRUE,TRUE,446.3,234.3,446.5,233.8,604.1,295.1,FALSE,-7.778,-4.708,9.092,9.155,9.906,9.906,filtered-optical,-12.237,-28.62,63,25.99
8.016,501,TRACKING,-3.486,-6.315,2.358,-4.963,3.708,-1.99,-7.48,-4.159,8.558,149.37,204.98,1,-30.192,-25,1,TRUE,TRUE,447.7,253.3,546.9,303.8,600.8,294.1,FALSE,-7.194,-4.325,8.394,8.558,9.579,9.579,filtered-optical,-22.963,-28.599,63,32.34
8.032,502,TRACKING,-3.385,-6.332,1.363,-5.377,3.148,-2.39,-6.474,-3.789,7.501,130.92,179.37,0.992,-35,-25,1,TRUE,TRUE,470.5,261.8,573.2,311.4,598.7,293.5,FALSE,-6.533,-3.942,7.63,7.501,9.075,9.075,filtered-optical,-32.932,-28.561,63,33.67
8.048,503,TRACKING,-3.284,-6.348,0.371,-5.505,2.588,-2.79,-5.6,-3.786,6.759,117.97,161.28,0.96,-35,-25,1,TRUE,TRUE,491.9,261.6,493.1,262.1,593.4,290.9,FALSE,-5.871,-3.558,6.865,6.759,8.514,8.514,filtered-optical,-37.943,-28.623,63,90.18
8.064,504,TRACKING,-3.182,-6.364,0.083,-6.177,2.028,-3.19,-5.418,-3.214,6.3,109.95,150.46,0.933,-35,-25,1,TRUE,TRUE,496.5,274.8,496.4,274.3,588.4,288.9,FALSE,-5.21,-3.174,6.1,6.3,7.977,7.977,filtered-optical,-38.128,-28.654,63,37.84
8.08,505,TRACKING,-3.08,-6.379,-0.688,-6.901,1.468,-3.59,-4.72,-2.562,5.37,93.73,128.27,0.916,-35,-25,1,TRUE,TRUE,513.6,290,513.3,289.5,584.2,287.6,FALSE,-4.548,-2.789,5.335,5.37,7.345,7.345,filtered-optical,-38.271,-28.65,63,30.48
8.096,506,TRACKING,-2.978,-6.394,-1.679,-7.013,0.908,-3.99,-3.576,-2.436,4.327,75.52,103.07,0.911,-35,-25,1,TRUE,TRUE,541.3,292.9,647.7,338.5,585.4,288.3,FALSE,-3.886,-2.403,4.569,4.327,6.613,6.613,filtered-optical,-38.146,-28.542,63,35.48
8.112,507,TRACKING,-2.876,-6.408,-1.873,-7.148,0.348,-4.39,-3.213,-2.279,3.939,68.75,93.78,0.919,-35,-25,1,TRUE,TRUE,550,296.7,657,342.9,587,289.1,FALSE,-3.223,-2.018,3.803,3.939,5.965,5.965,filtered-optical,-38.005,-28.426,63,30.78
8.128,508,TRACKING,-2.773,-6.421,-2.196,-8.034,-0.212,-4.79,-2.884,-1.413,3.211,56.05,76.67,0.938,-35,-25,1,TRUE,TRUE,557.8,317.3,558.4,317.6,584.7,289,FALSE,-2.561,-1.631,3.036,3.211,5.298,5.298,filtered-optical,-38.058,-28.365,63,33.99
8.144,509,TRACKING,-2.67,-6.435,-3.293,-8.293,-0.772,-5.19,-1.733,-1.163,2.087,36.43,49.68,0.966,-35,-25,1,TRUE,TRUE,585.3,323.4,585.2,322.9,583.5,289.1,FALSE,-1.898,-1.245,2.269,2.087,4.519,4.519,filtered-optical,-38.054,-28.292,63,45.91
8.16,510,TRACKING,-2.567,-6.447,-3.946,-8.429,-1.332,-5.59,-0.996,-1.026,1.43,24.97,33.9,0.995,-35,-25,1,TRUE,TRUE,602.8,326.9,602.4,327.1,583.1,289.4,FALSE,-1.235,-0.857,1.503,1.43,3.77,3.77,filtered-optical,-38.015,-28.211,63,34.55
8.176,511,TRACKING,-2.464,-6.459,-3.8,-8.793,-1.892,-5.99,-0.866,-0.57,1.036,18.08,24.67,1,-35,-25,1,TRUE,TRUE,605.7,337.8,718.6,381.8,587.2,291.9,FALSE,-0.571,-0.469,0.74,1.036,3.108,3.108,filtered-optical,-37.75,-28.017,63,53
8.192,512,TRACKING,-2.36,-6.471,-4.369,-9.485,-2.452,-6.39,0.012,0.244,0.244,4.26,5.73,1,-35,-25,1,TRUE,TRUE,626.6,356.9,738.7,399.6,592.1,295,FALSE,0.092,-0.081,0.123,0.244,2.413,2.413,filtered-optical,-37.454,-27.792,63,99.27
8.208,513,TRACKING,-2.257,-6.482,-5.284,-9.335,-3.012,-6.79,1.091,0.138,1.099,19.19,26.33,1,-35,-25,1,TRUE,TRUE,652.3,354.3,653,353.9,593.6,296.3,FALSE,0.756,0.308,0.816,1.099,2.095,2.095,filtered-optical,-37.334,-27.667,63,34.46
8.224,514,TRACKING,-2.153,-6.493,-5.343,-9.709,-3.572,-7.19,1.32,0.575,1.44,25.13,34.38,1,-35,-25,1,TRUE,TRUE,657.7,364.3,657.6,365.2,595.2,298,FALSE,1.419,0.697,1.581,1.44,1.936,1.936,filtered-optical,-37.208,-27.523,63,38.4
8.24,515,TRACKING,-2.049,-6.503,-5.64,-10.236,-4.132,-7.59,1.808,1.187,2.162,37.74,51.49,1,-35,-25,1,TRUE,TRUE,669.4,378.4,670,377.8,597.3,300.3,FALSE,2.083,1.087,2.35,2.162,1.991,1.991,filtered-optical,-37.061,-27.355,63,33.08
8.256,516,TRACKING,-1.945,-6.513,-6.39,-10.56,-4.692,-7.99,2.99,1.683,3.431,59.88,81.83,1,-35,-25,1,TRUE,TRUE,697.8,389.7,816.5,430.1,605.1,304.5,FALSE,2.748,1.477,3.119,3.431,2.34,2.34,filtered-optical,-36.632,-27.084,63,115.24
8.272,517,TRACKING,-1.841,-6.522,-6.482,-10.256,-5.233,-8.39,3.533,1.539,3.853,67.25,92.1,1,-33.817,-25,1,TRUE,TRUE,711.5,386.2,831.8,424.8,613.4,308.5,FALSE,3.393,1.868,3.873,3.853,2.707,2.707,filtered-optical,-36.19,-26.832,63,36.3
8.288,518,TRACKING,-1.736,-6.531,-6.405,-10.932,-5.75,-8.79,3.709,2.342,4.386,76.55,104.56,1,-32.283,-25,1,TRUE,TRUE,716.5,405,715.4,405.6,617,311.7,FALSE,4.014,2.259,4.606,4.386,3.114,3.114,filtered-optical,-34.807,-26.629,63,22.67
8.304,519,TRACKING,-1.632,-6.539,-7.029,-11.26,-6.23,-9.19,4.622,2.812,5.41,94.42,129.09,1,-29.993,-25,1,TRUE,TRUE,739.5,416.2,738.9,416.3,621.4,315.2,FALSE,4.598,2.651,5.308,5.41,3.671,3.671,filtered-optical,-33.036,-26.411,63,108.35
8.32,520,TRACKING,-1.527,-6.546,-7.493,-11.311,-6.657,-9.59,5.407,3.012,6.189,108.02,147.9,1,-26.684,-25,1,TRUE,TRUE,759.9,421.1,759.8,421.6,626.6,318.9,FALSE,5.13,3.044,5.965,6.189,4.281,4.281,filtered-optical,-30.475,-26.189,63,34.32
8.336,521,TRACKING,-1.422,-6.553,-6.959,-11.254,-6.985,-9.99,5.401,3.171,6.263,109.31,149.59,1,-20.494,-25,1,TRUE,TRUE,762.3,425.1,888.2,462.4,636.7,324.1,FALSE,5.563,3.437,6.538,6.263,4.762,4.762,filtered-optical,-26.658,-25.89,63,55.83
8.352,522,TRACKING,-1.317,-6.56,-6.698,-11.939,-7.174,-10.39,5.678,4.101,7.004,122.24,167.03,1,-11.82,-25,1,TRUE,TRUE,772.4,447.3,898.4,482.2,647.1,330,FALSE,5.857,3.83,6.998,7.004,5.305,5.305,filtered-optical,-19.958,-25.561,63,106.97
8.368,523,TRACKING,-1.212,-6.566,-6.915,-11.907,-7.219,-10.79,6.244,4.257,7.557,131.89,180.41,1,-2.803,-25,1,TRUE,TRUE,789.6,451.1,790,450.3,653,334.6,FALSE,6.006,4.224,7.343,7.557,5.851,5.851,filtered-optical,-11.007,-25.312,63,22.23
8.384,524,TRACKING,-1.107,-6.572,-6.385,-11.875,-7.113,-11.181,6.057,4.417,7.497,130.85,178.84,1,6.581,-24.435,1,TRUE,TRUE,788.6,455.1,789.4,455.1,658.7,339.2,FALSE,6.006,4.609,7.571,7.497,6.25,6.25,filtered-optical,-1.726,-25.062,63,36.1
8.4,525,TRACKING,-1.002,-6.577,-5.612,-12.192,-6.854,-11.546,5.61,4.944,7.477,130.5,177.99,1,16.226,-22.808,1,TRUE,TRUE,781.3,468,782,467.1,664,344.3,FALSE,5.852,4.969,7.677,7.477,6.548,6.548,filtered-optical,7.896,-24.232,63,33.62
8.416,526,TRACKING,-0.897,-6.582,-5.579,-12.797,-6.474,-11.895,5.641,5.588,7.941,138.59,188.85,0.986,23.734,-21.821,1,TRUE,TRUE,784.8,483.4,626.2,368.4,663,345.3,FALSE,5.577,5.314,7.703,7.941,6.885,6.885,filtered-optical,17.467,-22.556,63,118.06
8.432,527,TRACKING,-0.791,-6.586,-4.727,-12.377,-5.928,-12.198,5.328,5.45,7.622,133.02,181.15,0.966,34.104,-18.925,1,TRUE,TRUE,781,480.9,913.2,512.7,673.4,352,FALSE,5.137,5.612,7.608,7.622,7.064,7.064,filtered-optical,25.457,-21.224,63,48.27
8.448,528,TRACKING,-0.686,-6.589,-3.662,-12.384,-5.368,-12.436,4.542,5.692,7.282,127.09,172.68,0.945,35,-14.866,1,TRUE,TRUE,762.2,487.9,761.7,487.8,677.5,357.6,FALSE,4.682,5.847,7.49,7.282,7.117,7.117,filtered-optical,35.996,-18.05,63,21.43
8.464,529,TRACKING,-0.58,-6.592,-2.975,-12.642,-4.808,-12.589,4.114,6.204,7.444,129.92,176.28,0.93,35,-9.59,1,TRUE,TRUE,751.7,501.9,751.8,502.3,681.2,363.6,FALSE,4.228,5.997,7.337,7.444,7.196,7.196,filtered-optical,37.034,-13.694,63,115.15
8.48,530,TRACKING,-0.475,-6.595,-2.56,-12.306,-4.248,-12.642,3.946,6.117,7.28,127.06,172.33,0.923,35,-3.278,1,TRUE,TRUE,747.6,502.2,746.8,502.8,684.6,369.5,FALSE,3.773,6.047,7.128,7.28,7.216,7.216,filtered-optical,37.158,-8.133,63,40.48
8.496,531,TRACKING,-0.369,-6.597,-2.004,-11.919,-3.688,-12.609,3.356,5.774,6.679,116.56,157.91,0.928,35,2.011,1,TRUE,TRUE,733.5,496.2,578,383.1,681.2,370.6,FALSE,3.319,6.013,6.868,6.679,7.086,7.086,filtered-optical,36.952,-1.795,63,63.47
8.512,532,TRACKING,-0.264,-6.598,-0.918,-11.749,-3.128,-12.467,2.692,5.894,6.479,113.09,152.97,0.945,35,8.913,1,TRUE,TRUE,717.6,501.9,854.6,529.7,688.8,377.4,FALSE,2.864,5.868,6.53,6.479,6.939,6.939,filtered-optical,37.282,3.818,63,93.55
8.528,533,TRACKING,-0.158,-6.599,-0.481,-11.474,-2.568,-12.199,2.436,5.859,6.345,110.74,149.72,0.971,35,16.709,1,TRUE,TRUE,711.6,504.3,711.9,504.1,690.6,383.1,FALSE,2.41,5.6,6.097,6.345,6.795,6.795,filtered-optical,37.325,10.977,63,22.02
8.544,534,TRACKING,-0.053,-6.6,0.01,-10.413,-2.008,-11.8,2.11,5.006,5.432,94.81,128.08,1,35,24.99,1,TRUE,TRUE,704,487.5,703.9,487.7,692.1,388,FALSE,1.956,5.2,5.555,5.432,6.465,6.465,filtered-optical,37.348,18.983,63,29.99
8.56,535,TRACKING,0.053,-6.6,0.835,-9.911,-1.448,-11.4,1.423,4.694,4.905,85.6,115.46,1,35,25,1,TRUE,TRUE,687.7,480.3,687.9,480.2,692.8,392.4,FALSE,1.501,4.8,5.029,4.905,6.086,6.086,filtered-optical,37.338,27.45,63,120.69
8.576,536,TRACKING,0.159,-6.599,1.204,-9.794,-0.888,-11,0.918,4.571,4.662,81.37,109.64,1,35,25,1,TRUE,TRUE,675.8,477.4,522.4,365.5,687.1,392.3,FALSE,1.047,4.4,4.523,4.662,5.741,5.741,filtered-optical,37.013,27.403,63,187.31
8.592,537,TRACKING,0.264,-6.598,1.27,-9.361,-0.328,-10.6,0.717,4.113,4.175,72.86,98.12,1,35,25,1,TRUE,TRUE,671.1,466.4,519.9,353.8,681.3,391.7,FALSE,0.592,4.001,4.045,4.175,5.361,5.361,filtered-optical,36.694,27.323,63,51.21
8.608,538,TRACKING,0.37,-6.597,1.855,-8.401,0.232,-10.2,0.228,3.283,3.29,57.43,77.25,1,35,25,1,TRUE,TRUE,659.4,446.6,658.9,446.7,681.1,394.7,FALSE,0.138,3.603,3.605,3.29,4.859,4.859,filtered-optical,36.651,27.433,63,22.53
8.624,539,TRACKING,0.475,-6.595,2.636,-8.34,0.792,-9.8,-0.485,3.352,3.386,59.1,79.53,1,35,25,1,TRUE,TRUE,642.3,448,641.8,448.2,680.2,397.7,FALSE,-0.316,3.205,3.22,3.386,4.502,4.502,filtered-optical,36.575,27.539,63,128.33
8.64,540,TRACKING,0.581,-6.592,3.009,-7.821,1.352,-9.4,-0.801,2.943,3.05,53.24,71.69,1,35,25,1,TRUE,TRUE,634.6,438.1,634.1,438.2,679,400.2,FALSE,-0.771,2.807,2.911,3.05,4.15,4.15,filtered-optical,36.487,27.618,63,35.93
8.656,541,TRACKING,0.686,-6.589,3.04,-7.302,1.912,-9,-1.027,2.321,2.539,44.31,59.77,1,35,25,1,TRUE,TRUE,629,423.4,480.3,312.2,671.8,397.7,FALSE,-1.226,2.41,2.704,2.539,3.76,3.76,filtered-optical,36.112,27.44,63,65.68
8.672,542,TRACKING,0.792,-6.586,3.53,-6.898,2.472,-8.6,-1.735,1.793,2.495,43.55,59.14,1,35,25,1,TRUE,TRUE,611.8,411,463.9,298.8,664.1,394.7,FALSE,-1.68,2.014,2.623,2.495,3.453,3.453,filtered-optical,35.72,27.239,63,115.17
8.688,543,TRACKING,0.897,-6.582,4.134,-6.974,3.032,-8.2,-2.329,1.942,3.032,52.93,72.05,0.986,35,25,1,TRUE,TRUE,597.4,414.6,598,414.9,661.8,396.4,FALSE,-2.135,1.618,2.679,3.032,3.351,3.351,filtered-optical,35.595,27.278,63,24.69
8.704,544,TRACKING,1.002,-6.577,4.246,-6.148,3.592,-7.8,-2.436,1.158,2.698,47.08,64.4,0.969,35,25,1,TRUE,TRUE,594.6,396.4,594.3,397.1,659.3,397.2,FALSE,-2.59,1.223,2.864,2.698,3.193,3.193,filtered-optical,35.468,27.278,63,25.51
8.72,545,TRACKING,1.107,-6.572,4.705,-5.636,4.152,-7.4,-2.906,0.667,2.981,52.03,71.4,0.961,35,25,1,TRUE,TRUE,583.3,385.2,583.5,385.1,656.6,397.6,FALSE,-3.044,0.828,3.155,2.981,3.141,3.141,filtered-optical,35.326,27.252,63,22.31
8.736,546,TRACKING,1.212,-6.566,5.209,-5.583,4.666,-7,-3.691,0.444,3.718,64.88,89.15,0.961,32.131,25,1,TRUE,TRUE,563.3,380.2,417.1,270.7,647.3,393.5,FALSE,-3.453,0.433,3.48,3.718,3.281,3.281,filtered-optical,34.878,26.997,63,106.01
8.752,547,TRACKING,1.317,-6.56,5.048,-5.635,5.095,-6.6,-3.807,0.322,3.82,66.68,91.64,0.967,26.83,25,1,TRUE,TRUE,558.5,377.5,414.2,266.7,638.2,389.2,FALSE,-3.778,0.04,3.778,3.82,3.412,3.412,filtered-optical,31.574,26.744,63,51.9
8.768,548,TRACKING,1.422,-6.553,4.955,-4.717,5.443,-6.2,-3.748,-0.62,3.799,66.31,91.08,0.975,21.757,25,1,TRUE,TRUE,558.1,355.3,558.4,354.6,634.8,388.5,FALSE,-4.021,-0.354,4.036,3.799,3.506,3.506,filtered-optical,26.126,26.674,63,22.86
8.784,549,TRACKING,1.527,-6.546,5.444,-4.576,5.708,-5.8,-4.292,-0.789,4.364,76.17,104.66,0.982,16.525,25,1,TRUE,TRUE,543.2,351.2,543.4,351.4,631,387.7,FALSE,-4.18,-0.747,4.247,4.364,3.714,3.714,filtered-optical,20.883,26.599,63,18.95
8.8,550,TRACKING,1.632,-6.539,5.572,-4.441,5.883,-5.4,-4.483,-0.959,4.585,80.02,109.94,0.985,10.981,25,1,TRUE,TRUE,536.7,347,536.5,346.4,627,386.7,FALSE,-4.251,-1.139,4.401,4.585,3.925,3.925,filtered-optical,15.477,26.516,63,94.51
8.816,551,TRACKING,1.736,-6.531,4.769,-4.159,5.933,-5,-3.954,-1.477,4.221,73.67,100.99,0.984,3.128,25,1,TRUE,TRUE,546.6,334.6,405.6,225.3,617.9,381,FALSE,-4.197,-1.531,4.467,4.221,3.997,3.997,filtered-optical,9.524,26.196,63,50.6
8.832,552,TRACKING,1.841,-6.522,4.419,-3.703,5.828,-4.62,-3.873,-2.192,4.45,77.67,106.19,0.978,-6.61,23.721,1,TRUE,TRUE,545,317.1,402.9,208.4,609,374.7,FALSE,-3.987,-1.902,4.417,4.45,4.107,4.107,filtered-optical,1.275,25.855,63,49.48
8.848,553,TRACKING,1.945,-6.513,4.452,-3.869,5.575,-4.26,-3.946,-2.096,4.468,77.98,106.67,0.971,-15.811,22.508,1,TRUE,TRUE,539.7,318.8,538.8,319,605.5,372.8,FALSE,-3.629,-2.253,4.272,4.468,4.194,4.194,filtered-optical,-8.591,24.466,63,18.48
8.864,554,TRACKING,2.049,-6.503,3.584,-3.622,5.184,-3.922,-3.083,-2.425,3.922,68.46,93.28,0.966,-24.381,21.133,1,TRUE,TRUE,557.2,310.6,557.9,310.9,602.9,370.7,FALSE,-3.135,-2.581,4.061,3.922,4.128,4.128,filtered-optical,-17.878,23.131,63,89.82
8.88,555,TRACKING,2.153,-6.493,2.744,-3.086,4.668,-3.613,-2.217,-3.065,3.783,66.02,89.43,0.966,-32.251,19.315,1,TRUE,TRUE,574.9,295,575.4,295.2,601,368,FALSE,-2.515,-2.88,3.824,3.783,4.044,4.044,filtered-optical,-26.497,21.608,63,20.61
8.896,556,TRACKING,2.257,-6.482,2.403,-3.224,4.108,-3.367,-2.067,-3.215,3.822,66.71,90.27,0.973,-35,15.343,1,TRUE,TRUE,577.4,290.2,440.8,183,594,361,FALSE,-1.851,-3.115,3.624,3.822,3.991,3.991,filtered-optical,-34.66,19.427,63,43.12
8.912,557,TRACKING,2.361,-6.471,1.557,-3.707,3.548,-3.212,-1.376,-3.01,3.31,57.76,77.96,0.989,-35,9.68,1,TRUE,TRUE,593.7,293.2,458.1,185,587.8,354.2,FALSE,-1.188,-3.259,3.468,3.31,3.825,3.825,filtered-optical,-37.655,15.112,63,132.93
8.928,558,TRACKING,2.464,-6.459,0.501,-3.495,2.988,-3.146,-0.205,-3.332,3.338,58.26,78.37,1,-35,4.159,1,TRUE,TRUE,621.6,283.8,622.1,282.9,588,351.4,FALSE,-0.524,-3.313,3.355,3.338,3.707,3.707,filtered-optical,-37.59,9.31,63,18.4
8.944,559,TRACKING,2.567,-6.447,0.27,-3.41,2.428,-3.168,0.156,-3.533,3.536,61.72,83.04,1,-35,-1.409,1,TRUE,TRUE,630,277,630.6,277.5,588.7,348.4,FALSE,0.139,-3.279,3.282,3.536,3.666,3.666,filtered-optical,-37.511,3.646,63,17.79
8.96,560,TRACKING,2.67,-6.435,0.094,-4.05,1.868,-3.279,0.473,-2.988,3.025,52.79,71.03,1,-35,-6.913,1,TRUE,TRUE,637.5,287.8,638,287.7,589.6,345.8,FALSE,0.802,-3.155,3.256,3.025,3.51,3.51,filtered-optical,-37.419,-2.04,63,12.56
8.976,561,TRACKING,2.773,-6.421,-1.082,-4.515,1.308,-3.504,1.624,-2.787,3.226,56.3,76.1,1,-35,-14.03,1,TRUE,TRUE,665,289.6,535,183.4,586.5,339.3,FALSE,1.465,-2.918,3.265,3.226,3.441,3.441,filtered-optical,-37.517,-7.857,63,31.58
8.992,562,TRACKING,2.876,-6.408,-1.817,-4.845,0.748,-3.863,2.367,-2.717,3.603,62.89,85.34,1,-35,-22.448,1,TRUE,TRUE,682.8,287.9,553.1,182.5,584.3,332.9,FALSE,2.127,-2.545,3.317,3.603,3.481,3.481,filtered-optical,-37.575,-15.277,63,122.38
9.008,563,TRACKING,2.978,-6.393,-1.732,-5.374,0.188,-4.263,2.507,-2.252,3.37,58.81,80.01,1,-35,-25,1,TRUE,TRUE,686.2,297.6,686.7,297.2,587.2,331.1,FALSE,2.79,-2.131,3.51,3.37,3.454,3.454,filtered-optical,-37.388,-23.763,63,17.91
9.024,564,TRACKING,3.08,-6.379,-2.339,-6.25,-0.372,-4.663,3.368,-1.403,3.649,63.68,87.22,1,-35,-25,1,TRUE,TRUE,707,317.3,706.5,317.8,590.8,330.1,FALSE,3.452,-1.716,3.855,3.649,3.501,3.501,filtered-optical,-37.171,-26.34,63,17.41
9.04,565,TRACKING,3.182,-6.364,-3.108,-6.257,-0.932,-5.063,4.432,-1.423,4.655,81.24,111.49,1,-35,-25,1,TRUE,TRUE,732.8,316.7,733.3,317.4,595.5,329.1,FALSE,4.114,-1.301,4.315,4.655,3.781,3.781,filtered-optical,-36.912,-26.364,63,13.28
9.056,566,TRACKING,3.284,-6.348,-3.266,-6.826,-1.492,-5.463,4.691,-1.035,4.804,83.85,115.21,1,-35,-25,1,TRUE,TRUE,739.2,325.9,614.9,222.5,595.5,324.5,FALSE,4.776,-0.885,4.857,4.804,4.029,4.029,filtered-optical,-36.875,-26.568,63,26.88
9.072,567,TRACKING,3.386,-6.332,-3.631,-7.621,-2.052,-5.863,5.177,-0.39,5.192,90.61,124.68,0.969,-35,-25,1,TRUE,TRUE,751.1,341.2,626.4,238.3,595.9,320.6,FALSE,5.437,-0.469,5.457,5.192,4.311,4.311,filtered-optical,-36.818,-26.732,63,128.45
9.088,568,TRACKING,3.487,-6.315,-4.402,-8.147,-2.612,-6.263,6.311,0.181,6.313,110.19,151.85,0.942,-35,-25,1,TRUE,TRUE,778.7,354.8,778.3,354.3,602.2,321.3,FALSE,6.098,-0.053,6.098,6.313,4.796,4.796,filtered-optical,-36.489,-26.666,63,14.12
9.104,569,TRACKING,3.588,-6.298,-4.607,-7.974,-3.172,-6.663,6.897,0.049,6.897,120.38,166.02,0.925,-35,-25,1,TRUE,TRUE,792.9,352,792.8,351.8,608.9,321.8,FALSE,6.759,0.365,6.769,6.897,5.306,5.306,filtered-optical,-36.146,-26.607,63,14.15
9.12,570,TRACKING,3.688,-6.281,-4.448,-8.683,-3.704,-7.063,7.125,0.828,7.173,125.2,172.66,0.92,-33.309,-25,1,TRUE,TRUE,799.1,370.5,799.4,369.9,615.8,323.1,FALSE,7.393,0.782,7.434,7.173,5.758,5.758,filtered-optical,-35.803,-26.513,63,13.71
9.136,571,TRACKING,3.789,-6.262,-5.098,-9.291,-4.208,-7.463,7.999,1.362,8.115,141.63,195.5,0.927,-31.49,-25,1,TRUE,TRUE,821,383.1,701.5,281,618.7,320.9,FALSE,7.997,1.2,8.086,8.115,6.33,6.33,filtered-optical,-33.958,-26.593,63,27.07
9.152,572,TRACKING,3.889,-6.244,-5.655,-9.618,-4.675,-7.863,8.809,1.629,8.959,156.36,216.1,0.944,-29.169,-25,1,TRUE,TRUE,841.5,389.3,721.3,288,622.4,319.1,FALSE,8.564,1.619,8.715,8.959,6.967,6.967,filtered-optical,-31.955,-26.654,63,116.38
9.168,573,TRACKING,3.988,-6.225,-5.333,-9.618,-5.067,-8.263,8.938,1.741,9.105,158.92,219.67,0.965,-24.498,-25,1,TRUE,TRUE,846.3,391.7,846.7,391.6,630.8,321.2,FALSE,9.055,2.038,9.282,9.105,7.485,7.485,filtered-optical,-29.233,-26.515,63,12.48
9.184,574,TRACKING,4.088,-6.205,-5.204,-10.446,-5.349,-8.663,9.267,2.716,9.657,168.55,232.84,0.988,-17.639,-25,1,TRUE,TRUE,856.9,414.4,856.6,414.7,639.4,324.2,FALSE,9.437,2.457,9.752,9.657,8.012,8.012,filtered-optical,-24.159,-26.336,63,10.72
9.2,575,TRACKING,4.187,-6.185,-5.321,-10.507,-5.493,-9.063,9.863,2.93,10.289,179.58,248.34,1,-9.011,-25,1,TRUE,TRUE,874.7,419.1,874,418.7,648.5,327.4,FALSE,9.68,2.877,10.099,10.289,8.564,8.564,filtered-optical,-16.882,-26.155,63,7.67
9.216,576,TRACKING,4.286,-6.165,-4.941,-10.364,-5.489,-9.463,9.85,3.131,10.335,180.38,249.37,1,0.245,-25,1,TRUE,TRUE,877.9,423.6,808.5,537.2,654.9,334.9,FALSE,9.775,3.298,10.317,10.335,8.993,8.993,filtered-optical,-7.97,-25.756,63,21.68
9.232,577,TRACKING,4.384,-6.144,-4.337,-10.86,-5.34,-9.863,9.528,3.638,10.199,178,245.69,1,9.351,-25,1,TRUE,TRUE,873.5,435.5,759.4,336,659.3,334.7,FALSE,9.724,3.719,10.411,10.199,9.286,9.286,filtered-optical,1.471,-25.753,63,24.93
9.248,578,TRACKING,4.482,-6.122,-3.854,-11.462,-5.017,-10.263,9.511,4.444,10.498,183.23,252.55,1,20.187,-25,1,TRUE,TRUE,877.4,454.5,877.8,454.8,668.1,339,FALSE,9.499,4.14,10.362,10.498,9.579,9.579,filtered-optical,10.964,-25.526,63,10.09
9.264,579,TRACKING,4.58,-6.1,-3.14,-11.229,-4.498,-10.662,9.252,4.412,10.25,178.9,246.44,1,32.412,-24.987,1,TRUE,TRUE,875.9,453.9,876.7,454.4,676.7,343.2,FALSE,9.078,4.562,10.16,10.25,9.742,9.742,filtered-optical,22.169,-25.307,63,7.21
9.28,580,TRACKING,4.678,-6.078,-2.009,-11.411,-3.938,-11.044,8.541,4.808,9.801,171.07,235.07,1,35,-23.847,1,TRUE,TRUE,859.6,464,858.9,463.9,684.4,347.7,FALSE,8.616,4.966,9.945,9.801,9.756,9.756,filtered-optical,34.714,-25.067,63,7.67
9.296,581,TRACKING,4.775,-6.055,-1.215,-11.642,-3.378,-11.359,8.018,5.467,9.704,169.37,232.17,1,35,-19.708,1,TRUE,TRUE,847,481.4,770.1,598,688.6,357.2,FALSE,8.153,5.304,9.727,9.704,9.744,9.744,filtered-optical,37.452,-23.455,63,94.95
9.312,582,TRACKING,4.871,-6.032,-0.746,-11.409,-2.818,-11.568,7.807,5.666,9.646,168.36,230.61,1,35,-13.047,1,TRUE,TRUE,842,488.8,765.5,605.7,692.5,366.8,FALSE,7.69,5.536,9.475,9.646,9.72,9.72,filtered-optical,37.586,-18.849,63,21.84
9.328,583,TRACKING,4.968,-6.008,0.101,-10.914,-2.258,-11.667,7.318,5.401,9.095,158.74,217.26,1,35,-6.155,1,TRUE,TRUE,830.3,485.2,830.6,486,698.7,371.6,FALSE,7.226,5.659,9.178,9.095,9.569,9.569,filtered-optical,37.827,-11.964,63,10.53
9.344,584,TRACKING,5.064,-5.984,1.13,-10.948,-1.698,-11.648,6.613,5.676,8.715,152.1,207.73,1,35,1.155,1,TRUE,TRUE,813.2,494.4,814,494.7,704.2,376.7,FALSE,6.762,5.664,8.821,8.715,9.362,9.362,filtered-optical,38.028,-4.842,63,7.64
9.36,585,TRACKING,5.159,-5.959,1.793,-10.823,-1.138,-11.505,6.255,5.794,8.526,148.81,203.02,1,35,8.945,1,TRUE,TRUE,804.5,500,805.2,499.1,709.3,381.8,FALSE,6.297,5.546,8.391,8.526,9.159,9.159,filtered-optical,38.203,2.697,63,7.64
9.376,586,TRACKING,5.254,-5.934,2.204,-9.748,-0.578,-11.204,6.004,5.13,7.897,137.83,188.11,1,35,18.8,1,TRUE,TRUE,798.4,487.8,717.1,605.7,710.8,390.9,FALSE,5.833,5.27,7.861,7.897,8.853,8.853,filtered-optical,38.214,10.905,63,19.26
9.392,587,TRACKING,5.349,-5.908,2.987,-8.967,-0.018,-10.804,5.348,4.741,7.147,124.74,170.07,1,35,25,1,TRUE,TRUE,782.4,480.6,698,598.3,711.6,399.5,FALSE,5.367,4.896,7.265,7.147,8.44,8.44,filtered-optical,38.19,21.147,63,16.73
9.408,588,TRACKING,5.443,-5.882,3.847,-8.729,0.542,-10.404,4.723,4.694,6.659,116.22,158.2,1,35,25,1,TRUE,TRUE,767.1,479.3,767.3,479.4,715,403.3,FALSE,4.902,4.522,6.669,6.659,8.008,8.008,filtered-optical,38.285,27.495,63,8.64
9.424,589,TRACKING,5.537,-5.855,4.258,-8.139,1.102,-10.004,4.532,4.278,6.233,108.78,148.12,1,35,25,1,TRUE,TRUE,762.3,469.4,761.6,470,718,406.8,FALSE,4.435,4.149,6.073,6.233,7.578,7.578,filtered-optical,38.364,27.618,63,5.39
9.44,590,TRACKING,5.631,-5.828,4.869,-7.196,1.662,-9.604,4.124,3.473,5.392,94.1,128.23,0.993,35,25,1,TRUE,TRUE,752.3,450.5,752.2,450.1,720.6,409.4,FALSE,3.969,3.776,5.478,5.392,7.048,7.048,filtered-optical,38.422,27.697,63,6.46
9.456,591,TRACKING,5.724,-5.801,5.701,-6.896,2.222,-9.204,3.323,3.499,4.825,84.22,114.45,0.965,35,25,1,TRUE,TRUE,732.8,451.3,645,568.1,719.1,416.4,FALSE,3.502,3.403,4.883,4.825,6.509,6.509,filtered-optical,38.287,27.992,63,90.61
9.472,592,TRACKING,5.816,-5.773,6.086,-6.285,2.782,-8.804,2.949,3.196,4.348,75.89,103.07,0.938,35,25,1,TRUE,TRUE,723.7,444.4,633.2,561,717.2,423,FALSE,3.035,3.031,4.289,4.348,5.985,5.985,filtered-optical,38.133,28.261,63,25.94
9.488,593,TRACKING,5.908,-5.745,6.377,-5.587,3.342,-8.404,2.806,2.59,3.819,66.65,90.66,0.919,35,25,1,TRUE,TRUE,720.2,430.4,720.2,430.9,718.5,424.5,FALSE,2.567,2.66,3.696,3.819,5.46,5.46,filtered-optical,38.136,28.274,63,14.57
9.504,594,TRACKING,6,-5.716,7.082,-4.784,3.902,-8.004,2.072,2.045,2.911,50.81,69.05,0.911,35,25,1,TRUE,TRUE,702.6,417.8,609.3,535,715.6,429.8,FALSE,2.098,2.288,3.105,2.911,4.842,4.842,filtered-optical,37.942,28.479,63,12.73
9.52,595,TRACKING,6.091,-5.686,7.718,-4.704,4.462,-7.604,1.382,2.222,2.617,45.67,61.76,0.917,35,25,1,TRUE,TRUE,686.2,422.1,591.8,538.1,712.1,435.2,FALSE,1.63,1.918,2.517,2.617,4.303,4.303,filtered-optical,37.721,28.68,63,14.85
9.536,596,TRACKING,6.182,-5.657,7.726,-3.777,5.022,-7.204,1.317,1.522,2.013,35.13,47.64,0.934,35,25,1,TRUE,TRUE,684.8,405.5,590.2,521.7,708.6,439.8,FALSE,1.16,1.547,1.934,2.013,3.747,3.747,filtered-optical,37.504,28.841,63,21.42
9.552,597,TRACKING,6.272,-5.627,8.093,-3.066,5.582,-6.804,0.875,1.015,1.34,23.38,31.71,0.962,35,25,1,TRUE,TRUE,674.4,393.4,577,510.7,704.6,443.9,FALSE,0.691,1.178,1.365,1.34,3.164,3.164,filtered-optical,37.269,28.972,63,100.2
9.568,598,TRACKING,6.362,-5.596,8.903,-2.642,6.142,-6.404,-0.045,0.779,0.781,13.62,18.31,0.994,35,25,1,TRUE,TRUE,652.6,387.6,553.5,504.1,699.8,447.7,FALSE,0.22,0.808,0.838,0.781,2.586,2.586,filtered-optical,36.999,29.083,63,15.33
9.584,599,TRACKING,6.451,-5.565,9.201,-2.614,6.702,-6.004,-0.304,0.748,0.808,14.1,19,1,35,25,1,TRUE,TRUE,646.5,386.7,646.8,386.1,698.6,446.9,FALSE,-0.25,0.439,0.505,0.808,2.155,2.155,filtered-optical,36.903,28.963,63,12.72
9.6,600,TRACKING,6.54,-5.534,9.184,-1.54,7.262,-5.604,-0.412,-0.178,0.449,7.83,10.72,1,35,25,1,TRUE,TRUE,644,364.7,543.4,481,693.5,449.6,FALSE,-0.722,0.071,0.725,0.449,1.741,1.741,filtered-optical,36.625,29.025,63,7.91
9.616,601,TRACKING,6.629,-5.502,9.918,-1.217,7.822,-5.204,-1.304,-0.361,1.353,23.61,32.36,1,35,25,1,TRUE,TRUE,622.7,360.4,520.2,477.9,687.6,452.2,FALSE,-1.193,-0.298,1.23,1.353,1.647,1.647,filtered-optical,36.314,29.076,63,22.79
9.632,602,TRACKING,6.716,-5.469,10.363,-0.937,8.382,-4.804,-1.928,-0.511,1.994,34.81,47.72,1,35,25,1,TRUE,TRUE,607.7,357,504,473.3,681.2,454.5,FALSE,-1.665,-0.665,1.793,1.994,1.731,1.731,filtered-optical,35.983,29.113,63,35.43
9.648,603,TRACKING,6.804,-5.437,10.306,-0.597,8.942,-4.404,-1.882,-0.925,2.097,36.6,50.05,1,35,25,1,TRUE,TRUE,608.7,347.4,608.6,346.9,678.8,451.9,FALSE,-2.138,-1.033,2.374,2.097,1.82,1.82,filtered-optical,35.852,28.904,63,64.63
9.664,604,TRACKING,6.89,-5.404,10.871,0.089,9.502,-4.004,-2.481,-1.714,3.015,52.63,71.78,1,35,25,1,TRUE,TRUE,594.1,329.2,593.8,329,675.9,448.7,FALSE,-2.611,-1.399,2.963,3.015,2.11,2.11,filtered-optical,35.698,28.664,63,14.55
9.68,605,TRACKING,6.976,-5.37,11.57,0.089,10.062,-3.604,-3.417,-1.624,3.784,66.04,90.38,1,35,25,1,TRUE,TRUE,571.4,331.6,463.5,448.2,668.2,450.1,FALSE,-3.085,-1.766,3.555,3.784,2.516,2.516,filtered-optical,35.313,28.661,63,14.6
9.696,606,TRACKING,7.062,-5.336,11.405,0.514,10.602,-3.204,-3.493,-1.973,4.012,70.03,95.72,1,33.778,25,1,TRUE,TRUE,569,323.6,458.5,440.4,660.4,451,FALSE,-3.54,-2.132,4.132,4.012,2.878,2.878,filtered-optical,34.932,28.639,63,32.57
9.712,607,TRACKING,7.147,-5.302,11.307,1.227,11.094,-2.804,-3.637,-2.637,4.492,78.41,106.96,1,30.718,25,1,TRUE,TRUE,564.2,308.1,454.2,425,652.5,451.4,FALSE,-3.946,-2.497,4.67,4.492,3.27,3.27,filtered-optical,33.335,28.586,63,141.71
9.728,608,TRACKING,7.232,-5.267,12.086,1.455,11.532,-2.404,-4.513,-3.02,5.431,94.78,129.47,0.993,27.402,25,1,TRUE,TRUE,541.7,299,542.2,298.6,648.2,446.9,FALSE,-4.3,-2.863,5.166,5.431,3.794,3.794,filtered-optical,30.074,28.286,63,22.41
9.744,609,TRACKING,7.316,-5.232,12.253,1.25,11.91,-2.004,-4.788,-2.963,5.63,98.27,134.35,0.992,23.633,25,1,TRUE,TRUE,533.6,300.1,534.1,301.1,643.6,442.6,FALSE,-4.595,-3.227,5.615,5.63,4.239,4.239,filtered-optical,26.549,27.998,63,16.64
9.76,610,TRACKING,7.399,-5.196,11.877,1.712,12.222,-1.604,-4.509,-3.596,5.767,100.66,137.27,0.994,19.46,25,1,TRUE,TRUE,538.8,284.9,538.3,285.2,639.2,437.7,FALSE,-4.822,-3.592,6.013,5.767,4.609,4.609,filtered-optical,22.587,27.688,63,11.78
9.776,611,TRACKING,7.482,-5.16,11.993,2.308,12.429,-1.204,-4.924,-4.197,6.47,112.92,153.94,0.997,12.953,25,1,TRUE,TRUE,526.4,270.5,409.5,386.7,630.1,436.8,FALSE,-4.947,-3.956,6.334,6.47,5.06,5.06,filtered-optical,17.992,27.586,63,25.56
9.792,612,TRACKING,7.564,-5.124,12.012,2.315,12.499,-0.804,-5.253,-4.208,6.73,117.46,160.28,0.999,4.38,25,1,TRUE,TRUE,515.4,270.1,398.4,386.5,620.7,435.8,FALSE,-4.935,-4.319,6.558,6.73,5.465,5.465,filtered-optical,11.059,27.485,63,129.36
9.808,613,TRACKING,7.646,-5.087,11.306,2.407,12.435,-0.404,-4.645,-4.504,6.47,112.92,153.74,0.996,-3.968,25,1,TRUE,TRUE,527,263.1,527.3,263.3,616.4,430.2,FALSE,-4.789,-4.683,6.698,6.47,5.709,5.709,filtered-optical,2.315,27.143,63,33.49
9.824,614,TRACKING,7.727,-5.05,10.86,2.895,12.241,-0.004,-4.283,-5.218,6.751,117.82,160.06,0.987,-12.148,25,1,TRUE,TRUE,532.8,246.3,533.5,246.6,612.4,424,FALSE,-4.514,-5.045,6.77,6.751,5.961,5.961,filtered-optical,-6.185,26.778,63,25.84
9.84,615,TRACKING,7.808,-5.012,10.85,2.986,11.915,0.396,-4.364,-5.544,7.056,123.15,167.27,0.974,-20.362,25,1,TRUE,TRUE,527.8,238.8,527.7,238.8,608.3,417.6,FALSE,-4.108,-5.408,6.791,7.056,6.227,6.227,filtered-optical,-14.521,26.41,63,19.98
9.856,616,TRACKING,7.887,-4.974,10.383,2.639,11.5,0.796,-3.7,-5.48,6.612,115.4,156.49,0.959,-25.983,25,1,TRUE,TRUE,541.7,240.6,706.5,206.8,611.1,410,FALSE,-3.612,-5.77,6.807,6.612,6.32,6.32,filtered-optical,-22.55,25.991,63,108.81
9.872,617,TRACKING,7.967,-4.936,9.162,3.301,10.961,1.196,-2.709,-6.199,6.765,118.07,159.73,0.945,-33.636,25,1,TRUE,TRUE,562.7,223.9,439.9,341.9,603.7,407.8,FALSE,-2.995,-6.131,6.824,6.765,6.428,6.428,filtered-optical,-28.489,25.855,63,44.79
9.888,618,TRACKING,8.045,-4.897,8.851,3.509,10.401,1.596,-2.416,-6.671,7.095,123.83,167.47,0.938,-35,25,1,TRUE,TRUE,569.1,212.8,569,213.6,601.4,400.7,FALSE,-2.356,-6.493,6.907,7.095,6.59,6.59,filtered-optical,-36.204,25.469,63,31.35
9.904,619,TRACKING,8.123,-4.858,8.39,3.362,9.841,1.993,-1.955,-6.79,7.065,123.32,166.68,0.939,-35,24.812,1,TRUE,TRUE,580,210,579.3,209.3,599.6,393.5,FALSE,-1.718,-6.851,7.063,7.065,6.705,6.705,filtered-optical,-37.608,25.087,63,121.37
9.92,620,TRACKING,8.201,-4.818,7.391,3.234,9.281,2.36,-0.912,-6.927,6.987,121.94,164.68,0.951,-35,22.968,1,TRUE,TRUE,604.8,205.9,605.6,206.4,598.8,386.4,FALSE,-1.081,-7.179,7.259,6.987,6.773,6.773,filtered-optical,-37.595,24.526,63,30.01
9.936,621,TRACKING,8.278,-4.778,7.116,3.679,8.721,2.66,-0.306,-7.729,7.736,135.01,182.51,0.973,-35,18.751,1,TRUE,TRUE,619.1,185,783.5,145.8,604.8,377.1,FALSE,-0.444,-7.439,7.452,7.736,7.007,7.007,filtered-optical,-37.247,22.203,63,32.17
9.952,622,TRACKING,8.354,-4.738,7.171,3.194,8.161,2.861,-0.025,-7.595,7.595,132.55,179.14,1,-35,12.546,1,TRUE,TRUE,625.7,185.6,790.3,145.9,611.1,367.9,FALSE,0.192,-7.599,7.602,7.595,7.149,7.149,filtered-optical,-36.899,17.525,63,123.68
9.968,623,TRACKING,8.429,-4.698,6.445,2.801,7.601,2.947,0.8,-7.48,7.523,131.3,177.45,1,-35,5.372,1,TRUE,TRUE,645.3,185.3,645.8,184.9,611.6,360.4,FALSE,0.828,-7.645,7.689,7.523,7.24,7.24,filtered-optical,-36.832,10.956,63,34.17
9.984,624,TRACKING,8.504,-4.657,5.705,2.553,7.041,2.899,1.671,-7.509,7.693,134.27,181.57,1,-35,-2.977,1,TRUE,TRUE,666.1,181.3,665.5,181.8,613,353,FALSE,1.463,-7.556,7.696,7.693,7.35,7.35,filtered-optical,-36.73,3.426,63,34.55
10,625,TRACKING,8.578,-4.615,5.487,2.397,6.481,2.702,2.034,-7.635,7.901,137.9,186.57,1,-35,-12.356,1,TRUE,TRUE,674.8,174.7,674.3,174.8,614.7,345.4,FALSE,2.097,-7.317,7.611,7.901,7.483,7.483,filtered-optical,-36.614,-5.278,63,25
