timestamp_s,frame_number,tracking_status,target_pan_deg,target_tilt_deg,estimated_pan_deg,estimated_tilt_deg,gimbal_pan_deg,gimbal_tilt_deg,pan_error_deg,tilt_error_deg,total_angular_error_deg,total_angular_error_mrad,pixel_error_px,rssi_signal_strength,pan_pid_output,tilt_pid_output,detection_confidence,beacon_visible,ground_truth_in_fov,ground_truth_x_px,ground_truth_y_px,detected_x_px,detected_y_px,predicted_x_px,predicted_y_px,link_locked,mechanical_pan_error_deg,mechanical_tilt_error_deg,mechanical_pointing_error_deg,instantaneous_optical_error_deg,filtered_optical_error_deg,lock_evaluation_error_deg,lock_evaluation_mode,feedforward_pan_rate_dps,feedforward_tilt_rate_dps,fps,processing_time_ms
0.016,1,ACQUIRING,11.998,0.116,12.535,0.192,0.56,0.049,11.275,0.303,11.279,196.85,273.71,0.961,35,3.07,1,TRUE,TRUE,927.8,368.6,927,368.9,927,368.9,FALSE,11.438,0.067,11.438,11.279,11.279,11.279,filtered-optical,0,0,63,1.46
0.032,2,TRACKING,11.996,0.174,12.574,0.262,1.12,0.116,10.996,0.133,10.997,191.93,266.7,0.966,35,4.171,1,TRUE,TRUE,920.9,364.9,920.8,365,921.1,365.2,FALSE,10.876,0.058,10.876,10.997,11.21,11.21,filtered-optical,34.998,3.069,63,6.2
0.048,3,TRACKING,11.993,0.232,12.852,0.43,1.68,0.182,10.418,-0.092,10.418,181.83,252.35,0.974,35,4.112,1,TRUE,TRUE,906.6,359.4,906,359.7,913.7,362.5,FALSE,10.313,0.051,10.313,10.418,11.018,11.018,filtered-optical,34.936,4.146,63,5.95
0.064,4,TRACKING,11.988,0.29,13.306,0.433,2.24,0.241,9.599,-0.083,9.6,167.54,232.13,0.982,35,3.712,1,TRUE,TRUE,886.4,359.2,886.8,359.3,904.7,361.4,FALSE,9.748,0.049,9.749,9.6,10.674,10.674,filtered-optical,34.722,4.059,63,8.79
0.08,5,TRACKING,11.983,0.348,13.451,0.135,2.8,0.309,9.135,0.362,9.142,159.56,220.86,0.988,35,4.271,1,TRUE,TRUE,874.9,369.7,874.5,369.6,896.9,363.5,FALSE,9.183,0.039,9.183,9.142,10.303,10.303,filtered-optical,34.368,3.763,63,7.17
0.096,6,TRACKING,11.977,0.406,13.469,0.643,3.36,0.382,8.778,-0.108,8.779,153.22,211.96,0.99,35,4.546,1,TRUE,TRUE,866,358.8,858.8,361.2,888.7,363,FALSE,8.617,0.024,8.617,8.779,9.934,9.934,filtered-optical,33.787,4.284,63,3.66
0.112,7,TRACKING,11.97,0.464,13.877,0.7,3.92,0.452,8.044,-0.147,8.045,140.42,193.99,0.989,35,4.365,1,TRUE,TRUE,847.8,357.8,848.2,358,880.8,362.1,FALSE,8.05,0.012,8.05,8.045,9.476,9.476,filtered-optical,33.038,4.457,63,2.17
0.128,8,TRACKING,11.962,0.522,14.221,0.502,4.48,0.521,7.32,0.117,7.321,127.77,176.32,0.985,35,4.342,1,TRUE,TRUE,829.9,364.2,830.3,363.3,871.6,362.3,FALSE,7.482,0.001,7.482,7.321,8.953,8.953,filtered-optical,31.955,4.306,63,6.15
0.144,9,TRACKING,11.954,0.58,14.187,0.534,5.04,0.596,6.979,0.168,6.981,121.84,168.05,0.982,35,4.663,1,TRUE,TRUE,821.5,365.7,821.8,366.1,862.6,362.9,FALSE,6.914,-0.016,6.914,6.981,8.475,8.475,filtered-optical,30.769,4.384,63,8.62
0.16,10,TRACKING,11.944,0.638,14.268,1,5.6,0.664,6.494,-0.296,6.5,113.45,156.37,0.981,35,4.225,1,TRUE,TRUE,809.5,354.9,809.3,354.3,852.9,361.6,FALSE,6.344,-0.026,6.344,6.5,7.996,7.996,filtered-optical,29.394,4.462,63,7.14
0.176,11,TRACKING,11.933,0.696,14.633,0.79,6.16,0.725,5.642,-0.032,5.643,98.48,135.6,0.985,35,3.841,1,TRUE,TRUE,788.8,361.1,789,361.3,841.3,361.5,FALSE,5.773,-0.029,5.773,5.643,7.426,7.426,filtered-optical,27.649,4.019,63,2.88
0.192,12,TRACKING,11.922,0.753,14.66,0.65,6.72,0.789,5.092,0.197,5.096,88.94,122.38,0.994,35,3.979,1,TRUE,TRUE,775.4,366.5,775.3,366.8,828.8,362.2,FALSE,5.202,-0.035,5.202,5.096,6.861,6.861,filtered-optical,25.789,3.806,63,3.72
0.208,13,TRACKING,11.909,0.811,14.416,1.006,7.28,0.85,4.822,-0.122,4.823,84.18,115.81,1,35,3.823,1,TRUE,TRUE,768.9,358.9,768.8,359.1,816.5,361.7,FALSE,4.629,-0.039,4.629,4.823,6.367,6.367,filtered-optical,24.091,3.844,63,6.57
0.224,14,TRACKING,11.896,0.869,14.576,1.13,7.84,0.897,4.088,-0.23,4.095,71.47,98.24,1,35,2.937,1,TRUE,TRUE,751.3,355.9,751.4,355.4,802.9,360.7,FALSE,4.056,-0.028,4.056,4.095,5.816,5.816,filtered-optical,22.239,3.485,63,54.11
0.24,15,TRACKING,11.881,0.926,14.712,0.826,8.347,0.942,3.306,0.157,3.309,57.76,79.35,1,31.683,2.791,1,TRUE,TRUE,731.3,364.7,730.9,365.5,787.6,361.3,FALSE,3.534,-0.015,3.534,3.309,5.208,5.208,filtered-optical,20.204,2.757,63,7.2
0.256,16,TRACKING,11.866,0.984,14.203,0.919,8.738,0.988,3.204,0.138,3.207,55.98,76.91,1,24.43,2.907,1,TRUE,TRUE,726.3,364.1,726.4,364.3,773.2,361.7,FALSE,3.128,-0.004,3.128,3.207,4.723,4.723,filtered-optical,15.232,2.71,63,4.44
0.272,17,TRACKING,11.85,1.041,13.724,1.324,8.963,1.023,3.099,-0.258,3.11,54.28,74.56,1,14.094,2.196,1,TRUE,TRUE,719.9,354.4,720,354.4,759.4,360.6,FALSE,2.886,0.018,2.887,3.11,4.332,4.332,filtered-optical,6.613,2.598,63,2.95
0.288,18,TRACKING,11.833,1.098,13.539,1.041,8.973,1.05,2.667,0.088,2.669,46.58,63.97,1,0.627,1.65,1,TRUE,TRUE,704.5,362.3,704.5,362,745,360.7,FALSE,2.859,0.049,2.86,2.669,3.929,3.929,filtered-optical,-5.086,1.933,63,6.7
0.304,19,TRACKING,11.815,1.156,12.721,0.953,8.74,1.08,2.944,0.268,2.956,51.59,70.86,1,-14.596,1.888,1,TRUE,TRUE,705.4,366.7,705.2,366.9,732.4,361.5,FALSE,3.075,0.076,3.076,2.956,3.693,3.693,filtered-optical,-19.436,1.573,63,13.66
0.32,20,TRACKING,11.796,1.213,11.478,1.229,8.269,1.113,3.802,0.048,3.803,66.37,91.22,1,-29.408,2.046,1,TRUE,TRUE,720.3,361.7,720.2,361.4,723.6,361.5,FALSE,3.526,0.1,3.528,3.803,3.72,3.72,filtered-optical,-34.764,1.807,63,10.07
0.336,21,TRACKING,11.776,1.27,10.906,1.428,7.709,1.137,4.061,-0.125,4.062,70.9,97.48,1,-35,1.544,1,TRUE,TRUE,724.3,357.7,723.5,356.9,716.5,360.8,FALSE,4.067,0.133,4.069,4.062,3.803,3.803,filtered-optical,-49.365,1.84,63,3.39
0.352,22,TRACKING,11.755,1.327,10.414,0.996,7.149,1.173,4.316,0.428,4.337,75.69,104.06,0.974,-35,2.209,1,TRUE,TRUE,730.3,371.1,729.1,371.6,711.3,362.3,FALSE,4.606,0.154,4.608,4.337,3.932,3.932,filtered-optical,-54.447,1.625,63,3.56
0.368,23,TRACKING,11.733,1.384,9.368,1.326,6.589,1.222,5.306,0.18,5.309,92.66,127.54,0.952,-35,3.058,1,TRUE,TRUE,754,365.8,753.8,366.2,710.5,362.9,FALSE,5.144,0.162,5.147,5.309,4.266,4.266,filtered-optical,-53.26,2.387,63,10.41
0.384,24,TRACKING,11.711,1.44,8.821,1.562,6.029,1.28,5.898,-0.005,5.898,102.95,141.79,0.937,-35,3.676,1,TRUE,TRUE,768.2,361.7,768.2,361.5,712.1,362.7,FALSE,5.681,0.16,5.684,5.898,4.662,4.662,filtered-optical,-51.794,3.201,63,9.9
0.4,25,TRACKING,11.687,1.497,8.84,1.532,5.469,1.348,5.932,0.085,5.933,103.55,142.62,0.932,-35,4.24,1,TRUE,TRUE,768.8,363.9,768.7,363.1,714,362.8,FALSE,6.218,0.149,6.22,5.933,4.97,4.97,filtered-optical,-50.43,3.825,63,12.57
0.416,26,TRACKING,11.663,1.553,8.25,1.293,4.914,1.436,6.679,0.441,6.694,116.82,161.05,0.938,-34.688,5.463,1,TRUE,TRUE,786.9,372.6,786.9,373,718.3,364.2,FALSE,6.749,0.118,6.75,6.694,5.388,5.388,filtered-optical,-48.803,4.61,63,3.56
0.432,27,TRACKING,11.638,1.61,7.665,1.916,4.436,1.535,7.533,-0.146,7.535,131.51,181.54,0.952,-29.914,6.214,1,TRUE,TRUE,809.4,358.9,809,359.5,725.4,363.7,FALSE,7.202,0.075,7.202,7.535,5.908,5.908,filtered-optical,-46.603,5.732,63,4.64
0.448,28,TRACKING,11.611,1.666,8.033,1.876,4.088,1.642,7.415,-0.063,7.416,129.43,178.63,0.97,-21.745,6.699,1,TRUE,TRUE,809.7,360.8,809.5,360.7,732.1,363.4,FALSE,7.524,0.024,7.524,7.416,6.274,6.274,filtered-optical,-40.163,6.42,63,7.59
0.464,29,TRACKING,11.584,1.722,8.312,1.787,3.916,1.759,7.391,0.094,7.391,129,178.04,0.991,-10.74,7.273,1,TRUE,TRUE,813.5,364.5,814.1,365.1,738.8,363.7,FALSE,7.668,-0.036,7.668,7.391,6.545,6.545,filtered-optical,-30.451,6.935,63,95.19
0.48,30,TRACKING,11.556,1.778,8.174,1.887,3.97,1.883,7.845,0.05,7.846,136.93,189.12,1,3.361,7.77,1,TRUE,TRUE,830.2,363.7,830.3,363,747.1,363.7,FALSE,7.587,-0.105,7.587,7.846,6.86,6.86,filtered-optical,-17.821,7.495,63,11.45
0.496,31,TRACKING,11.527,1.834,8.897,2.422,4.28,2.002,7.386,-0.496,7.402,129.19,178.29,1,19.419,7.422,1,TRUE,TRUE,825.4,350.8,825.5,350.4,754.2,362.2,FALSE,7.247,-0.168,7.249,7.402,6.991,6.991,filtered-optical,-2.39,7.757,63,4.57
0.512,32,TRACKING,11.498,1.89,10.081,2.046,4.84,2.11,6.325,-0.099,6.326,110.41,152.16,1,35,6.759,1,TRUE,TRUE,805.8,360,802.4,355.2,757.9,361.3,FALSE,6.657,-0.22,6.661,6.326,6.83,6.83,filtered-optical,14.46,7.293,63,3.91
0.528,33,TRACKING,11.467,1.945,10.403,2.096,5.4,2.208,6.107,-0.103,6.107,106.59,146.86,1,35,6.148,1,TRUE,TRUE,800.7,359.9,800.5,359.9,761.1,361.1,FALSE,6.067,-0.263,6.072,6.107,6.655,6.655,filtered-optical,30.711,6.609,63,8.97
0.544,34,TRACKING,11.435,2.001,10.785,2.389,5.96,2.291,5.779,-0.383,5.792,101.09,139.2,1,35,5.185,1,TRUE,TRUE,792.8,353.2,792.7,353,763.2,360.1,FALSE,5.475,-0.29,5.483,5.792,6.446,6.446,filtered-optical,31.189,5.876,63,9.79
0.56,35,TRACKING,11.403,2.056,11.808,2.515,6.52,2.352,4.683,-0.505,4.71,82.2,113.04,1,35,3.814,1,TRUE,TRUE,766.4,350,766.6,350.2,762.2,358.9,FALSE,4.882,-0.296,4.891,4.71,6.025,6.025,filtered-optical,31.257,4.768,63,9.39
0.576,36,TRACKING,11.37,2.111,12.257,2.077,7.08,2.396,4.099,-0.011,4.099,71.54,98.36,1,35,2.716,1,TRUE,TRUE,752.3,361.2,752.3,360.5,759.7,358.9,FALSE,4.289,-0.284,4.299,4.099,5.558,5.558,filtered-optical,31.147,3.421,63,4.67
0.592,37,TRACKING,11.335,2.166,12.228,2.339,7.64,2.42,3.986,-0.243,3.993,69.7,95.81,1,35,1.519,1,TRUE,TRUE,749.5,355.2,748.8,354.7,757.1,358.3,FALSE,3.695,-0.254,3.704,3.993,5.179,5.179,filtered-optical,31.029,2.268,63,4.36
0.608,38,TRACKING,11.3,2.221,12.86,2.531,8.2,2.421,3.131,-0.422,3.16,55.15,75.74,1,35,0.049,1,TRUE,TRUE,728.8,350.3,728.5,350.6,752.6,357.4,FALSE,3.1,-0.2,3.106,3.16,4.689,4.689,filtered-optical,30.7,0.973,63,8.81
0.624,39,TRACKING,11.264,2.276,13.477,2.231,8.76,2.401,2.211,-0.072,2.213,38.62,53.02,1,35,-1.227,1,TRUE,TRUE,706.5,357.8,706.3,358.1,746.2,357.3,FALSE,2.504,-0.126,2.507,2.213,4.089,4.089,filtered-optical,30.18,-0.485,63,9.57
0.64,40,TRACKING,11.227,2.33,13.365,2.043,9.32,2.367,2.025,0.187,2.033,35.49,48.72,1,35,-2.125,1,TRUE,TRUE,701.8,363.3,702.2,362.8,739.9,357.6,FALSE,1.907,-0.037,1.907,2.033,3.591,3.591,filtered-optical,29.708,-1.693,63,11.13
0.656,41,TRACKING,11.19,2.384,13.526,2.361,9.88,2.316,1.525,-0.102,1.528,26.67,36.61,1,35,-3.187,1,TRUE,TRUE,689.7,356,687.4,353.4,732.6,357,FALSE,1.309,0.068,1.311,1.528,3.091,3.091,filtered-optical,29.165,-2.638,63,5.88
0.672,42,TRACKING,11.151,2.438,14.146,2.271,10.44,2.25,0.496,0.041,0.497,8.68,11.91,1,35,-4.106,1,TRUE,TRUE,664.9,359,664.6,358.7,723.7,357,FALSE,0.711,0.188,0.735,0.497,2.462,2.462,filtered-optical,28.483,-3.679,63,3.73
0.688,43,TRACKING,11.112,2.492,14.181,1.845,10.979,2.181,0.037,0.571,0.572,9.98,13.41,1,33.691,-4.361,1,TRUE,TRUE,653.4,371.4,653.8,370.8,714.5,358.2,FALSE,0.132,0.312,0.338,0.572,2.004,2.004,filtered-optical,27.81,-4.45,63,96.91
0.704,44,TRACKING,11.071,2.546,13.948,2.082,11.462,2.113,-0.148,0.423,0.449,7.83,10.54,1,30.148,-4.234,1,TRUE,TRUE,647.6,368.2,647.7,368.3,705.4,359.1,FALSE,-0.39,0.433,0.583,0.449,1.627,1.627,filtered-optical,25.886,-4.599,63,8.32
0.72,45,TRACKING,11.03,2.599,14.183,2.246,11.849,2.053,-0.843,0.34,0.91,15.87,21.72,0.994,24.192,-3.754,1,TRUE,TRUE,628.8,366.7,629.3,366.8,695.4,359.7,FALSE,-0.819,0.547,0.984,0.91,1.453,1.453,filtered-optical,21.664,-4.395,63,14.48
0.736,46,TRACKING,10.988,2.653,14.182,1.955,12.103,1.999,-1.324,0.699,1.497,26.13,35.71,0.973,15.91,-3.38,1,TRUE,TRUE,614.2,375.4,615.4,363.9,684.8,360,FALSE,-1.115,0.654,1.293,1.497,1.464,1.464,filtered-optical,15.021,-3.874,63,4.21
0.752,47,TRACKING,10.945,2.706,13.549,1.794,12.199,1.964,-1.14,1.002,1.518,26.49,36.03,0.953,5.96,-2.159,1,TRUE,TRUE,615,383.1,615.6,383.4,675.1,362.1,FALSE,-1.253,0.741,1.456,1.518,1.477,1.477,filtered-optical,6.172,-3.284,63,3.65
0.768,48,TRACKING,10.902,2.759,13.054,2.343,12.114,1.953,-1.072,0.55,1.205,21.03,28.74,0.938,-5.269,-0.706,1,TRUE,TRUE,612.4,373.1,613,373.6,665.9,363.2,FALSE,-1.213,0.806,1.456,1.205,1.411,1.411,filtered-optical,-4.265,-1.96,63,11.19
0.784,49,TRACKING,10.857,2.811,12.694,2.209,11.832,1.971,-1.135,0.799,1.388,24.22,33.02,0.931,-17.638,1.128,1,TRUE,TRUE,606.3,379.5,606.4,378.9,656.8,364.6,FALSE,-0.975,0.84,1.287,1.388,1.405,1.405,filtered-optical,-15.944,-0.373,63,12.18
0.8,50,TRACKING,10.812,2.864,11.793,2.136,11.345,2.027,-0.599,1.004,1.169,20.41,27.58,0.935,-30.464,3.475,1,TRUE,TRUE,614.3,385,614.5,384.8,649.2,366.5,FALSE,-0.533,0.837,0.993,1.169,1.348,1.348,filtered-optical,-28.612,1.63,63,16.44
0.816,51,TRACKING,10.765,2.916,10.755,2.39,10.785,2.124,0.151,0.87,0.883,15.41,20.72,0.948,-35,6.12,1,TRUE,TRUE,630.6,382.6,629.5,382.9,643.4,368.1,FALSE,-0.019,0.791,0.792,0.883,1.235,1.235,filtered-optical,-41.553,4.109,63,4.73
0.832,52,TRACKING,10.718,2.968,10.172,2.959,10.225,2.262,0.494,0.379,0.623,10.87,14.8,0.97,-35,8.598,1,TRUE,TRUE,638.8,371.8,637.9,372.8,638.7,368.7,FALSE,0.493,0.706,0.861,0.623,1.087,1.087,filtered-optical,-46.097,6.79,63,3.64
0.848,53,TRACKING,10.67,3.02,9.629,2.669,9.665,2.443,0.844,0.78,1.149,20.06,27.27,0.996,-35,11.304,1,TRUE,TRUE,647.1,382.1,647.1,382.5,635.3,370.1,FALSE,1.006,0.577,1.159,1.149,1.102,1.102,filtered-optical,-46.003,9.371,63,106.47
0.864,54,TRACKING,10.622,3.071,8.78,3.03,9.105,2.666,1.571,0.504,1.65,28.8,39.46,1,-35,13.951,1,TRUE,TRUE,664.4,376.7,664.4,376.6,633.5,370.9,FALSE,1.517,0.405,1.57,1.65,1.235,1.235,filtered-optical,-45.768,12.123,63,9.73
0.88,55,TRACKING,10.572,3.122,8.115,3.509,8.545,2.926,2.17,0.078,2.171,37.89,52.03,1,-35,16.224,1,TRUE,TRUE,678.6,367.6,678.8,367.7,633.1,370.9,FALSE,2.027,0.197,2.037,2.171,1.462,1.462,filtered-optical,-45.428,14.745,63,11.63
0.896,56,TRACKING,10.522,3.173,7.813,3.837,7.985,3.214,2.432,-0.216,2.442,42.62,58.52,1,-35,18.017,1,TRUE,TRUE,684.7,361.6,685.9,362.3,633.4,370.5,FALSE,2.537,-0.04,2.537,2.442,1.699,1.699,filtered-optical,-45.048,16.955,63,5.92
0.912,57,TRACKING,10.471,3.224,7.325,3.626,7.425,3.525,2.934,0.031,2.934,51.21,70.35,1,-35,19.444,1,TRUE,TRUE,696.6,368.1,701.6,362.5,634.9,370.1,FALSE,3.046,-0.301,3.061,2.934,1.999,1.999,filtered-optical,-44.579,18.69,63,3.35
0.928,58,TRACKING,10.419,3.275,6.605,4.338,6.865,3.849,3.708,-0.681,3.77,65.8,90.36,1,-35,20.22,1,TRUE,TRUE,715.1,351.9,714.4,351.8,637.5,369,FALSE,3.554,-0.574,3.6,3.77,2.428,2.428,filtered-optical,-44.051,19.992,63,8.89
0.944,59,TRACKING,10.366,3.325,6.276,4.641,6.305,4.172,4.121,-1.007,4.242,74.05,101.67,1,-35,20.238,1,TRUE,TRUE,725,344.4,725.6,344.2,640.8,367.3,FALSE,4.061,-0.847,4.148,4.242,2.868,2.868,filtered-optical,-43.482,20.603,63,7.66
0.96,60,TRACKING,10.312,3.375,6.12,4.656,5.745,4.487,4.373,-1.042,4.495,78.46,107.76,1,-35,19.656,1,TRUE,TRUE,731.1,343.3,730.5,343.6,644.3,365.6,FALSE,4.567,-1.112,4.701,4.495,3.262,3.262,filtered-optical,-42.919,20.467,63,9.95
0.976,61,TRACKING,10.258,3.425,5.545,4.714,5.185,4.783,5.092,-1.126,5.215,91.02,125.11,1,-35,18.518,1,TRUE,TRUE,748.5,340.8,748.4,340.7,649.1,363.8,FALSE,5.073,-1.358,5.252,5.215,3.736,3.736,filtered-optical,-42.285,19.728,63,2.94
0.992,62,TRACKING,10.203,3.474,5.07,5.356,4.652,5.045,5.757,-1.845,6.045,105.51,144.98,0.998,-33.272,16.387,1,TRUE,TRUE,765.4,323,766.3,323.2,655,360.9,FALSE,5.55,-1.571,5.768,6.045,4.296,4.296,filtered-optical,-41.589,18.339,63,3.92
1.008,63,TRACKING,10.147,3.524,5.163,5.196,4.177,5.261,5.85,-1.756,6.108,106.6,146.53,0.989,-29.694,13.498,1,TRUE,TRUE,769.2,323.8,768.9,323,660.7,358,FALSE,5.969,-1.738,6.217,6.108,4.735,4.735,filtered-optical,-39.201,15.98,63,7.5
1.024,64,TRACKING,10.09,3.573,5.081,5.022,3.788,5.423,6.133,-1.639,6.348,110.79,152.39,0.985,-24.354,10.106,1,TRUE,TRUE,778.2,325.1,777.9,325.5,666.9,355.6,FALSE,6.302,-1.85,6.568,6.348,5.126,5.126,filtered-optical,-34.959,12.899,63,7.7
1.04,65,TRACKING,10.032,3.621,4.725,5.229,3.515,5.52,6.733,-1.922,7.002,122.21,168.19,0.986,-17.04,6.08,1,TRUE,TRUE,795.7,316.8,796.5,317.3,674.2,352.6,FALSE,6.517,-1.899,6.788,7.002,5.581,5.581,filtered-optical,-28.904,9.287,63,9.42
1.056,66,TRACKING,9.974,3.67,5.026,5.336,3.385,5.543,6.664,-2.117,6.992,122.04,167.87,0.989,-8.134,1.391,1,TRUE,TRUE,797.6,310.4,797.6,311.4,681.1,349.4,FALSE,6.589,-1.873,6.85,6.992,5.923,5.923,filtered-optical,-20.924,5.029,63,3.55
1.072,67,TRACKING,9.915,3.718,5.655,4.77,3.414,5.487,6.228,-1.601,6.431,112.24,154.42,0.992,1.789,-3.476,1,TRUE,TRUE,790.9,320.9,789.2,322,687.2,347.1,FALSE,6.501,-1.769,6.738,6.431,6.046,6.046,filtered-optical,-11.447,0.19,63,2.67
1.088,68,TRACKING,9.855,3.766,5.787,4.561,3.618,5.352,6.3,-1.435,6.461,112.77,155.21,0.993,12.767,-8.46,1,TRUE,TRUE,796.8,323.1,797.2,322.5,693.5,345,FALSE,6.237,-1.586,6.436,6.461,6.147,6.147,filtered-optical,-0.955,-4.808,63,8.01
1.104,69,TRACKING,9.794,3.813,6.227,4.637,4.01,5.133,6.044,-1.561,6.242,108.94,149.85,0.989,24.506,-13.642,1,TRUE,TRUE,795.1,318.4,794.6,318.6,699.3,342.7,FALSE,5.784,-1.32,5.933,6.242,6.17,6.17,filtered-optical,10.533,-9.931,63,7.68
1.12,70,TRACKING,9.733,3.861,7.423,4.059,4.57,4.835,4.958,-0.995,5.057,88.26,121.33,0.982,35,-18.642,1,TRUE,TRUE,772.7,330,773.3,329.6,703.5,341.3,FALSE,5.163,-0.974,5.254,5.057,5.9,5.9,filtered-optical,22.638,-15.178,63,18.53
1.136,71,TRACKING,9.671,3.908,8.068,3.432,5.13,4.465,4.377,-0.339,4.39,76.62,105.35,0.972,35,-23.099,1,TRUE,TRUE,758.5,343.8,759.2,343.3,706.5,340.9,FALSE,4.541,-0.558,4.575,4.39,5.534,5.534,filtered-optical,33.403,-20.165,63,68.36
1.152,72,TRACKING,9.608,3.954,8.265,3.28,5.69,4.065,4.221,-0.148,4.224,73.72,101.36,0.963,35,-25,1,TRUE,TRUE,754.6,347.5,753.5,346.4,709,340.7,FALSE,3.918,-0.111,3.92,4.224,5.216,5.216,filtered-optical,33.627,-24.592,63,12.28
1.168,73,TRACKING,9.544,4.001,9.164,3.114,6.25,3.665,3.301,0.074,3.302,57.63,79.19,0.957,35,-25,1,TRUE,TRUE,732.3,352.6,732.8,352.5,710,340.9,FALSE,3.294,0.335,3.311,3.302,4.752,4.752,filtered-optical,33.739,-26.432,63,8.08
1.184,74,TRACKING,9.48,4.047,10.028,2.29,6.81,3.265,2.352,1.015,2.562,44.72,61.2,0.958,35,-25,1,TRUE,TRUE,709.4,374.5,709.8,374.7,709.5,342.6,FALSE,2.67,0.781,2.782,2.562,4.221,4.221,filtered-optical,33.741,-26.267,63,11.5
1.2,75,TRACKING,9.415,4.092,10.075,2.146,7.37,2.865,2.21,1.292,2.56,44.67,61.01,0.966,35,-25,1,TRUE,TRUE,706,380.8,705.6,381.3,708.8,344.7,FALSE,2.045,1.227,2.385,2.56,3.818,3.818,filtered-optical,33.725,-26.082,63,9.66
1.216,76,TRACKING,9.349,4.138,10.503,2.071,7.93,2.465,1.654,1.504,2.236,39.02,53.06,0.981,35,-25,1,TRUE,TRUE,692.7,385.6,693.4,384.6,707.3,346.8,FALSE,1.419,1.672,2.193,2.236,3.435,3.435,filtered-optical,33.661,-25.895,63,4.36
1.232,77,TRACKING,9.282,4.183,11.462,1.716,8.49,2.068,0.498,2.023,2.083,36.36,48.93,1,35,-24.859,1,TRUE,TRUE,665.1,397.7,665.6,396,704.2,349.6,FALSE,0.792,2.115,2.259,2.083,3.107,3.107,filtered-optical,33.486,-25.671,63,3.03
1.248,78,TRACKING,9.215,4.228,11.655,1.094,9.05,1.694,0.087,2.86,2.861,49.94,67.15,1,35,-23.339,1,TRUE,TRUE,655.4,417.9,655.4,417.5,700.6,353.6,FALSE,0.165,2.533,2.539,2.861,3.048,3.048,filtered-optical,33.285,-25.227,63,7.26
1.264,79,TRACKING,9.147,4.272,11.642,1.431,9.61,1.362,-0.126,2.726,2.729,47.63,64.05,1,35,-20.787,1,TRUE,TRUE,650.5,415.9,650,415.9,696.8,357.3,FALSE,-0.463,2.91,2.947,2.729,2.97,2.97,filtered-optical,33.082,-23.435,63,11.88
1.28,80,TRACKING,9.078,4.316,12.427,1.263,10.17,1.087,-1.194,3.116,3.337,58.25,78.54,1,35,-17.16,1,TRUE,TRUE,625,426.6,624.9,426.1,691.6,361.5,FALSE,-1.092,3.229,3.408,3.337,3.059,3.059,filtered-optical,32.797,-20.589,63,10.71
1.296,81,TRACKING,9.009,4.36,12.908,1.051,10.73,0.89,-1.999,3.577,4.098,71.52,96.69,1,35,-12.343,1,TRUE,TRUE,605.9,439.5,605,439.6,685.5,366.3,FALSE,-1.721,3.47,3.874,4.098,3.311,3.311,filtered-optical,32.46,-16.635,63,2.99
1.312,82,TRACKING,8.939,4.403,12.69,1.078,11.29,0.787,-2.102,3.81,4.352,75.95,102.69,1,35,-6.4,1,TRUE,TRUE,603.5,447.4,601.9,447.5,679.5,371.4,FALSE,-2.351,3.616,4.313,4.352,3.563,3.563,filtered-optical,32.141,-11.485,63,3.01
1.328,83,TRACKING,8.868,4.446,13.055,1.791,11.826,0.791,-2.818,3.325,4.358,76.07,103.23,1,33.516,0.204,1,TRUE,TRUE,585.7,438.5,585.4,438.8,672.8,375.7,FALSE,-2.958,3.656,4.703,4.358,3.756,3.756,filtered-optical,31.79,-5.271,63,7.59
1.344,84,TRACKING,8.797,4.489,13.661,1.691,12.307,0.912,-3.825,3.67,5.301,92.52,125.88,1,30.034,7.585,1,TRUE,TRUE,560.1,449.4,560,449.2,664.9,380.4,FALSE,-3.51,3.577,5.012,5.301,4.131,4.131,filtered-optical,29.892,1.622,63,8.23
1.36,85,TRACKING,8.724,4.532,13.387,2.065,12.704,1.161,-3.951,3.531,5.299,92.48,125.93,1,24.841,15.566,1,TRUE,TRUE,555,449,554.4,448.9,657,385,FALSE,-3.98,3.371,5.215,5.299,4.414,4.414,filtered-optical,26.013,9.267,63,10.3
1.376,86,TRACKING,8.652,4.574,13.095,2.814,12.995,1.542,-4.057,2.985,5.037,87.92,119.95,0.983,18.172,23.792,1,TRUE,TRUE,549.7,439.1,549.3,439.8,649.2,388.8,FALSE,-4.343,3.032,5.297,5.037,4.565,4.565,filtered-optical,20.44,17.455,63,2.9
1.392,87,TRACKING,8.578,4.615,13.354,3.542,13.153,1.942,-4.748,2.421,5.33,93.02,127.36,0.963,9.868,25,1,TRUE,TRUE,529.7,426,529.5,426.3,640.7,391.6,FALSE,-4.575,2.674,5.299,5.33,4.75,4.75,filtered-optical,13.357,25.819,63,3.09
1.408,88,TRACKING,8.504,4.657,13.007,3.541,13.155,2.342,-4.833,2.588,5.483,95.69,130.98,0.95,0.129,25,1,TRUE,TRUE,523.7,429.8,523.1,430.3,632.1,394.5,FALSE,-4.651,2.315,5.195,5.483,4.928,4.928,filtered-optical,4.653,27.167,63,8.53
1.424,89,TRACKING,8.429,4.698,12.086,4.271,12.987,2.742,-4.304,1.983,4.739,82.72,113.29,0.947,-10.51,25,1,TRUE,TRUE,532.3,415.5,533,415.6,624.5,396.5,FALSE,-4.558,1.956,4.96,4.739,4.882,4.882,filtered-optical,-5.415,27.24,63,71.39
1.44,90,TRACKING,8.354,4.738,11.63,4.944,12.636,3.142,-4.237,1.397,4.461,77.86,106.82,0.951,-21.953,25,1,TRUE,TRUE,529.4,401.8,529.2,401.4,617,397.6,FALSE,-4.282,1.597,4.57,4.461,4.78,4.78,filtered-optical,-16.366,27.255,63,8.78
1.456,91,TRACKING,8.277,4.778,11.091,5.186,12.091,3.542,-4.07,1.231,4.252,74.21,101.83,0.961,-34.015,25,1,TRUE,TRUE,528.8,398,529.8,397.8,609.9,398.4,FALSE,-3.814,1.237,4.009,4.252,4.652,4.652,filtered-optical,-28.088,27.252,63,5.27
1.472,92,TRACKING,8.201,4.818,9.956,5.342,11.531,3.942,-3.251,1.14,3.445,60.13,82.42,0.974,-35,25,1,TRUE,TRUE,548.2,396.1,549.1,394.6,604.2,399,FALSE,-3.331,0.877,3.444,3.445,4.359,4.359,filtered-optical,-40.339,27.236,63,3.96
1.488,93,TRACKING,8.123,4.858,9.081,6.155,10.971,4.342,-2.651,0.351,2.674,46.67,64.08,0.987,-35,25,1,TRUE,TRUE,562.8,377.8,562.3,377.4,599.4,398.7,FALSE,-2.848,0.516,2.894,2.674,3.951,3.951,filtered-optical,-41.45,27.159,63,9.21
1.504,94,TRACKING,8.045,4.897,8.7,6.509,10.411,4.742,-2.527,0.002,2.527,44.1,60.57,0.997,-35,25,1,TRUE,TRUE,565.9,369.8,566.2,369.5,595.1,397.9,FALSE,-2.366,0.155,2.371,2.527,3.606,3.606,filtered-optical,-41.546,27.058,63,10.85
1.52,95,TRACKING,7.967,4.936,7.944,6.502,9.851,5.142,-1.993,0.015,1.993,34.78,47.76,1,-35,25,1,TRUE,TRUE,578.9,370.1,578.5,369.7,591.7,397.1,FALSE,-1.885,-0.206,1.896,1.993,3.215,3.215,filtered-optical,-41.59,26.962,63,20.14
1.536,96,TRACKING,7.887,4.974,6.992,7.012,9.291,5.542,-1.213,-0.517,1.319,23.02,31.49,1,-35,25,1,TRUE,TRUE,597.8,357.6,597.6,357.3,589.5,395.7,FALSE,-1.404,-0.568,1.514,1.319,2.755,2.755,filtered-optical,-41.563,26.829,63,3.63
1.552,97,TRACKING,7.807,5.012,6.534,7.601,8.731,5.942,-0.904,-1.161,1.471,25.67,34.78,1,-35,25,1,TRUE,TRUE,605.3,342.4,606.5,341.9,587.8,393.5,FALSE,-0.924,-0.93,1.311,1.471,2.444,2.444,filtered-optical,-41.503,26.652,63,3.69
1.568,98,TRACKING,7.727,5.05,6.125,7.643,8.171,6.342,-0.625,-1.262,1.408,24.58,33.17,0.998,-35,25,1,TRUE,TRUE,612,339.8,613,339.1,586.6,391.2,FALSE,-0.444,-1.292,1.366,1.408,2.193,2.193,filtered-optical,-41.42,26.476,63,8.13
1.584,99,TRACKING,7.646,5.087,5.324,7.714,7.611,6.742,0.084,-1.394,1.397,24.38,32.77,0.997,-35,25,1,TRUE,TRUE,629,336.5,629.6,336.4,586.4,388.9,FALSE,0.035,-1.655,1.655,1.397,2,2,filtered-optical,-41.284,26.3,63,7.2
1.6,100,TRACKING,7.564,5.124,4.683,8.446,7.051,7.142,0.663,-2.229,2.325,40.58,54.64,1,-35,25,1,TRUE,TRUE,642.8,316.8,642.3,317.2,586.8,385.7,FALSE,0.513,-2.018,2.082,2.325,2.079,2.079,filtered-optical,-41.112,26.073,63,9.83
1.616,101,TRACKING,7.482,5.16,4.403,8.578,6.491,7.542,0.892,-2.471,2.627,45.86,61.8,1,-35,25,1,TRUE,TRUE,648.1,311,647.7,310.9,587.6,382.2,FALSE,0.991,-2.382,2.579,2.627,2.212,2.212,filtered-optical,-40.927,25.838,63,3.51
1.632,102,TRACKING,7.399,5.196,3.914,8.569,5.931,7.942,1.356,-2.576,2.911,50.8,68.62,1,-35,25,1,TRUE,TRUE,659.1,308.6,659.4,307.9,589,378.7,FALSE,1.468,-2.745,3.113,2.911,2.381,2.381,filtered-optical,-40.712,25.608,63,4.31
1.648,103,TRACKING,7.316,5.232,3.201,8.858,5.371,8.331,2.08,-2.995,3.646,63.64,86.17,1,-35,24.321,1,TRUE,TRUE,676.3,298.6,677,298.1,591.2,374.8,FALSE,1.944,-3.099,3.658,3.646,2.688,2.688,filtered-optical,-40.452,25.361,63,8.72
1.664,104,TRACKING,7.232,5.267,2.821,9.446,4.811,8.689,2.488,-3.746,4.497,78.48,106.27,1,-35,22.399,1,TRUE,TRUE,685.9,280.4,686.2,280.3,593.9,370.1,FALSE,2.42,-3.422,4.192,4.497,3.126,3.126,filtered-optical,-40.176,24.394,63,11.6
1.68,105,TRACKING,7.147,5.302,2.614,9.091,4.251,9.002,2.73,-3.538,4.469,78,105.75,1,-35,19.562,1,TRUE,TRUE,691.6,284.5,691,285.1,596.8,365.9,FALSE,2.896,-3.7,4.699,4.469,3.452,3.452,filtered-optical,-39.895,22.216,63,70.17
1.696,106,TRACKING,7.062,5.336,2.049,9.191,3.691,9.255,3.361,-3.793,5.067,88.44,120.12,1,-35,15.823,1,TRUE,TRUE,706.7,277.2,706.8,278.4,600.4,361.4,FALSE,3.371,-3.919,5.169,5.067,3.844,3.844,filtered-optical,-39.581,19.118,63,4.4
1.712,107,TRACKING,6.976,5.37,1.475,9.385,3.131,9.433,4.029,-4.159,5.791,101.06,137.44,1,-35,11.115,1,TRUE,TRUE,722.8,266.9,722.9,267.8,604.7,356.6,FALSE,3.845,-4.063,5.594,5.791,4.316,4.316,filtered-optical,-39.235,15.101,63,3.27
1.728,108,TRACKING,6.89,5.404,1.351,9.375,2.571,9.521,4.253,-4.328,6.068,105.91,144.07,1,-35,5.481,1,TRUE,TRUE,728.3,260.8,728.2,261.4,609.2,351.6,FALSE,4.319,-4.117,5.967,6.068,4.74,4.74,filtered-optical,-38.889,10.113,63,6.56
1.744,109,TRACKING,6.803,5.437,1.1,8.642,2.011,9.51,4.618,-3.745,5.946,103.77,141.5,1,-35,-0.699,1,TRUE,TRUE,737.2,272,737,272,614,347.3,FALSE,4.792,-4.073,6.289,5.946,5.033,5.033,filtered-optical,-38.534,4.247,63,9.29
1.76,110,TRACKING,6.716,5.469,0.46,8.731,1.462,9.389,5.406,-3.996,6.723,117.34,160.26,0.976,-34.311,-7.515,1,TRUE,TRUE,756.6,263.3,757.2,263.4,619.6,342.8,FALSE,5.254,-3.92,6.555,6.723,5.442,5.442,filtered-optical,-38.14,-2.175,63,11.79
1.776,111,TRACKING,6.628,5.502,0.227,8.395,0.949,9.152,5.8,-3.811,6.94,121.13,165.67,0.952,-32.09,-14.816,1,TRUE,TRUE,767.2,264.7,766.4,265.6,625.6,338.5,FALSE,5.68,-3.651,6.752,6.94,5.805,5.805,filtered-optical,-37.051,-9.213,63,5.24
1.792,112,TRACKING,6.54,5.534,0.361,7.695,0.492,8.795,5.821,-3.237,6.66,116.25,159.22,0.936,-28.563,-22.32,1,TRUE,TRUE,769.2,275.3,767.6,275.7,631.4,334.8,FALSE,6.048,-3.262,6.872,6.66,6.013,6.013,filtered-optical,-34.446,-16.691,63,2.68
1.808,113,TRACKING,6.451,5.565,0.043,6.927,0.114,8.395,6.319,-2.558,6.817,118.98,163.4,0.929,-23.624,-25,1,TRUE,TRUE,783.2,290.1,783.3,290,637.9,331.9,FALSE,6.337,-2.83,6.941,6.817,6.208,6.208,filtered-optical,-30.511,-24.321,63,16.64
1.824,114,TRACKING,6.362,5.596,-0.219,6.946,-0.162,7.995,6.782,-2.669,7.288,127.2,174.81,0.932,-17.23,-25,1,TRUE,TRUE,796.9,287.6,797.6,287.5,644.8,329.1,FALSE,6.524,-2.399,6.951,7.288,6.47,6.47,filtered-optical,-25.147,-27.124,63,9.7
1.84,115,TRACKING,6.272,5.627,0.267,6.227,-0.317,7.595,6.477,-2.004,6.78,118.33,162.75,0.945,-9.726,-25,1,TRUE,TRUE,792.4,303.4,792.4,303.5,651.3,327.1,FALSE,6.59,-1.969,6.877,6.78,6.545,6.545,filtered-optical,-18.363,-27.193,63,10.8
1.856,116,TRACKING,6.182,5.657,0.614,5.551,-0.338,7.195,6.301,-1.35,6.445,112.48,154.83,0.966,-1.294,-25,1,TRUE,TRUE,791.3,318.9,791.9,318.3,657.6,325.8,FALSE,6.52,-1.538,6.699,6.445,6.52,6.52,filtered-optical,-10.492,-27.215,63,3.08
1.872,117,TRACKING,6.091,5.687,0.562,5.268,-0.208,6.795,6.536,-1.074,6.624,115.61,159.26,0.989,8.119,-25,1,TRUE,TRUE,800.5,325.6,801.9,325.1,664.1,325,FALSE,6.299,-1.109,6.396,6.624,6.546,6.546,filtered-optical,-1.685,-27.215,63,8.19
1.888,118,TRACKING,6,5.716,1.23,5.155,0.082,6.395,6.024,-0.96,6.1,106.46,146.57,1,18.164,-25,1,TRUE,TRUE,791.8,328.5,791.8,328.3,670,324.3,FALSE,5.918,-0.679,5.956,6.1,6.437,6.437,filtered-optical,8.057,-27.204,63,10.34
1.904,119,TRACKING,5.908,5.745,2.3,4.33,0.537,5.995,5.064,-0.09,5.065,88.4,121.64,1,28.401,-25,1,TRUE,TRUE,772.4,348.9,773,349.5,674.9,324.7,FALSE,5.372,-0.251,5.377,5.065,6.105,6.105,filtered-optical,18.364,-27.133,63,12.76
1.92,120,TRACKING,5.816,5.773,2.684,3.971,1.097,5.595,4.773,0.333,4.785,83.52,114.88,1,35,-25,1,TRUE,TRUE,767.8,358.8,767.8,359,679.3,325.5,FALSE,4.719,0.178,4.723,4.785,5.785,5.785,filtered-optical,28.837,-27.038,63,72.99
1.936,121,TRACKING,5.724,5.801,3.167,3.965,1.657,5.195,4.358,0.406,4.377,76.39,105.03,1,35,-25,1,TRUE,TRUE,757.7,360.4,758,361.3,683.2,326.5,FALSE,4.067,0.606,4.112,4.377,5.444,5.444,filtered-optical,35.633,-26.94,63,4.55
1.952,122,TRACKING,5.631,5.828,4.331,3.509,2.217,4.795,3.2,0.953,3.339,58.27,79.92,1,35,-25,1,TRUE,TRUE,729.8,373,728.7,372.9,685.5,327.9,FALSE,3.414,1.033,3.567,3.339,4.933,4.933,filtered-optical,35.746,-26.815,63,3.17
1.968,123,TRACKING,5.537,5.855,4.93,2.882,2.777,4.395,2.576,1.702,3.088,53.89,73.54,1,35,-25,1,TRUE,TRUE,714.8,390.3,714.4,390.6,687.2,330.2,FALSE,2.76,1.46,3.123,3.088,4.486,4.486,filtered-optical,35.816,-26.648,63,8.41
1.984,124,TRACKING,5.443,5.882,5.047,2.846,3.337,3.995,2.424,1.864,3.058,53.37,72.72,1,35,-25,1,TRUE,TRUE,711.3,394,711.2,393.7,688.6,332.5,FALSE,2.106,1.887,2.828,3.058,4.14,4.14,filtered-optical,35.874,-26.479,63,9.09
2,125,TRACKING,5.349,5.908,5.924,2.788,3.897,3.595,1.467,2.056,2.525,44.08,59.67,1,35,-25,1,TRUE,TRUE,688.5,398.4,688.3,398.7,688.9,335,FALSE,1.452,2.313,2.731,2.525,3.748,3.748,filtered-optical,35.873,-26.306,63,9.28
2.016,126,TRACKING,5.254,5.934,6.798,2.089,4.457,3.195,0.469,2.924,2.961,51.69,69.54,1,35,-25,1,TRUE,TRUE,664.7,418.9,666.1,418.9,688.2,338.4,FALSE,0.797,2.739,2.852,2.961,3.558,3.558,filtered-optical,35.817,-26.088,63,4.35
2.032,127,TRACKING,5.159,5.959,6.83,1.917,5.017,2.795,0.304,3.278,3.292,57.46,77.3,1,35,-25,1,TRUE,TRUE,660.9,427.3,661.6,427.6,687.3,342.1,FALSE,0.142,3.164,3.167,3.292,3.493,3.493,filtered-optical,35.752,-25.859,63,3.54
2.048,128,TRACKING,5.063,5.984,7.248,1.971,5.577,2.405,-0.273,3.408,3.419,59.67,80.27,1,35,-24.382,1,TRUE,TRUE,647.2,430.8,647.3,430.9,685.8,345.8,FALSE,-0.513,3.579,3.615,3.419,3.475,3.475,filtered-optical,35.656,-25.633,63,9.66
2.064,129,TRACKING,4.967,6.008,8.219,1.728,6.137,2.042,-1.458,3.852,4.118,71.88,96.96,1,35,-22.719,1,TRUE,TRUE,618.9,442.1,618.2,441.7,683,349.9,FALSE,-1.169,3.966,4.135,4.118,3.631,3.631,filtered-optical,35.496,-24.773,63,7.92
2.08,130,TRACKING,4.871,6.032,8.44,1.188,6.697,1.725,-1.909,4.625,5.004,87.33,117.92,1,35,-19.813,1,TRUE,TRUE,608.1,461.6,608.1,462,679.8,354.9,FALSE,-1.826,4.307,4.678,5.004,3.964,3.964,filtered-optical,35.32,-22.829,63,10.28
2.096,131,TRACKING,4.774,6.055,8.452,1.592,7.257,1.472,-2.157,4.445,4.94,86.23,116.53,1,35,-15.803,1,TRUE,TRUE,602.1,458.9,602.8,459.5,676.4,359.6,FALSE,-2.482,4.583,5.212,4.94,4.201,4.201,filtered-optical,35.141,-19.663,63,2.93
2.112,132,TRACKING,4.677,6.078,9.242,1.624,7.817,1.296,-3.23,4.642,5.655,98.7,133.79,1,35,-11.011,1,TRUE,TRUE,576.2,465.3,575.6,466.4,672,364.4,FALSE,-3.139,4.782,5.721,5.655,4.553,4.553,filtered-optical,34.908,-15.391,63,3.31
2.128,133,TRACKING,4.58,6.1,9.758,1.53,8.377,1.211,-4.063,4.975,6.423,112.11,152.26,0.994,35,-5.284,1,TRUE,TRUE,556.1,475.1,555.3,474.4,666.7,369.5,FALSE,-3.797,4.889,6.19,6.423,5.007,5.007,filtered-optical,34.641,-10.331,63,7.97
2.144,134,TRACKING,4.482,6.122,9.608,1.633,8.937,1.232,-4.23,5.115,6.638,115.85,157.39,0.978,35,1.33,1,TRUE,TRUE,551.9,480.7,551.9,480.6,661.5,374.7,FALSE,-4.455,4.89,6.615,6.638,5.402,5.402,filtered-optical,34.381,-4.335,63,8.92
2.16,135,TRACKING,4.384,6.144,9.989,2.504,9.477,1.367,-4.955,4.455,6.663,116.29,158.47,0.961,33.78,8.429,1,TRUE,TRUE,533.8,467.6,534.2,466.8,655.6,379.1,FALSE,-5.093,4.777,6.983,6.663,5.708,5.708,filtered-optical,34.095,2.499,63,9.5
2.176,136,TRACKING,4.286,6.165,10.613,2.578,9.971,1.624,-5.967,4.599,7.533,131.48,179.61,0.947,30.841,16.072,1,TRUE,TRUE,508.1,473.8,507.1,473.7,648.6,383.7,FALSE,-5.685,4.54,7.276,7.533,6.15,6.15,filtered-optical,32.545,9.822,63,3.04
2.192,137,TRACKING,4.187,6.185,10.451,3.046,10.393,2.01,-6.196,4.336,7.562,131.99,180.49,0.939,26.386,24.118,1,TRUE,TRUE,500.8,470.6,500.9,470.6,641.7,388.1,FALSE,-6.206,4.175,7.48,7.562,6.493,6.493,filtered-optical,29.279,17.67,63,2.24
2.208,138,TRACKING,4.088,6.205,10.239,3.766,10.722,2.41,-6.377,3.791,7.419,129.49,177.37,0.94,20.57,25,1,TRUE,TRUE,494.2,458.1,494.7,457.7,634.6,391.7,FALSE,-6.634,3.795,7.643,7.419,6.717,6.717,filtered-optical,24.502,25.877,63,54.25
2.224,139,TRACKING,3.988,6.225,10.518,4.572,10.934,2.81,-7.08,3.127,7.74,135.08,185.59,0.951,13.266,25,1,TRUE,TRUE,474.4,442.6,473.8,442.1,626.8,394.6,FALSE,-6.946,3.415,7.74,7.74,6.965,6.965,filtered-optical,18.338,26.875,63,11.78
2.24,140,TRACKING,3.888,6.244,10.301,4.547,11.008,3.21,-7.292,3.298,8.003,139.68,191.93,0.97,4.601,25,1,TRUE,TRUE,465.9,446.9,465.8,447,618.9,397.5,FALSE,-7.119,3.034,7.739,8.003,7.217,7.217,filtered-optical,10.687,26.994,63,10.73
2.256,141,TRACKING,3.788,6.262,9.534,5.261,10.926,3.61,-6.936,2.698,7.442,129.89,178.56,0.995,-5.098,25,1,TRUE,TRUE,471,433,470.8,432.5,611.5,399.8,FALSE,-7.138,2.652,7.615,7.442,7.271,7.271,filtered-optical,1.706,27.073,63,4.45
2.272,142,TRACKING,3.688,6.281,9.113,5.947,10.675,4.01,-6.921,2.095,7.231,126.21,173.7,1,-15.716,25,1,TRUE,TRUE,467.4,418.9,467.7,417.2,604.1,401.3,FALSE,-6.987,2.27,7.346,7.231,7.262,7.262,filtered-optical,-8.297,27.11,63,3.73
2.288,143,TRACKING,3.587,6.298,8.652,6.289,10.24,4.41,-6.865,1.825,7.103,123.97,170.69,1,-27.161,25,1,TRUE,TRUE,464.5,412.6,464.3,413.2,596.9,402.6,FALSE,-6.653,1.888,6.916,7.103,7.223,7.223,filtered-optical,-19.209,27.135,63,7.64
2.304,144,TRACKING,3.487,6.315,7.581,6.38,9.68,4.81,-6.164,1.8,6.421,112.07,154.12,1,-35,25,1,TRUE,TRUE,478.6,412,478.7,411.2,590.4,403.8,FALSE,-6.194,1.505,6.374,6.421,7.029,7.029,filtered-optical,-30.899,27.153,63,8.2
2.32,145,TRACKING,3.385,6.332,6.639,7.243,9.12,5.21,-5.556,0.967,5.639,98.42,135.42,1,-35,25,1,TRUE,TRUE,493.4,392.2,493.9,392.2,584.8,404,FALSE,-5.735,1.122,5.844,5.639,6.692,6.692,filtered-optical,-38.938,27.125,63,12.21
2.336,146,TRACKING,3.284,6.348,6.135,7.642,8.56,5.61,-5.374,0.581,5.405,94.34,129.82,1,-35,25,1,TRUE,TRUE,497.8,383,497,384,579.5,404,FALSE,-5.276,0.738,5.328,5.405,6.38,6.38,filtered-optical,-39.117,27.079,63,4.66
2.352,147,TRACKING,3.182,6.364,5.413,7.701,8,6.01,-4.945,0.531,4.974,86.81,119.41,1,-35,25,1,TRUE,TRUE,508,381.6,509,382.3,574.9,403.8,FALSE,-4.818,0.354,4.831,4.974,6.039,6.039,filtered-optical,-39.26,27.029,63,4.77
2.368,148,TRACKING,3.08,6.379,4.434,8.139,7.44,6.41,-4.224,0.079,4.225,73.74,101.39,1,-35,25,1,TRUE,TRUE,525.3,370.8,525.8,370.3,571.2,403.1,FALSE,-4.36,-0.031,4.36,4.225,5.599,5.599,filtered-optical,-39.358,26.954,63,9.95
2.384,149,TRACKING,2.978,6.394,3.802,8.841,6.88,6.81,-3.829,-0.668,3.887,67.84,93.19,1,-35,25,1,TRUE,TRUE,534.7,353.3,534.9,353,567.9,401.7,FALSE,-3.902,-0.417,3.924,3.887,5.184,5.184,filtered-optical,-39.429,26.842,63,8.23
2.4,150,TRACKING,2.876,6.408,3.35,8.912,6.32,7.21,-3.6,-0.787,3.685,64.32,88.31,0.994,-35,25,1,TRUE,TRUE,540,350.6,540.7,350.9,565.1,400.3,FALSE,-3.445,-0.803,3.537,3.685,4.821,4.821,filtered-optical,-39.48,26.73,63,9.65
2.416,151,TRACKING,2.773,6.421,2.563,9.008,5.76,7.61,-3.007,-0.936,3.149,54.97,75.36,0.979,-35,25,1,TRUE,TRUE,554.2,347.3,554.4,347.6,562.8,398.7,FALSE,-2.987,-1.189,3.215,3.149,4.416,4.416,filtered-optical,-39.498,26.614,63,3.31
2.432,152,TRACKING,2.67,6.435,1.754,9.718,5.2,8.01,-2.365,-1.735,2.933,51.18,69.77,0.97,-35,25,1,TRUE,TRUE,569.5,328.8,568.4,327.7,561.3,396.3,FALSE,-2.53,-1.576,2.981,2.933,4.056,4.056,filtered-optical,-39.483,26.459,63,3.66
2.448,153,TRACKING,2.567,6.447,1.349,9.986,4.64,8.41,-2.111,-2.102,2.979,52,70.65,0.968,-35,25,1,TRUE,TRUE,575.5,320.3,575.6,320.3,560.2,393.7,FALSE,-2.073,-1.963,2.855,2.979,3.795,3.795,filtered-optical,-39.451,26.293,63,8.43
2.464,154,TRACKING,2.464,6.459,0.881,9.963,4.08,8.81,-1.778,-2.179,2.813,49.09,66.55,0.972,-35,25,1,TRUE,TRUE,583.6,318.7,583.6,318.9,559.4,391.1,FALSE,-1.616,-2.351,2.853,2.813,3.557,3.557,filtered-optical,-39.4,26.131,63,8.44
2.48,155,TRACKING,2.36,6.471,0.053,10.284,3.52,9.21,-1.054,-2.615,2.82,49.21,66.36,0.978,-35,25,1,TRUE,TRUE,601,308.4,600.6,309.2,559.4,388.1,FALSE,-1.16,-2.739,2.975,2.82,3.378,3.378,filtered-optical,-39.313,25.954,63,65.95
2.496,156,TRACKING,2.257,6.482,-0.515,10.958,2.96,9.61,-0.57,-3.438,3.485,60.82,81.85,0.984,-35,25,1,TRUE,TRUE,612.8,289,612.2,289.1,559.9,384.3,FALSE,-0.703,-3.128,3.206,3.485,3.404,3.404,filtered-optical,-39.203,25.741,63,3.68
2.512,157,TRACKING,2.153,6.493,-0.737,10.778,2.4,10.01,-0.422,-3.404,3.43,59.87,80.55,0.988,-35,25,1,TRUE,TRUE,616.5,289.6,617.3,288.7,560.6,380.7,FALSE,-0.247,-3.517,3.526,3.43,3.41,3.41,filtered-optical,-39.084,25.535,63,3.22
2.528,158,TRACKING,2.049,6.503,-1.35,10.963,1.84,10.403,0.14,-3.746,3.748,65.42,88.02,0.988,-35,24.573,1,TRUE,TRUE,630.1,281.2,630.5,280.8,561.9,376.7,FALSE,0.209,-3.9,3.906,3.748,3.492,3.492,filtered-optical,-38.94,25.321,63,9.92
2.544,159,TRACKING,1.945,6.513,-2.121,11.374,1.28,10.772,0.891,-4.335,4.426,77.25,104.07,0.984,-35,23.056,1,TRUE,TRUE,648.2,266.6,648.1,266.2,563.9,372.3,FALSE,0.665,-4.26,4.311,4.426,3.719,3.719,filtered-optical,-38.764,24.657,63,11.22
2.56,160,TRACKING,1.841,6.522,-2.33,11.656,0.72,11.099,1.086,-4.814,4.935,86.13,116.1,0.979,-35,20.421,1,TRUE,TRUE,653,254.2,653.3,254.3,566,367.5,FALSE,1.12,-4.577,4.712,4.935,4.013,4.013,filtered-optical,-38.582,22.888,63,11.01
2.576,161,TRACKING,1.736,6.531,-2.596,11.187,0.16,11.37,1.345,-4.527,4.723,82.42,111.15,0.974,-35,16.935,1,TRUE,TRUE,659.2,259.6,657.3,259.7,568.4,363,FALSE,1.576,-4.839,5.09,4.723,4.185,4.185,filtered-optical,-38.397,20.023,63,5.34
2.592,162,TRACKING,1.632,6.539,-3.41,11.526,-0.4,11.569,2.187,-5.07,5.522,96.37,130.22,0.972,-35,12.469,1,TRUE,TRUE,679.4,245.2,679,244.7,571.6,358,FALSE,2.031,-5.031,5.425,5.522,4.509,4.509,filtered-optical,-38.173,16.286,63,3.82
2.608,163,TRACKING,1.527,6.546,-3.835,11.543,-0.96,11.683,2.657,-5.298,5.927,103.45,139.94,0.976,-35,7.071,1,TRUE,TRUE,690.6,237.9,690.1,238.4,575.2,352.9,FALSE,2.487,-5.136,5.707,5.927,4.853,4.853,filtered-optical,-37.934,11.565,63,9.87
2.624,164,TRACKING,1.422,6.553,-3.82,11.199,-1.52,11.697,2.685,-5.16,5.816,101.52,137.33,0.987,-35,0.9,1,TRUE,TRUE,691.1,239.1,690.4,239.2,578.7,348,FALSE,2.942,-5.144,5.925,5.816,5.087,5.087,filtered-optical,-37.701,5.926,63,11.72
2.64,165,TRACKING,1.317,6.56,-4.418,10.595,-2.08,11.604,3.35,-4.742,5.806,101.34,137.4,1,-35,-5.808,1,TRUE,TRUE,706.9,246.6,706.5,246.7,582.8,343.4,FALSE,3.397,-5.044,6.081,5.806,5.261,5.261,filtered-optical,-37.444,-0.459,63,10.75
2.656,166,TRACKING,1.212,6.566,-5.12,10.734,-2.64,11.393,4.151,-5.083,6.562,114.53,155.56,1,-35,-13.168,1,TRUE,TRUE,726,235.9,726.4,235.8,587.7,338.5,FALSE,3.852,-4.827,6.176,6.562,5.577,5.577,filtered-optical,-37.156,-7.395,63,3.3
2.672,167,TRACKING,1.107,6.572,-5.069,10.01,-3.2,11.058,4.196,-4.542,6.184,107.93,146.74,1,-35,-20.95,1,TRUE,TRUE,726.9,245.8,728.1,244,592.6,334.1,FALSE,4.307,-4.486,6.219,6.184,5.724,5.724,filtered-optical,-36.875,-14.955,63,3.81
2.688,168,TRACKING,1.002,6.577,-5.276,9.232,-3.76,10.658,4.508,-3.918,5.973,104.24,142.04,1,-35,-25,1,TRUE,TRUE,734.3,258.9,734.6,258.3,597.6,330.4,FALSE,4.762,-4.081,6.271,5.973,5.784,5.784,filtered-optical,-36.592,-22.895,63,8.72
2.704,169,TRACKING,0.897,6.582,-6.095,8.763,-4.317,10.258,5.466,-3.587,6.538,114.11,156.02,1,-34.834,-25,1,TRUE,TRUE,757.5,266.5,757.9,265.9,603.4,327.1,FALSE,5.214,-3.677,6.38,6.538,5.967,5.967,filtered-optical,-36.272,-27.081,63,8.41
2.72,170,TRACKING,0.791,6.586,-6.248,8.623,-4.849,9.858,5.767,-3.58,6.788,118.47,162.11,1,-33.24,-25,1,TRUE,TRUE,765.4,266.4,765.9,265.9,609.5,323.8,FALSE,5.64,-3.273,6.521,6.788,6.166,6.166,filtered-optical,-35.783,-27.208,63,93.38
2.736,171,TRACKING,0.686,6.589,-6.029,7.66,-5.335,9.458,5.693,-2.721,6.31,110.13,150.99,1,-30.401,-25,1,TRUE,TRUE,764.8,286.4,767.2,281.2,615.5,321.3,FALSE,6.021,-2.869,6.67,6.31,6.201,6.201,filtered-optical,-33.876,-27.296,63,3.5
2.752,172,TRACKING,0.581,6.592,-6.554,7.17,-5.755,9.058,6.384,-2.308,6.789,118.48,162.83,1,-26.235,-25,1,TRUE,TRUE,783.3,296.1,782.7,296.2,622,319.4,FALSE,6.336,-2.466,6.799,6.789,6.343,6.343,filtered-optical,-30.706,-27.348,63,3.15
2.768,173,TRACKING,0.475,6.595,-6.853,7.009,-6.086,8.658,6.869,-2.218,7.218,125.98,173.32,1,-20.692,-25,1,TRUE,TRUE,797.3,298.2,797.9,297.7,629,317.7,FALSE,6.561,-2.063,6.878,7.218,6.555,6.555,filtered-optical,-26.192,-27.391,63,9.21
2.784,174,TRACKING,0.369,6.597,-6.284,6.54,-6.312,8.258,6.466,-1.8,6.712,117.15,161.18,0.983,-14.095,-25,1,TRUE,TRUE,790.3,308.1,790.6,308.8,635.5,316.4,FALSE,6.681,-1.661,6.885,6.712,6.593,6.593,filtered-optical,-20.331,-27.408,63,10.66
2.8,175,TRACKING,0.264,6.598,-6.14,5.722,-6.416,7.858,6.488,-1,6.564,114.57,157.82,0.959,-6.535,-25,1,TRUE,TRUE,793.9,327.1,793.6,327.2,642,316,FALSE,6.68,-1.26,6.798,6.564,6.586,6.586,filtered-optical,-13.423,-27.384,63,12.26
2.816,176,TRACKING,0.158,6.599,-6.331,5.58,-6.383,7.458,6.859,-0.868,6.914,120.67,166.34,0.943,2.053,-25,1,TRUE,TRUE,806.3,330.4,805.6,331.3,648.9,315.7,FALSE,6.542,-0.859,6.598,6.914,6.666,6.666,filtered-optical,-5.542,-27.35,63,3.45
2.832,177,TRACKING,0.053,6.6,-5.593,5.411,-6.202,7.058,6.276,-0.704,6.315,110.22,151.83,0.936,11.342,-25,1,TRUE,TRUE,795.8,334.4,794.4,334,655.1,315.6,FALSE,6.255,-0.458,6.271,6.315,6.581,6.581,filtered-optical,3.331,-27.309,63,5.85
2.848,178,TRACKING,-0.053,6.6,-4.681,4.661,-5.865,6.658,5.489,0.073,5.49,95.81,131.91,0.939,21.04,-25,1,TRUE,TRUE,780.4,352.7,780.9,352.6,660.6,316.2,FALSE,5.812,-0.058,5.813,5.49,6.316,6.316,filtered-optical,12.865,-27.23,63,9.28
2.864,179,TRACKING,-0.158,6.599,-4.429,4.273,-5.367,6.258,5.359,0.504,5.383,93.95,129.29,0.95,31.131,-25,1,TRUE,TRUE,781.1,362.9,781.5,362.3,666.1,317.2,FALSE,5.209,0.341,5.22,5.383,6.09,6.09,filtered-optical,22.798,-27.132,63,10.98
2.88,180,TRACKING,-0.264,6.598,-3.753,4.256,-4.807,5.858,4.778,0.568,4.811,83.97,115.48,0.967,35,-25,1,TRUE,TRUE,768.3,364.2,768.2,364.7,670.9,318.4,FALSE,4.543,0.74,4.603,4.811,5.78,5.78,filtered-optical,33.087,-27.032,63,12.48
2.896,181,TRACKING,-0.37,6.597,-2.545,3.879,-4.247,5.458,3.61,1.007,3.748,65.42,89.76,0.985,35,-25,1,TRUE,TRUE,740,374.3,739.7,374.6,674.4,319.9,FALSE,3.878,1.139,4.041,3.748,5.287,5.287,filtered-optical,37.088,-26.914,63,3.58
2.912,182,TRACKING,-0.475,6.595,-2.042,3.144,-3.687,5.058,3.125,1.836,3.625,63.26,86.43,1,35,-25,1,TRUE,TRUE,728.2,393.6,727.7,393.6,677.3,322.1,FALSE,3.212,1.537,3.561,3.625,4.884,4.884,filtered-optical,37.19,-26.759,63,3.71
2.928,183,TRACKING,-0.581,6.592,-1.758,3.223,-3.127,4.658,2.845,1.848,3.392,59.2,80.81,1,35,-25,1,TRUE,TRUE,721.3,393.7,721,393.3,679.9,324.3,FALSE,2.547,1.934,3.198,3.392,4.523,4.523,filtered-optical,37.273,-26.611,63,8.31
2.944,184,TRACKING,-0.686,6.589,-0.766,3.01,-2.567,4.258,1.812,2.162,2.821,49.23,66.77,1,35,-25,1,TRUE,TRUE,696.4,400.9,696.3,400.8,681.5,326.8,FALSE,1.881,2.331,2.995,2.821,4.11,4.11,filtered-optical,37.303,-26.451,63,89.23
2.96,185,TRACKING,-0.791,6.586,0,2.503,-2.007,3.858,0.97,2.794,2.958,51.63,69.57,1,35,-25,1,TRUE,TRUE,676.3,415.8,676.8,415.9,682.2,329.8,FALSE,1.216,2.727,2.986,2.958,3.831,3.831,filtered-optical,37.292,-26.266,63,14.25
2.976,186,TRACKING,-0.897,6.582,0.147,2.072,-1.447,3.458,0.735,3.37,3.449,60.2,81.05,1,35,-25,1,TRUE,TRUE,670.7,429.4,670.4,429.5,682.6,333.3,FALSE,0.55,3.123,3.171,3.449,3.738,3.738,filtered-optical,37.268,-26.06,63,5.68
2.992,187,TRACKING,-1.002,6.577,0.742,2.359,-0.887,3.058,0.022,3.218,3.219,56.17,75.55,1,35,-25,1,TRUE,TRUE,653.7,426,652.6,425.8,682.3,336.6,FALSE,-0.115,3.519,3.521,3.219,3.612,3.612,filtered-optical,37.208,-25.869,63,4.22
3.008,188,TRACKING,-1.107,6.572,1.624,1.806,-0.327,2.658,-1.015,3.933,4.062,70.89,95.51,1,35,-25,1,TRUE,TRUE,629,443.1,629.5,442.5,681.1,340.5,FALSE,-0.78,3.914,3.991,4.062,3.721,3.721,filtered-optical,37.105,-25.652,63,10.22
3.024,189,TRACKING,-1.212,6.566,1.895,1.463,0.233,2.275,-1.462,4.455,4.689,81.83,110.38,1,35,-23.976,1,TRUE,TRUE,618.5,455.9,618.1,456,679.4,344.8,FALSE,-1.445,4.292,4.528,4.689,3.956,3.956,filtered-optical,36.982,-25.415,63,10.03
3.04,190,TRACKING,-1.317,6.56,2.132,1.434,0.793,1.924,-1.889,4.671,5.038,87.94,118.74,1,35,-21.896,1,TRUE,TRUE,608.4,461.9,608.3,462.4,677.4,349.3,FALSE,-2.11,4.636,5.094,5.038,4.218,4.218,filtered-optical,36.845,-24.15,63,12.97
3.056,191,TRACKING,-1.422,6.553,2.875,1.667,1.353,1.622,-2.857,4.62,5.432,94.81,128.37,1,35,-18.919,1,TRUE,TRUE,585.3,461.8,586,462.4,674.5,353.7,FALSE,-2.775,4.932,5.659,5.432,4.512,4.512,filtered-optical,36.668,-21.84,63,4.38
3.072,192,TRACKING,-1.527,6.546,3.367,1.089,1.913,1.384,-3.605,5.407,6.499,113.43,153.79,1,35,-14.864,1,TRUE,TRUE,567.4,481.8,567,481.5,670.9,358.8,FALSE,-3.44,5.163,6.204,6.499,4.994,4.994,filtered-optical,36.462,-18.602,63,6.22
3.088,193,TRACKING,-1.632,6.539,3.46,1.322,2.473,1.225,-3.963,5.38,6.682,116.62,158.27,1,35,-9.89,1,TRUE,TRUE,558.8,482.9,559.1,482.3,667,363.8,FALSE,-4.105,5.313,6.714,6.682,5.403,5.403,filtered-optical,36.248,-14.298,63,9.52
3.104,194,TRACKING,-1.736,6.531,3.881,1.679,3.033,1.159,-4.675,5.221,7.008,122.32,166.34,1,35,-4.152,1,TRUE,TRUE,541.6,481.1,541.9,481,662.6,368.7,FALSE,-4.769,5.372,7.183,7.008,5.792,5.792,filtered-optical,36.01,-9.086,63,10.14
3.12,195,TRACKING,-1.841,6.522,4.481,1.885,3.593,1.195,-5.598,5.211,7.648,133.49,181.97,1,35,2.269,1,TRUE,TRUE,519.2,483.1,519.3,482.7,657.3,373.5,FALSE,-5.434,5.327,7.609,7.648,6.242,6.242,filtered-optical,35.738,-3.119,63,10.04
3.136,196,TRACKING,-1.945,6.513,4.656,1.819,4.142,1.346,-6.115,5.484,8.214,143.36,195.6,1,34.323,9.436,1,TRUE,TRUE,506.3,492.2,505.8,492.4,651.6,378.5,FALSE,-6.087,5.166,7.984,8.214,6.72,6.72,filtered-optical,35.451,3.541,63,3.94
3.152,197,TRACKING,-2.049,6.503,4.728,2.733,4.657,1.618,-6.542,4.746,8.082,141.06,192.91,1,32.204,16.992,1,TRUE,TRUE,495,477.6,495.2,477.1,645.6,382.9,FALSE,-6.706,4.885,8.297,8.082,7.05,7.05,filtered-optical,34.479,10.905,63,4.68
3.168,198,TRACKING,-2.153,6.493,5.1,3.32,5.114,2.015,-7.296,4.319,8.479,147.99,202.93,0.979,28.548,24.801,1,TRUE,TRUE,475.1,470.6,474.4,470.7,639,386.9,FALSE,-7.267,4.478,8.536,8.479,7.397,7.397,filtered-optical,32.038,18.636,63,86.13
3.184,199,TRACKING,-2.257,6.482,5.298,3.591,5.488,2.415,-7.898,4.199,8.944,156.11,214.42,0.956,23.346,25,1,TRUE,TRUE,458.4,468,457.9,467.3,631.8,390.7,FALSE,-7.745,4.067,8.748,8.944,7.772,7.772,filtered-optical,28.042,26.605,63,12.34
3.2,200,TRACKING,-2.361,6.471,5.029,4.098,5.756,2.815,-8.034,3.822,8.897,155.29,213.52,0.939,16.776,25,1,TRUE,TRUE,452.4,459.3,453,458.8,624.6,394,FALSE,-8.117,3.656,8.902,8.897,8.045,8.045,filtered-optical,22.506,26.938,63,11.98
3.216,201,TRACKING,-2.464,6.459,4.816,5.04,5.899,3.215,-8.233,2.978,8.755,152.8,210.52,0.93,8.929,25,1,TRUE,TRUE,444.5,439.6,445,440.8,617.2,396.6,FALSE,-8.363,3.244,8.97,8.755,8.217,8.217,filtered-optical,15.602,27.03,63,4.1
3.232,202,TRACKING,-2.567,6.447,4.747,5.265,5.894,3.615,-8.598,2.834,9.053,158,217.91,0.931,-0.278,25,1,TRUE,TRUE,432.1,436.3,426.8,433.4,609.3,398.7,FALSE,-8.462,2.832,8.923,9.053,8.419,8.419,filtered-optical,7.402,27.101,63,3.35
3.248,203,TRACKING,-2.67,6.435,4.214,5.518,5.725,4.015,-8.484,2.658,8.89,155.16,214.01,0.942,-10.559,25,1,TRUE,TRUE,430.9,432.2,431,432.2,601.7,400.8,FALSE,-8.396,2.42,8.737,8.89,8.534,8.534,filtered-optical,-2.135,27.166,63,8.84
3.264,204,TRACKING,-2.773,6.421,3.299,6.315,5.379,4.415,-7.967,1.904,8.192,142.97,197.21,0.962,-21.625,25,1,TRUE,TRUE,439.4,414.3,439.4,414.5,594.6,402.2,FALSE,-8.153,2.006,8.396,8.192,8.451,8.451,filtered-optical,-12.715,27.191,63,10.32
3.28,205,TRACKING,-2.876,6.408,2.65,6.834,4.846,4.815,-7.706,1.406,7.833,136.71,188.61,0.987,-33.345,25,1,TRUE,TRUE,441.4,402.4,441.4,402.1,587.8,403,FALSE,-7.722,1.593,7.884,7.833,8.301,8.301,filtered-optical,-24.062,27.19,63,10.14
3.296,206,TRACKING,-2.978,6.394,2.048,6.907,4.286,5.215,-7.477,1.351,7.598,132.61,182.89,1,-35,25,1,TRUE,TRUE,446.5,400.9,445.6,401.6,581.3,403.7,FALSE,-7.264,1.178,7.359,7.598,8.13,8.13,filtered-optical,-36.042,27.185,63,4.67
3.312,207,TRACKING,-3.08,6.379,0.959,7.352,3.726,5.615,-6.724,0.902,6.784,118.41,163.19,1,-35,25,1,TRUE,TRUE,464.9,390.2,464.6,390.1,575.6,404,FALSE,-6.806,0.764,6.849,6.784,7.804,7.804,filtered-optical,-37.91,27.157,63,3.54
3.328,208,TRACKING,-3.182,6.364,0.083,8.154,3.166,6.015,-6.154,0.063,6.154,107.41,147.98,1,-35,25,1,TRUE,TRUE,478.9,370.4,479.2,369.9,570.7,403.5,FALSE,-6.348,0.349,6.358,6.154,7.404,7.404,filtered-optical,-38.085,27.088,63,7.1
3.344,209,TRACKING,-3.284,6.348,-0.292,8.185,2.606,6.415,-6.078,-0.009,6.078,106.07,146.13,1,-35,25,1,TRUE,TRUE,480.7,368.8,480.6,368.7,566,402.9,FALSE,-5.89,-0.067,5.89,6.078,7.082,7.082,filtered-optical,-38.247,27.019,63,9.75
3.36,210,TRACKING,-3.385,6.332,-1.092,8.424,2.046,6.815,-5.549,-0.3,5.557,96.99,133.52,1,-35,25,1,TRUE,TRUE,493.4,362.1,493.9,361.8,561.9,402,FALSE,-5.431,-0.483,5.453,5.557,6.713,6.713,filtered-optical,-38.377,26.937,63,7.84
3.376,211,TRACKING,-3.487,6.315,-2.168,9.007,1.486,7.215,-4.708,-0.958,4.804,83.85,115.24,1,-35,25,1,TRUE,TRUE,513.6,346.9,513.3,348.3,558.7,400.7,FALSE,-4.973,-0.9,5.053,4.804,6.25,6.25,filtered-optical,-38.463,26.831,63,4.17
3.392,212,TRACKING,-3.588,6.298,-2.572,9.521,0.926,7.615,-4.525,-1.571,4.79,83.6,114.7,1,-35,25,1,TRUE,TRUE,517.9,332.7,519.1,333.9,555.8,398.7,FALSE,-4.513,-1.317,4.702,4.79,5.896,5.896,filtered-optical,-38.533,26.699,63,3.08
3.408,213,TRACKING,-3.688,6.281,-2.979,9.304,0.366,8.015,-4.332,-1.449,4.567,79.72,109.37,1,-35,25,1,TRUE,TRUE,522.4,335.7,522,335.8,553.1,396.9,FALSE,-4.054,-1.734,4.41,4.567,5.574,5.574,filtered-optical,-38.592,26.576,63,6.69
3.424,214,TRACKING,-3.789,6.262,-4.05,9.884,-0.194,8.415,-3.434,-2.15,4.051,70.71,96.57,1,-35,25,1,TRUE,TRUE,543.9,319.4,543.9,319.6,551.4,394.5,FALSE,-3.594,-2.153,4.19,4.051,5.205,5.205,filtered-optical,-38.606,26.424,63,8.44
3.44,215,TRACKING,-3.889,6.244,-4.71,10.327,-0.754,8.815,-2.927,-2.736,4.006,69.92,95.11,0.996,-35,25,1,TRUE,TRUE,556,305.6,555.4,305.4,550.1,391.6,FALSE,-3.135,-2.571,4.054,4.006,4.914,4.914,filtered-optical,-38.596,26.25,63,85.96
3.456,216,TRACKING,-3.988,6.225,-4.831,10.482,-1.314,9.215,-2.955,-3.043,4.241,74.02,100.59,0.993,-35,25,1,TRUE,TRUE,555.3,298.2,556,298.8,548.9,388.5,FALSE,-2.674,-2.99,4.012,4.241,4.751,4.751,filtered-optical,-38.583,26.068,63,4.88
3.472,217,TRACKING,-4.088,6.205,-5.627,10.377,-1.874,9.615,-2.279,-3.09,3.839,67.01,90.79,0.994,-35,25,1,TRUE,TRUE,571.6,296.9,572.4,297.8,548.4,385.4,FALSE,-2.214,-3.41,4.065,3.839,4.53,4.53,filtered-optical,-38.537,25.891,63,3.25
3.488,218,TRACKING,-4.187,6.185,-6.566,11.158,-2.434,10.015,-1.427,-4.061,4.304,75.13,101.33,0.997,-35,25,1,TRUE,TRUE,592.1,273.9,592,273.4,548.7,381.4,FALSE,-1.753,-3.83,4.212,4.304,4.475,4.475,filtered-optical,-38.455,25.673,63,10.92
3.504,219,TRACKING,-4.286,6.165,-6.677,11.223,-2.994,10.411,-1.401,-4.325,4.546,79.34,107,0.999,-35,24.732,1,TRUE,TRUE,592.9,267.4,592.7,266.9,549,377.2,FALSE,-1.292,-4.246,4.438,4.546,4.492,4.492,filtered-optical,-38.372,25.449,63,9.18
3.52,220,TRACKING,-4.384,6.144,-7.187,11.294,-3.554,10.798,-1.104,-4.516,4.649,81.14,109.37,0.998,-35,24.215,1,FALSE,TRUE,600.1,262.6,512,312,546.3,374.9,FALSE,-0.83,-4.654,4.728,4.649,4.53,4.53,filtered-optical,-38.437,25.054,63,5.25
3.536,221,TRACKING,-4.482,6.122,-8.381,11.697,-4.114,11.19,-0.109,-4.928,4.929,86.03,115.86,0.992,-35,24.466,1,FALSE,TRUE,624.2,253,518.6,379.6,543.8,375.2,FALSE,-0.368,-5.067,5.081,4.929,4.627,4.627,filtered-optical,-38.485,24.546,63,3.15
3.552,222,TRACKING,-4.58,6.1,-8.758,12.317,-4.674,11.559,0.231,-5.784,5.789,101.03,136.21,0.983,-35,23.1,1,FALSE,TRUE,632.4,232.4,617.3,241.3,545.3,370.1,FALSE,0.094,-5.459,5.46,5.789,4.909,4.909,filtered-optical,-38.348,24.536,63,4.76
3.568,223,COASTING,-4.677,6.078,-8.904,12.223,-5.234,11.918,0.223,-5.711,5.716,99.76,134.48,0.971,-35,22.405,0,FALSE,TRUE,632.3,234.1,,,543.9,370.2,FALSE,0.557,-5.84,5.866,5.716,5.104,5.104,filtered-optical,-38.348,23.17,63,4.73
3.584,224,REACQUIRING,-4.775,6.055,-8.581,9.21,-5.794,11.888,1.062,-5.674,5.772,100.75,135.89,0.959,-35,-1.847,1,FALSE,TRUE,652.4,226,598.7,247.2,574.2,300.9,FALSE,1.02,-5.833,5.921,5.772,5.266,5.266,filtered-optical,-38.3,22.362,63,21.59
3.6,225,COASTING,-4.871,6.032,-9.462,9.149,-6.354,11.561,1.79,-5.637,5.915,103.23,139.38,0.951,-35,-20.457,0,FALSE,TRUE,669.9,220,,,572.9,300.9,FALSE,1.483,-5.529,5.724,5.915,5.423,5.423,filtered-optical,-38.3,-1.89,63,20.4
3.616,226,COASTING,-4.968,6.008,-9.565,8.833,-6.914,11.161,1.741,-5.345,5.622,98.12,132.45,0.95,-35,-25,0,FALSE,TRUE,668.6,225.2,,,571.5,300.9,FALSE,1.946,-5.153,5.508,5.622,5.472,5.472,filtered-optical,-38.3,-20.5,63,117.36
3.632,227,COASTING,-5.063,5.984,-10.195,7.968,-7.474,10.761,2.219,-4.506,5.023,87.66,118.48,0.957,-35,-25,0,FALSE,TRUE,679.9,245,,,570.2,300.8,FALSE,2.411,-4.777,5.351,5.023,5.363,5.363,filtered-optical,-38.3,-25.043,63,21.09
3.648,228,COASTING,-5.159,5.959,-11.304,7.833,-8.034,10.361,3.175,-4.396,5.423,94.65,128.33,0.973,-35,-25,0,FALSE,TRUE,702.7,247.5,,,568.8,300.8,FALSE,2.875,-4.402,5.258,5.423,5.377,5.377,filtered-optical,-38.3,-25.043,63,22.47
3.664,229,COASTING,-5.254,5.934,-11.648,7.667,-8.594,9.961,3.368,-4.256,5.428,94.73,128.54,0.994,-35,-25,0,FALSE,TRUE,707.1,250.6,,,567.5,300.8,FALSE,3.34,-4.027,5.232,5.428,5.39,5.39,filtered-optical,-38.3,-25.043,63,21.4
3.68,230,COASTING,-5.349,5.908,-11.933,6.964,-9.154,9.561,3.503,-3.58,5.008,87.41,118.84,1,-35,-25,0,FALSE,TRUE,710.2,266.3,,,566.1,300.8,FALSE,3.805,-3.653,5.275,5.008,5.297,5.297,filtered-optical,-38.3,-25.043,63,121.54
3.696,231,COASTING,-5.443,5.882,-12.98,6.427,-9.714,9.161,4.399,-3.069,5.364,93.61,127.81,1,-35,-25,0,FALSE,TRUE,731.7,278.2,,,564.8,300.8,FALSE,4.271,-3.279,5.384,5.364,5.313,5.313,filtered-optical,-38.3,-25.043,63,18.12
3.712,232,COASTING,-5.537,5.855,-13.689,6.407,-10.274,8.761,4.958,-3.077,5.835,101.84,139.25,1,-35,-25,0,FALSE,TRUE,745.1,277.9,,,563.4,300.8,FALSE,4.737,-2.905,5.557,5.835,5.44,5.44,filtered-optical,-38.3,-25.043,63,17.71
3.728,233,COASTING,-5.631,5.828,-13.854,5.979,-10.834,8.361,4.973,-2.676,5.647,98.57,134.93,1,-35,-25,0,FALSE,TRUE,745.6,287.4,,,562.1,300.7,FALSE,5.203,-2.532,5.787,5.647,5.49,5.49,filtered-optical,-38.3,-25.043,63,17.63
3.744,234,COASTING,-5.724,5.801,-14.608,5.164,-11.394,7.961,5.578,-1.89,5.889,102.79,141.18,1,-35,-25,0,FALSE,TRUE,760.3,306.1,,,560.7,300.7,FALSE,5.67,-2.16,6.068,5.889,5.587,5.587,filtered-optical,-38.3,-25.043,63,4.65
3.76,235,COASTING,-5.816,5.773,-15.575,5.063,-11.954,7.561,6.396,-1.817,6.649,116.05,159.64,1,-35,-25,0,FALSE,TRUE,780.2,308,,,559.3,300.7,FALSE,6.138,-1.788,6.393,6.649,5.844,5.844,filtered-optical,-38.3,-25.043,63,4.42
3.776,236,COASTING,-5.908,5.745,-15.896,4.83,-12.514,7.161,6.568,-1.613,6.763,118.04,162.5,1,-35,-25,0,FALSE,TRUE,784.5,313,,,558,300.7,FALSE,6.606,-1.416,6.756,6.763,6.067,6.067,filtered-optical,-38.3,-25.043,63,4.22
3.792,237,COASTING,-6,5.716,-16.331,4.182,-13.074,6.761,6.856,-0.995,6.927,120.91,166.65,1,-35,-25,0,FALSE,TRUE,791.6,327.6,,,556.6,300.7,FALSE,7.074,-1.045,7.151,6.927,6.276,6.276,filtered-optical,-38.3,-25.043,63,121.7
3.808,238,COASTING,-6.091,5.686,-17.299,3.573,-13.634,6.361,7.676,-0.416,7.687,134.17,185.24,0.992,-35,-25,0,FALSE,TRUE,811.7,341.3,,,555.3,300.7,FALSE,7.543,-0.674,7.573,7.687,6.618,6.618,filtered-optical,-38.3,-25.043,63,6.83
3.824,239,COASTING,-6.182,5.657,-17.921,3.699,-14.194,5.961,8.151,-0.572,8.171,142.62,197.05,0.972,-35,-25,0,FALSE,TRUE,823.3,337.6,,,553.9,300.6,FALSE,8.012,-0.304,8.018,8.171,6.995,6.995,filtered-optical,-38.3,-25.043,63,6.66
3.84,240,COASTING,-6.272,5.627,-18.219,3.056,-14.754,5.561,8.302,0.04,8.302,144.9,200.28,0.958,-35,-25,0,FALSE,TRUE,827,351.8,,,552.6,300.6,FALSE,8.482,0.066,8.482,8.302,7.312,7.312,filtered-optical,-38.3,-25.043,63,5.35
3.856,241,COASTING,-6.362,5.596,-18.962,2.464,-15.314,5.161,8.9,0.601,8.92,155.68,215.38,0.953,-35,-25,0,FALSE,TRUE,841.5,364.7,,,551.2,300.6,FALSE,8.952,0.435,8.963,8.92,7.701,7.701,filtered-optical,-38.3,-25.043,63,3.92
3.872,242,COASTING,-6.451,5.565,-19.814,2.16,-15.874,4.761,9.606,0.873,9.646,168.35,233.19,0.956,-35,-25,0,FALSE,TRUE,858.7,370.9,,,549.9,300.6,FALSE,9.423,0.804,9.457,9.646,8.173,8.173,filtered-optical,-38.3,-25.043,63,7.69
3.888,243,COASTING,-6.54,5.534,-20.225,2.153,-16.434,4.361,9.873,0.848,9.909,172.94,239.69,0.964,-35,-25,0,FALSE,TRUE,865.1,370.1,,,548.5,300.6,FALSE,9.894,1.173,9.963,9.909,8.594,8.594,filtered-optical,-38.3,-25.043,63,4.87
3.904,244,COASTING,-6.628,5.502,-20.701,1.212,-16.994,3.961,10.204,1.756,10.354,180.71,250.46,0.974,-35,-25,0,FALSE,TRUE,873.1,391.4,,,547.2,300.6,FALSE,10.366,1.541,10.48,10.354,9.02,9.02,filtered-optical,-38.3,-25.043,63,4.46
3.92,245,COASTING,-6.716,5.469,-21.555,0.936,-17.554,3.561,10.914,2,11.096,193.66,268.78,0.985,-35,-25,0,FALSE,TRUE,890.5,397.2,,,545.8,300.5,FALSE,10.838,1.909,11.005,11.096,9.524,9.524,filtered-optical,-38.3,-25.043,63,4.95
3.936,246,COASTING,-6.803,5.437,-22.225,0.752,-18.114,3.161,11.44,2.15,11.64,203.16,282.28,0.992,-35,-25,0,FALSE,TRUE,903.4,400.8,,,544.5,300.5,FALSE,11.311,2.276,11.537,11.64,10.037,10.037,filtered-optical,-38.3,-25.043,63,2.13
3.952,247,COASTING,-6.89,5.404,-22.592,0.387,-18.674,2.761,11.665,2.481,11.926,208.14,289.27,0.995,-35,-25,0,FALSE,TRUE,909,408.8,,,543.1,300.5,FALSE,11.784,2.643,12.077,11.926,10.495,10.495,filtered-optical,-38.3,-25.043,63,2.2
3.968,248,COASTING,-6.976,5.37,-23.237,-0.505,-19.234,2.361,12.167,3.339,12.617,220.21,306.13,0.995,-35,-25,0,FALSE,TRUE,921.5,429.2,,,541.8,300.5,FALSE,12.258,3.009,12.622,12.617,11.009,11.009,filtered-optical,-38.3,-25.043,63,2.35
3.984,249,COASTING,-7.062,5.336,-24.099,-0.46,-19.794,1.961,12.888,3.259,13.293,232.01,323.22,0.992,-35,-25,0,FALSE,TRUE,939.6,427.5,,,540.4,300.5,FALSE,12.732,3.375,13.172,13.293,11.563,11.563,filtered-optical,-38.3,-25.043,63,2.27
4,250,COASTING,-7.147,5.302,-24.598,-0.817,-20.354,1.561,13.246,3.581,13.721,239.48,333.83,0.99,-35,-25,0,FALSE,TRUE,948.7,435.1,,,539.1,300.5,FALSE,13.207,3.741,13.727,13.721,12.086,12.086,filtered-optical,-38.3,-25.043,63,2.27
4.016,251,COASTING,-7.232,5.267,-24.992,-1.462,-20.914,1.161,13.499,4.191,14.134,246.69,343.87,0.99,-35,-25,0,FALSE,TRUE,955.3,449.4,,,537.7,300.4,FALSE,13.682,4.106,14.285,14.134,12.583,12.583,filtered-optical,-38.3,-25.043,63,2.14
4.032,252,COASTING,-7.316,5.232,-25.825,-1.995,-21.474,0.761,14.192,4.688,14.946,260.86,364.15,0.994,-35,-25,0,FALSE,TRUE,973,460.9,,,536.4,300.4,FALSE,14.158,4.471,14.848,14.946,13.156,13.156,filtered-optical,-38.3,-25.043,63,3.86
4.048,253,COASTING,-7.399,5.196,-26.596,-1.905,-22.034,0.361,14.823,4.562,15.509,270.68,378.7,1,-35,-25,0,FALSE,TRUE,989.2,457.7,,,535,300.4,FALSE,14.635,4.835,15.413,15.509,13.726,13.726,filtered-optical,-38.3,-25.043,63,1.94
4.064,254,COASTING,-7.482,5.16,-26.902,-2.567,-22.594,-0.039,14.99,5.186,15.862,276.84,387.2,1,-35,-25,0,FALSE,TRUE,993.5,472.3,,,533.7,300.4,FALSE,15.112,5.199,15.982,15.862,14.244,14.244,filtered-optical,-38.3,-25.043,63,2.24
4.08,255,COASTING,-7.564,5.124,-27.49,-3.199,-23.154,-0.439,15.439,5.782,16.486,287.74,402.73,1,-35,-25,0,FALSE,TRUE,1005.1,486.2,,,532.3,300.4,FALSE,15.59,5.563,16.553,16.486,14.787,14.787,filtered-optical,-38.3,-25.043,63,1.59
4.096,256,COASTING,-7.646,5.087,-28.464,-3.338,-23.714,-0.839,16.276,5.883,17.307,302.06,423.96,1,-35,-25,0,FALSE,TRUE,1026.6,488.5,,,531,300.4,FALSE,16.068,5.926,17.126,17.307,15.398,15.398,filtered-optical,-38.3,-25.043,63,2.13
4.112,257,COASTING,-7.727,5.05,-28.934,-3.551,-24.274,-1.239,16.609,6.058,17.679,308.56,433.51,1,-35,-25,0,FALSE,TRUE,1035.1,492.8,,,529.6,300.3,FALSE,16.547,6.289,17.702,17.679,15.951,15.951,filtered-optical,-38.3,-25.043,63,2.16
4.128,258,COASTING,-7.807,5.012,-29.229,-4.352,-24.834,-1.639,16.767,6.821,18.102,315.94,443.66,1,-35,-25,0,FALSE,TRUE,1039.1,511,,,528.3,300.3,FALSE,17.027,6.651,18.28,18.102,16.473,16.473,filtered-optical,-38.3,-25.043,63,2.3
4.144,259,COASTING,-7.887,4.974,-30.171,-4.731,-25.394,-2.039,17.573,7.161,18.976,331.2,466.3,1,-35,-25,0,FALSE,TRUE,1060,519.3,,,526.9,300.3,FALSE,17.507,7.013,18.859,18.976,17.08,17.08,filtered-optical,-38.3,-25.043,63,1.99
4.16,260,COASTING,-7.967,4.936,-30.966,-4.731,-25.954,-2.439,18.233,7.122,19.574,341.63,482.27,1,-35,-25,0,FALSE,TRUE,1077.2,518.6,,,525.6,300.3,FALSE,17.987,7.375,19.441,19.574,17.684,17.684,filtered-optical,-38.3,-25.043,63,2.26
4.176,261,COASTING,-8.045,4.897,-31.136,-5.384,-26.514,-2.839,18.268,7.736,19.838,346.24,488.43,1,-35,-25,0,FALSE,TRUE,1077.9,533.3,,,524.2,300.3,FALSE,18.469,7.736,20.024,19.838,18.206,18.206,filtered-optical,-38.3,-25.043,63,2.9
4.192,262,COASTING,-8.123,4.858,-31.798,-5.996,-27.074,-3.239,18.796,8.307,20.55,358.67,506.66,0.984,-35,-25,0,FALSE,TRUE,1091.8,547,,,522.9,300.3,FALSE,18.951,8.097,20.608,20.55,18.775,18.775,filtered-optical,-38.3,-25.043,63,2.07
4.208,263,COASTING,-8.201,4.818,-32.864,-6.144,-27.634,-3.639,19.729,8.415,21.449,374.35,530.81,0.959,-35,-25,0,FALSE,TRUE,1116.7,549.5,,,521.5,300.2,FALSE,19.433,8.458,21.194,21.449,19.423,19.423,filtered-optical,-38.3,-25.043,63,2.61
4.224,264,COASTING,-8.278,4.778,-33.188,-6.326,-28.194,-4.039,19.92,8.557,21.68,378.39,536.88,0.94,-35,-25,0,FALSE,TRUE,1121.9,552.7,,,520.1,300.2,FALSE,19.917,8.818,21.781,21.68,19.97,19.97,filtered-optical,-38.3,-25.043,63,2.63
4.24,265,COASTING,-8.354,4.738,-33.49,-7.236,-28.754,-4.439,20.09,9.426,22.191,387.31,549.31,0.931,-35,-25,0,FALSE,TRUE,1126.5,573.4,,,518.8,300.2,FALSE,20.4,9.177,22.37,22.191,20.509,20.509,filtered-optical,-38.3,-25.043,63,2.38
4.256,266,COASTING,-8.429,4.698,-34.581,-7.437,-29.314,-4.839,21.049,9.586,23.129,403.68,574.88,0.932,-35,-25,0,FALSE,TRUE,1152.7,577,,,517.4,300.2,FALSE,20.885,9.537,22.959,23.129,21.144,21.144,filtered-optical,-38.3,-25.043,63,2.3
4.272,267,COASTING,-8.504,4.657,-35.263,-7.621,-29.874,-5.239,21.601,9.728,23.69,413.47,590.23,0.942,-35,-25,0,FALSE,TRUE,1168,580.3,,,516.1,300.2,FALSE,21.37,9.896,23.55,23.69,21.761,21.761,filtered-optical,-38.3,-25.043,63,2.25
4.288,268,COASTING,-8.578,4.615,-35.356,-8.106,-30.434,-5.639,21.563,10.171,23.841,416.11,593.53,0.96,-35,-25,0,FALSE,TRUE,1167.1,591,,,514.7,300.2,FALSE,21.856,10.254,24.142,23.841,22.266,22.266,filtered-optical,-38.3,-25.043,63,2.04
4.304,269,COASTING,-8.652,4.574,-36.189,-8.917,-30.994,-6.039,22.266,10.94,24.809,432.99,619.06,0.982,-35,-25,0,FALSE,TRUE,1186.7,609.6,,,513.4,300.1,FALSE,22.342,10.613,24.735,24.809,22.882,22.882,filtered-optical,-38.3,-25.043,63,2.13
4.32,270,COASTING,-8.725,4.532,-37.218,-8.794,-31.554,-6.439,23.167,10.773,25.549,445.92,640.53,1,-35,-25,0,FALSE,TRUE,1211.9,605.8,,,512,300.1,FALSE,22.83,10.971,25.329,25.549,23.529,23.529,filtered-optical,-38.3,-25.043,63,87.35
4.336,271,COASTING,-8.797,4.489,-37.391,-9.288,-32.114,-6.839,23.212,11.225,25.784,450.01,646.17,1,-35,-25,0,FALSE,TRUE,1213.2,617,,,510.7,300.1,FALSE,23.317,11.328,25.924,25.784,24.075,24.075,filtered-optical,-38.3,-25.043,63,3.24
4.352,272,COASTING,-8.868,4.446,-37.833,-9.907,-32.674,-7.239,23.526,11.8,26.32,459.37,660.16,1,-35,-25,0,FALSE,TRUE,1222,631.2,,,509.3,300.1,FALSE,23.806,11.686,26.519,26.32,24.619,24.619,filtered-optical,-38.3,-25.043,63,2.27
4.368,273,COASTING,-8.939,4.403,-38.982,-10.375,-33.234,-7.639,24.549,12.224,27.424,478.64,691.17,1,-35,-25,0,FALSE,TRUE,1251,641.7,,,508,300.1,FALSE,24.295,12.042,27.116,27.424,25.299,25.299,filtered-optical,-38.3,-25.043,63,2.49
4.384,274,COASTING,-9.009,4.36,-39.484,-10.262,-33.794,-8.039,24.925,12.067,27.693,483.33,699.51,1,-35,-25,0,FALSE,TRUE,1261.7,637.9,,,506.6,300.1,FALSE,24.785,12.399,27.713,27.693,25.88,25.88,filtered-optical,-38.3,-25.043,63,2.13
4.4,275,COASTING,-9.078,4.316,-39.638,-11.097,-34.354,-8.439,24.953,12.858,28.071,489.94,708.46,1,-35,-25,0,FALSE,TRUE,1262.4,657.1,,,505.3,300,FALSE,25.276,12.755,28.312,28.071,26.411,26.411,filtered-optical,-38.3,-25.043,63,2.26
4.416,276,COASTING,-9.147,4.272,-40.609,-11.555,-34.914,-8.839,25.8,13.271,29.013,506.38,735.28,1,-35,-25,0,FALSE,FALSE,1286.8,667.1,,,503.9,300,FALSE,25.767,13.111,28.911,29.013,27.042,27.042,filtered-optical,-38.3,-25.043,63,1.94
4.432,277,COASTING,-9.215,4.228,-41.485,-11.734,-35.474,-9.239,26.552,13.405,29.744,519.14,756.92,1,-35,-25,0,FALSE,FALSE,1308.9,670.2,,,502.6,300,FALSE,26.259,13.467,29.511,29.744,27.697,27.697,filtered-optical,-38.3,-25.043,63,2.45
4.448,278,COASTING,-9.282,4.183,-41.624,-11.957,-36.034,-9.639,26.568,13.583,29.839,520.78,759.22,1,-35,-25,0,FALSE,FALSE,1309.2,674.4,,,501.2,300,FALSE,26.752,13.822,30.111,29.839,28.216,28.216,filtered-optical,-38.3,-25.043,63,2.14
4.464,279,COASTING,-9.349,4.138,-42.238,-12.871,-36.594,-10.039,27.06,14.451,30.677,535.41,781.96,1,-35,-25,0,FALSE,FALSE,1323.9,695.9,,,499.9,300,FALSE,27.245,14.177,30.713,30.677,28.813,28.813,filtered-optical,-38.3,-25.043,63,2.12
4.48,280,COASTING,-9.415,4.092,-43.307,-13.019,-37.154,-10.439,28.007,14.553,31.562,550.86,809.01,1,-35,-25,0,FALSE,FALSE,1352.5,698.4,,,498.5,300,FALSE,27.739,14.531,31.315,31.562,29.479,29.479,filtered-optical,-38.3,-25.043,63,4.11
4.496,281,COASTING,-9.48,4.047,-43.695,-13.191,-37.714,-10.839,28.274,14.678,31.857,556.01,817.8,1,-35,-25,0,FALSE,FALSE,1360.7,701.6,,,497.2,299.9,FALSE,28.234,14.886,31.918,31.857,30.056,30.056,filtered-optical,-38.3,-25.043,63,2.66
4.512,282,COASTING,-9.544,4,-44.002,-13.813,-38.274,-11.239,28.461,15.253,32.29,563.57,829.29,1,-35,-25,0,FALSE,FALSE,1366.6,716.2,,,495.8,299.9,FALSE,28.73,15.24,32.521,32.29,30.597,30.597,filtered-optical,-38.3,-25.043,63,2.35
4.528,283,COASTING,-9.608,3.954,-44.98,-14.451,-38.834,-11.639,29.32,15.844,33.327,581.66,859.97,1,-35,-25,0,FALSE,FALSE,1393.3,731.3,,,494.5,299.9,FALSE,29.226,15.593,33.126,33.327,31.259,31.259,filtered-optical,-38.3,-25.043,63,2.05
4.544,284,COASTING,-9.671,3.907,-45.706,-14.433,-39.394,-12.039,29.926,15.779,33.832,590.47,876.54,1,-35,-25,0,FALSE,FALSE,1412.5,729.8,,,493.1,299.9,FALSE,29.723,15.947,33.731,33.832,31.883,31.883,filtered-optical,-38.3,-25.043,63,2.56
4.56,285,COASTING,-9.733,3.861,-45.938,-14.85,-39.954,-12.439,30.041,16.148,34.106,595.26,883.92,1,-35,-25,0,FALSE,FALSE,1416.2,739.3,,,491.8,299.9,FALSE,30.221,16.3,34.336,34.106,32.422,32.422,filtered-optical,-38.3,-25.043,63,2.88
4.576,286,COASTING,-9.794,3.813,-46.631,-15.636,-40.514,-12.839,30.617,16.887,34.965,610.25,908.87,0.982,-35,-25,0,FALSE,FALSE,1434.6,758,,,490.4,299.9,FALSE,30.72,16.652,34.943,34.965,33.038,33.038,filtered-optical,-38.3,-25.043,63,2.6
4.592,287,COASTING,-9.855,3.766,-47.559,-15.833,-41.074,-13.239,31.428,17.035,35.748,623.92,934.26,0.963,-35,-25,0,FALSE,FALSE,1460.8,761.7,,,489.1,299.8,FALSE,31.219,17.005,35.55,35.748,33.695,33.695,filtered-optical,-38.3,-25.043,63,2.11
4.608,288,COASTING,-9.915,3.718,-47.97,-15.981,-41.634,-13.639,31.723,17.134,36.055,629.27,944.14,0.946,-35,-25,0,FALSE,FALSE,1470.4,764.1,,,487.7,299.8,FALSE,31.719,17.357,36.158,36.055,34.267,34.267,filtered-optical,-38.3,-25.043,63,2.25
4.624,289,COASTING,-9.974,3.67,-48.391,-16.639,-42.194,-14.039,32.03,17.744,36.616,639.07,960.23,0.936,-35,-25,0,FALSE,FALSE,1480.3,779.5,,,486.4,299.8,FALSE,32.22,17.709,36.766,36.616,34.837,34.837,filtered-optical,-38.3,-25.043,63,3.92
4.64,290,COASTING,-10.032,3.621,-49.268,-17.266,-42.754,-14.439,32.793,18.322,37.564,655.62,989.88,0.935,-35,-25,0,FALSE,FALSE,1505.5,794.2,,,485,299.8,FALSE,32.722,18.061,37.375,37.564,35.498,35.498,filtered-optical,-38.3,-25.043,63,2.04
4.656,291,COASTING,-10.09,3.573,-49.959,-17.179,-43.314,-14.839,33.371,18.185,38.004,663.3,1005.97,0.944,-35,-25,0,FALSE,FALSE,1524.8,790.6,,,483.7,299.8,FALSE,33.224,18.412,37.985,38.004,36.105,36.105,filtered-optical,-38.3,-25.043,63,2.02
4.672,292,COASTING,-10.147,3.524,-50.31,-17.733,-43.874,-15.239,33.609,18.689,38.456,671.18,1019.12,0.962,-35,-25,0,FALSE,FALSE,1532.7,803.7,,,482.3,299.8,FALSE,33.727,18.763,38.595,38.456,36.675,36.675,filtered-optical,-38.3,-25.043,63,1.83
4.688,293,COASTING,-10.203,3.474,-50.948,-18.376,-44.434,-15.639,34.135,19.282,39.205,684.26,1042.46,0.986,-35,-25,0,FALSE,FALSE,1550.7,819.2,,,481,299.7,FALSE,34.231,19.114,39.206,39.205,37.288,37.288,filtered-optical,-38.3,-25.043,63,1.55
4.704,294,COASTING,-10.258,3.425,-51.807,-18.704,-44.994,-16.039,34.883,19.56,39.993,698.01,1069.32,1,-35,-25,0,FALSE,FALSE,1576.6,826.7,,,479.6,299.7,FALSE,34.736,19.464,39.818,39.993,37.944,37.944,filtered-optical,-38.3,-25.043,63,1.76
4.72,295,COASTING,-10.312,3.375,-52.321,-18.683,-45.554,-16.439,35.287,19.488,40.311,703.56,1081.43,1,-35,-25,0,FALSE,FALSE,1590.9,825,,,478.2,299.7,FALSE,35.242,19.814,40.43,40.311,38.518,38.518,filtered-optical,-38.3,-25.043,63,1.76
4.736,296,COASTING,-10.366,3.325,-52.727,-19.586,-46.114,-16.839,35.584,20.341,40.988,715.38,1101.13,1,-35,-25,0,FALSE,FALSE,1601.5,847.7,,,476.9,299.7,FALSE,35.748,20.164,41.043,40.988,39.117,39.117,filtered-optical,-38.3,-25.043,63,1.8
4.752,297,COASTING,-10.419,3.275,-53.518,-19.927,-46.674,-17.239,36.266,20.631,41.724,728.22,1126.86,1,-35,-25,0,FALSE,FALSE,1626.2,855.6,,,475.5,299.7,FALSE,36.255,20.514,41.657,41.724,39.749,39.749,filtered-optical,-38.3,-25.043,63,1.81
4.768,298,COASTING,-10.471,3.224,-54.292,-20.107,-47.234,-17.639,36.933,20.76,42.368,739.46,1150.59,1,-35,-25,0,FALSE,FALSE,1650.8,859,,,474.2,299.7,FALSE,36.763,20.863,42.271,42.368,40.384,40.384,filtered-optical,-38.3,-25.043,63,1.87
4.784,299,COASTING,-10.522,3.173,-54.66,-20.411,-47.794,-18.039,37.194,21.013,42.719,745.59,1162.4,1,-35,-25,0,FALSE,FALSE,1660.7,865.6,,,472.8,299.6,FALSE,37.272,21.213,42.886,42.719,40.95,40.95,filtered-optical,-38.3,-25.043,63,3.5
4.8,300,COASTING,-10.572,3.122,-55.2,-21.342,-48.354,-18.439,37.628,21.892,43.533,759.79,1187.8,1,-35,-25,0,FALSE,FALSE,1677,889.1,,,471.5,299.6,FALSE,37.782,21.562,43.501,43.533,41.576,41.576,filtered-optical,-38.3,-25.043,63,1.98
4.816,301,COASTING,-10.622,3.071,-56.122,-21.325,-48.914,-18.839,38.445,21.823,44.207,771.55,1215.15,1,-35,-25,0,FALSE,FALSE,1708.2,887,,,470.1,299.6,FALSE,38.292,21.91,44.118,44.207,42.214,42.214,filtered-optical,-38.3,-25.043,63,1.98
4.832,302,COASTING,-10.67,3.02,-56.686,-21.653,-49.474,-19.239,38.905,22.098,44.743,780.91,1234.7,1,-35,-25,0,FALSE,FALSE,1726.1,894.3,,,468.8,299.6,FALSE,38.804,22.259,44.734,44.743,42.827,42.827,filtered-optical,-38.3,-25.043,63,1.67
4.848,303,COASTING,-10.718,2.968,-56.984,-22.253,-50.034,-19.639,39.099,22.646,45.184,788.61,1248.29,0.987,-35,-25,0,FALSE,FALSE,1733.7,909.1,,,467.4,299.6,FALSE,39.316,22.607,45.352,45.184,43.398,43.398,filtered-optical,-38.3,-25.043,63,1.87
4.864,304,COASTING,-10.765,2.916,-57.809,-22.874,-50.594,-20.039,39.821,23.215,46.094,804.49,1281.27,0.979,-35,-25,0,FALSE,FALSE,1762.2,924.8,,,466.1,299.6,FALSE,39.829,22.955,45.97,46.094,44.052,44.052,filtered-optical,-38.3,-25.043,63,1.77
4.88,305,COASTING,-10.812,2.864,-58.673,-22.743,-51.154,-20.439,40.584,23.03,46.663,814.43,1307.08,0.976,-35,-25,0,FALSE,FALSE,1792.8,919.8,,,464.7,299.5,FALSE,40.342,23.303,46.589,46.663,44.685,44.685,filtered-optical,-38.3,-25.043,63,1.85
4.896,306,COASTING,-10.857,2.811,-58.932,-23.386,-51.714,-20.839,40.742,23.62,47.094,821.95,1320.24,0.979,-35,-25,0,FALSE,FALSE,1799.2,936.3,,,463.4,299.5,FALSE,40.857,23.65,47.208,47.094,45.269,45.269,filtered-optical,-38.3,-25.043,63,1.94
4.912,307,COASTING,-10.902,2.759,-59.459,-24.013,-52.274,-21.239,41.169,24.194,47.751,833.42,1343.45,0.983,-35,-25,0,FALSE,FALSE,1816.6,952.5,,,462,299.5,FALSE,41.372,23.998,47.829,47.751,45.871,45.871,filtered-optical,-38.3,-25.043,63,1.84
4.928,308,COASTING,-10.945,2.706,-60.508,-24.233,-52.834,-21.639,42.119,24.361,48.657,849.22,1382.05,0.987,-35,-25,0,FALSE,FALSE,1856.5,957.4,,,460.7,299.5,FALSE,41.889,24.345,48.449,48.657,46.546,46.546,filtered-optical,-38.3,-25.043,63,2.05
4.944,309,COASTING,-10.988,2.653,-60.99,-24.349,-53.394,-22.039,42.503,24.422,49.02,855.56,1397.93,0.989,-35,-25,0,FALSE,FALSE,1872.9,959.2,,,459.3,299.5,FALSE,42.406,24.692,49.071,49.02,47.146,47.146,filtered-optical,-38.3,-25.043,63,3.29
4.96,310,COASTING,-11.03,2.599,-61.212,-25.183,-53.954,-22.439,42.627,25.202,49.519,864.28,1412.64,0.987,-35,-25,0,FALSE,FALSE,1878.3,981.3,,,458,299.5,FALSE,42.924,25.038,49.693,49.519,47.721,47.721,filtered-optical,-38.3,-25.043,63,2.11
4.976,311,COASTING,-11.071,2.546,-62.181,-25.574,-54.514,-22.839,43.499,25.539,50.442,880.38,1452.02,0.981,-35,-25,0,FALSE,FALSE,1916.7,990.8,,,456.6,299.4,FALSE,43.443,25.385,50.316,50.442,48.381,48.381,filtered-optical,-38.3,-25.043,63,2.17
4.992,312,COASTING,-11.112,2.492,-63.022,-25.607,-55.074,-23.239,44.245,25.518,51.076,891.44,1482.66,0.973,-35,-25,0,FALSE,FALSE,1950.6,989.9,,,455.3,299.4,FALSE,43.962,25.731,50.939,51.076,49.034,49.034,filtered-optical,-38.3,-25.043,63,1.66
5.008,313,COASTING,-11.151,2.438,-63.144,-26.161,-55.634,-23.639,44.272,26.017,51.35,896.23,1490.08,0.967,-35,-25,0,FALSE,FALSE,1951.9,1004.1,,,453.9,299.4,FALSE,44.483,26.077,51.563,51.35,49.596,49.596,filtered-optical,-38.3,-25.043,63,2.05
5.024,314,COASTING,-11.19,2.384,-63.792,-26.857,-56.194,-24.039,44.826,26.658,52.154,910.25,1521.8,0.964,-35,-25,0,FALSE,FALSE,1977.7,1022.5,,,452.6,299.4,FALSE,45.004,26.423,52.188,52.154,50.216,50.216,filtered-optical,-38.3,-25.043,63,2.07
5.04,315,COASTING,-11.227,2.33,-64.901,-26.995,-56.754,-24.439,45.841,26.742,53.071,926.26,1567.14,0.968,-35,-25,0,FALSE,FALSE,2026.2,1024.8,,,451.2,299.4,FALSE,45.527,26.769,52.813,53.071,50.908,50.908,filtered-optical,-38.3,-25.043,63,1.97
5.056,316,COASTING,-11.264,2.275,-65.214,-27.164,-57.314,-24.839,46.062,26.855,53.319,930.6,1578.47,0.978,-35,-25,0,FALSE,FALSE,2037.1,1028.2,,,449.9,299.4,FALSE,46.05,27.115,53.44,53.319,51.493,51.493,filtered-optical,-38.3,-25.043,63,1.7
5.072,317,COASTING,-11.3,2.221,-65.49,-28.026,-57.874,-25.239,46.247,27.662,53.889,940.54,1597.21,0.995,-35,-25,0,FALSE,FALSE,2046.2,1052.1,,,448.5,299.3,FALSE,46.574,27.46,54.066,53.889,52.073,52.073,filtered-optical,-38.3,-25.043,63,2.01
5.088,318,COASTING,-11.335,2.166,-66.596,-28.323,-58.434,-25.639,47.262,27.903,54.885,957.92,1646.99,1,-35,-25,0,FALSE,FALSE,2097,1059.4,,,447.2,299.3,FALSE,47.099,27.805,54.694,54.885,52.755,52.755,filtered-optical,-38.3,-25.043,63,3.91
5.104,319,COASTING,-11.37,2.111,-67.287,-28.455,-58.994,-26.039,47.865,27.98,55.443,967.66,1676.6,1,-35,-25,0,FALSE,FALSE,2128,1061.9,,,445.8,299.3,FALSE,47.625,28.15,55.322,55.443,53.407,53.407,filtered-optical,-38.3,-25.043,63,2.12
5.12,320,COASTING,-11.403,2.056,-67.371,-28.918,-59.554,-26.439,47.859,28.387,55.645,971.18,1681.6,1,-35,-25,0,FALSE,FALSE,2127.6,1074.3,,,444.5,299.3,FALSE,48.151,28.495,55.951,55.645,53.949,53.949,filtered-optical,-38.3,-25.043,63,2.18
5.136,321,COASTING,-11.435,2.001,-68.196,-29.749,-60.114,-26.839,48.597,29.162,56.675,989.17,1727.75,1,-35,-25,0,FALSE,FALSE,2166.5,1097.9,,,443.1,299.3,FALSE,48.679,28.84,56.581,56.675,54.61,54.61,filtered-optical,-38.3,-25.043,63,1.81
5.152,322,COASTING,-11.467,1.945,-69.224,-29.673,-60.674,-27.239,49.538,29.03,57.418,1002.13,1773.51,1,-35,-25,0,FALSE,FALSE,2217.7,1093.8,,,441.8,299.3,FALSE,49.207,29.185,57.211,57.418,55.291,55.291,filtered-optical,-38.3,-25.043,63,65.72
5.168,323,COASTING,-11.498,1.89,-69.413,-30.097,-61.234,-27.639,49.641,29.398,57.693,1006.93,1783.61,1,-35,-25,0,FALSE,FALSE,2223.2,1104.9,,,440.4,299.2,FALSE,49.736,29.529,57.842,57.693,55.873,55.873,filtered-optical,-38.3,-25.043,63,2.73
5.184,324,COASTING,-11.527,1.834,-69.852,-30.721,-61.794,-28.039,49.995,29.966,58.288,1017.31,1809.56,1,-35,-25,0,FALSE,FALSE,2243,1122.2,,,439,299.2,FALSE,50.267,29.873,58.473,58.288,56.458,56.458,filtered-optical,-38.3,-25.043,63,2.36
5.2,325,COASTING,-11.556,1.778,-70.973,-31.246,-62.354,-28.439,51.032,30.433,59.417,1037.03,1871.39,1,-35,-25,0,FALSE,FALSE,2302.9,1136.6,,,437.7,299.2,FALSE,50.798,30.217,59.106,59.417,57.176,57.176,filtered-optical,-38.3,-25.043,63,2.13
5.216,326,COASTING,-11.584,1.722,-71.493,-31.104,-62.914,-28.839,51.469,30.235,59.693,1041.84,1893.08,0.991,-35,-25,0,FALSE,FALSE,2329,1130.2,,,436.3,299.2,FALSE,51.33,30.561,59.739,59.693,57.786,57.786,filtered-optical,-38.3,-25.043,63,3.28
5.232,327,COASTING,-11.611,1.666,-71.675,-31.902,-63.474,-29.239,51.569,30.976,60.157,1049.93,1908.48,0.968,-35,-25,0,FALSE,FALSE,2335,1153.4,,,435,299.2,FALSE,51.863,30.905,60.373,60.157,58.361,58.361,filtered-optical,-38.3,-25.043,63,2.19
5.248,328,COASTING,-11.638,1.61,-72.602,-32.393,-64.034,-29.639,52.414,31.41,61.105,1066.48,1962.79,0.95,-35,-25,0,FALSE,FALSE,2387.2,1167.2,,,433.6,299.2,FALSE,52.396,31.249,61.007,61.105,59.026,59.026,filtered-optical,-38.3,-25.043,63,1.98
5.264,329,COASTING,-11.663,1.553,-73.467,-32.615,-64.594,-30.039,53.199,31.575,61.863,1079.72,2011.82,0.942,-35,-25,0,FALSE,FALSE,2437.5,1172.6,,,432.3,299.1,FALSE,52.931,31.593,61.643,61.863,59.714,59.714,filtered-optical,-38.3,-25.043,63,1.64
5.28,330,COASTING,-11.687,1.497,-73.667,-32.756,-65.154,-30.439,53.318,31.659,62.009,1082.26,2020.23,0.942,-35,-25,0,FALSE,FALSE,2445.5,1175.5,,,430.9,299.1,FALSE,53.467,31.936,62.278,62.009,60.27,60.27,filtered-optical,-38.3,-25.043,63,1.72
5.296,331,COASTING,-11.711,1.44,-74.254,-33.702,-65.714,-30.839,53.827,32.547,62.903,1097.86,2063.73,0.951,-35,-25,0,FALSE,FALSE,2479.3,1204.5,,,429.6,299.1,FALSE,54.003,32.279,62.915,62.903,60.908,60.908,filtered-optical,-38.3,-25.043,63,2.05
5.312,332,COASTING,-11.733,1.384,-75.266,-33.874,-66.274,-31.239,54.761,32.662,63.762,1112.85,2125.17,0.965,-35,-25,0,FALSE,FALSE,2543.4,1208.4,,,428.2,299.1,FALSE,54.541,32.623,63.553,63.762,61.6,61.6,filtered-optical,-38.3,-25.043,63,2.2
5.328,333,COASTING,-11.755,1.327,-75.718,-34.051,-66.834,-31.639,55.137,32.782,64.146,1119.57,2151.76,0.981,-35,-25,0,FALSE,FALSE,2570,1212.5,,,426.9,299.1,FALSE,55.079,32.966,64.191,64.146,62.217,62.217,filtered-optical,-38.3,-25.043,63,2.24
5.344,334,COASTING,-11.776,1.27,-76.048,-34.592,-67.394,-32.039,55.391,33.264,64.612,1127.69,2175.41,0.995,-35,-25,0,FALSE,FALSE,2588.3,1228.4,,,425.5,299.1,FALSE,55.618,33.309,64.83,64.612,62.798,62.798,filtered-optical,-38.3,-25.043,63,2.06
5.36,335,COASTING,-11.796,1.213,-76.938,-35.322,-67.954,-32.439,56.206,33.938,65.657,1145.94,2241.12,1,-35,-25,0,FALSE,FALSE,2648.3,1250.8,,,424.2,299,FALSE,56.158,33.652,65.469,65.657,63.491,63.491,filtered-optical,-38.3,-25.043,63,3.66
5.376,336,COASTING,-11.815,1.156,-77.69,-35.279,-68.514,-32.839,56.884,33.836,66.187,1155.18,2288.77,1,-35,-25,0,FALSE,FALSE,2700.1,1247.1,,,422.8,299,FALSE,56.699,33.995,66.11,66.187,64.145,64.145,filtered-optical,-38.3,-25.043,63,2.7
5.392,337,COASTING,-11.833,1.098,-78.001,-35.682,-69.074,-33.239,57.122,34.182,66.568,1161.83,2311.08,1,-35,-25,0,FALSE,FALSE,2718.6,1258.6,,,421.5,299,FALSE,57.241,34.338,66.751,66.568,64.732,64.732,filtered-optical,-38.3,-25.043,63,2.22
5.408,338,COASTING,-11.85,1.041,-78.615,-36.431,-69.634,-33.639,57.664,34.872,67.389,1176.16,2361.59,1,-35,-25,0,FALSE,FALSE,2761.8,1282.1,,,420.1,299,FALSE,57.784,34.68,67.392,67.389,65.376,65.376,filtered-optical,-38.3,-25.043,63,2.15
5.424,339,COASTING,-11.866,0.984,-79.505,-36.73,-70.194,-34.039,58.482,35.113,68.214,1190.56,2429.36,1,-35,-25,0,FALSE,FALSE,2829.6,1290.4,,,418.8,299,FALSE,58.328,35.023,68.035,68.214,66.064,66.064,filtered-optical,-38.3,-25.043,63,2.59
5.44,340,COASTING,-11.881,0.926,-80.02,-36.795,-70.754,-34.439,58.927,35.12,68.599,1197.28,2465.9,1,-35,-25,0,FALSE,FALSE,2867.8,1290.6,,,417.4,299,FALSE,58.873,35.365,68.678,68.599,66.679,66.679,filtered-optical,-38.3,-25.043,63,2.85
5.456,341,COASTING,-11.896,0.869,-80.417,-37.461,-71.314,-34.839,59.255,35.728,69.193,1207.64,2501.59,1,-35,-25,0,FALSE,FALSE,2896.5,1312,,,416.1,298.9,FALSE,59.418,35.708,69.322,69.193,67.288,67.288,filtered-optical,-38.3,-25.043,63,2.27
5.472,342,COASTING,-11.909,0.811,-81.199,-38.097,-71.874,-35.239,59.968,36.306,70.102,1223.52,2571.23,1,-35,-25,0,FALSE,FALSE,2961.1,1332.7,,,414.7,298.9,FALSE,59.965,36.05,69.967,70.102,67.97,67.97,filtered-optical,-38.3,-25.043,63,2.02
5.488,343,COASTING,-11.922,0.753,-81.97,-38.066,-72.434,-35.639,60.672,36.216,70.659,1233.23,2633.65,1,-35,-25,0,FALSE,FALSE,3027.6,1329.7,,,413.4,298.9,FALSE,60.512,36.393,70.613,70.659,68.622,68.622,filtered-optical,-38.3,-25.043,63,2.19
5.504,344,COASTING,-11.933,0.696,-82.368,-38.52,-72.994,-36.039,61.003,36.612,71.146,1241.74,2669.96,1,-35,-25,0,FALSE,FALSE,3060,1344.1,,,412,298.9,FALSE,61.061,36.735,71.259,71.146,69.234,69.234,filtered-optical,-38.3,-25.043,63,2.46
5.52,345,COASTING,-11.944,0.638,,,-73.554,-36.439,61.465,37.248,71.871,1254.38,2723.03,1,-35,-25,0,FALSE,FALSE,3106.3,1367.3,,,,,FALSE,61.61,37.077,71.906,71.871,69.873,69.873,filtered-optical,-38.3,-25.043,63,4.34
5.536,346,LOST,-11.954,0.58,,,-74.069,-36.807,62.23,37.505,72.659,1268.13,2803.05,1,-35,-25,0,FALSE,FALSE,3190.7,1377.9,,,,,FALSE,62.116,37.387,72.499,72.659,70.548,70.548,filtered-optical,0,0,63,2.96
5.552,347,LOST,-11.962,0.522,,,-74.543,-37.146,62.693,37.352,72.977,1273.69,2849.27,1,-35,-25,0,FALSE,FALSE,3245.5,1373.2,,,,,FALSE,62.581,37.668,73.043,72.977,71.137,71.137,filtered-optical,0,0,63,2.22
5.568,348,LOST,-11.97,0.464,,,-74.979,-37.457,62.838,38.052,73.461,1282.14,2874.19,1,-35,-25,0,FALSE,FALSE,3265.8,1399.9,,,,,FALSE,63.009,37.921,73.54,73.461,71.701,71.701,filtered-optical,0,0,63,2.2
5.584,349,LOST,-11.977,0.406,,,-75.38,-37.744,63.353,38.295,74.028,1292.04,2933.75,1,-35,-25,0,FALSE,FALSE,3328.5,1409.8,,,,,FALSE,63.403,38.15,73.996,74.028,72.265,72.265,filtered-optical,0,0,63,1.91
5.6,350,LOST,-11.983,0.348,,,-75.75,-38.007,63.978,38.273,74.553,1301.19,3004.53,0.986,-35,-25,0,FALSE,FALSE,3406.4,1409.7,,,,,FALSE,63.766,38.356,74.413,74.553,72.819,72.819,filtered-optical,0,0,63,1.97
5.616,351,LOST,-11.988,0.29,,,-76.089,-38.25,64.057,38.311,74.639,1302.7,3014.18,0.962,-35,-25,0,FALSE,FALSE,3419.5,1411.8,,,,,FALSE,64.101,38.54,74.795,74.639,73.261,73.261,filtered-optical,0,0,63,2.48
5.632,352,LOST,-11.993,0.232,,,-76.402,-38.473,64.196,39.024,75.127,1311.21,3040.29,0.942,-35,-25,0,FALSE,FALSE,3439.8,1439.9,,,,,FALSE,64.409,38.705,75.144,75.127,73.713,73.713,filtered-optical,0,0,63,2.33
5.648,353,LOST,-11.996,0.174,,,-76.689,-38.678,64.847,38.8,75.569,1318.92,3116.15,0.93,-35,-25,0,FALSE,FALSE,3525.3,1432.1,,,,,FALSE,64.693,38.853,75.463,75.569,74.163,74.163,filtered-optical,0,0,63,1.92
5.664,354,LOST,-11.998,0.116,,,-76.953,-38.867,65.11,38.822,75.806,1323.06,3149.52,0.929,-35,-25,0,FALSE,FALSE,3562.7,1433.8,,,,,FALSE,64.955,38.983,75.755,75.806,74.561,74.561,filtered-optical,0,0,63,3.76
5.68,355,LOST,-12,0.058,,,-77.197,-39.041,64.949,39.096,75.808,1323.11,3132.89,0.938,-35,-25,0,FALSE,FALSE,3544.1,1445.2,,,,,FALSE,65.197,39.099,76.022,75.808,74.863,74.863,filtered-optical,0,0,63,2.88
5.696,356,LOST,-12,0,,,-77.42,-39.201,65.382,39.494,76.384,1333.16,3193.38,0.956,-35,-25,0,FALSE,FALSE,3604.3,1461.4,,,,,FALSE,65.42,39.201,76.266,76.384,75.232,75.232,filtered-optical,0,0,63,2.46
5.712,357,LOST,-12,-0.058,,,-77.626,-39.348,65.913,39.028,76.601,1336.95,3257.56,0.979,-35,-25,0,FALSE,FALSE,3680.3,1443.8,,,,,FALSE,65.627,39.29,76.489,76.601,75.564,75.564,filtered-optical,0,0,63,2.37
5.728,358,LOST,-11.998,-0.116,,,-77.816,-39.483,65.706,39.318,76.572,1336.43,3233.59,1,-35,-25,0,FALSE,FALSE,3653.6,1455.5,,,,,FALSE,65.818,39.367,76.692,76.572,75.808,75.808,filtered-optical,0,0,63,2.38
5.744,359,LOST,-11.996,-0.174,,,-77.99,-39.608,65.75,39.605,76.757,1339.66,3243.31,1,-35,-25,0,FALSE,FALSE,3661.9,1467,,,,,FALSE,65.994,39.433,76.878,76.757,76.038,76.038,filtered-optical,0,0,63,2.29
5.76,360,LOST,-11.993,-0.232,,,-78.15,-39.722,66.406,39.562,77.298,1349.1,3332.67,1,-35,-25,0,FALSE,FALSE,3758.4,1465.5,,,,,FALSE,66.158,39.49,77.047,77.298,76.344,76.344,filtered-optical,0,0,63,2.39
5.776,361,LOST,-11.988,-0.29,,,-78.298,-39.828,66.43,39.237,77.153,1346.57,3331.87,1,-35,-25,0,FALSE,FALSE,3764,1452.9,,,,,FALSE,66.309,39.537,77.202,77.153,76.54,76.54,filtered-optical,0,0,63,2.09
5.792,362,LOST,-11.983,-0.348,,,-78.433,-39.925,66.127,39.729,77.144,1346.41,3296.02,1,-35,-25,0,FALSE,FALSE,3721.5,1472.4,,,,,FALSE,66.45,39.576,77.343,77.144,76.686,76.686,filtered-optical,0,0,63,2.15
5.808,363,LOST,-11.977,-0.406,,,-78.558,-40.014,66.631,39.765,77.595,1354.29,3367.4,1,-35,-25,0,FALSE,FALSE,3797.7,1474,,,,,FALSE,66.581,39.607,77.471,77.595,76.906,76.906,filtered-optical,0,0,63,90.66
5.824,364,LOST,-11.97,-0.464,,,-78.673,-40.096,67.007,39.462,77.763,1357.23,3418.31,1,-35,-25,0,FALSE,FALSE,3856.9,1462.4,,,,,FALSE,66.703,39.631,77.588,77.763,77.114,77.114,filtered-optical,0,0,63,2.84
5.84,365,LOST,-11.962,-0.522,,,-78.779,-40.171,66.601,39.529,77.448,1351.73,3359.96,1,-35,-25,0,FALSE,FALSE,3796.2,1465.5,,,,,FALSE,66.816,39.649,77.695,77.448,77.195,77.195,filtered-optical,0,0,63,2.26
5.856,366,LOST,-11.954,-0.58,,,-78.876,-40.241,66.732,39.915,77.758,1357.14,3383.85,1,-35,-25,0,FALSE,FALSE,3817.3,1481.2,,,,,FALSE,66.923,39.661,77.792,77.758,77.332,77.332,filtered-optical,0,0,63,2.11
5.872,367,LOST,-11.944,-0.638,,,-78.966,-40.305,67.341,39.653,78.148,1363.95,3471.11,1,-35,-25,0,FALSE,FALSE,3913.6,1471.3,,,,,FALSE,67.022,39.667,77.88,78.148,77.53,77.53,filtered-optical,0,0,63,2.34
5.888,368,LOST,-11.933,-0.696,,,-79.048,-40.363,67.134,39.417,77.85,1358.74,3436.7,1,-35,-25,0,FALSE,FALSE,3881.6,1462.3,,,,,FALSE,67.115,39.668,77.961,77.85,77.607,77.607,filtered-optical,0,0,63,2.16
5.904,369,LOST,-11.922,-0.753,,,-79.124,-40.417,66.875,39.814,77.829,1358.38,3403.42,1,-35,-25,0,FALSE,FALSE,3842.2,1478.2,,,,,FALSE,67.202,39.664,78.034,77.829,77.661,77.661,filtered-optical,0,0,63,1.97
5.92,370,LOST,-11.909,-0.811,,,-79.193,-40.467,67.439,39.803,78.309,1366.76,3488.12,1,-35,-25,0,FALSE,FALSE,3932.1,1477.9,,,,,FALSE,67.284,39.656,78.101,78.309,77.818,77.818,filtered-optical,0,0,63,1.91
5.936,371,LOST,-11.896,-0.869,,,-79.257,-40.513,67.599,39.472,78.28,1366.24,3508.78,1,-35,-25,0,FALSE,FALSE,3958.9,1464.8,,,,,FALSE,67.362,39.644,78.162,78.28,77.93,77.93,filtered-optical,0,0,63,2.49
5.952,372,LOST,-11.881,-0.926,,,-79.316,-40.555,67.159,39.502,77.915,1359.87,3441.57,1,-35,-25,0,FALSE,FALSE,3888.7,1465.9,,,,,FALSE,67.435,39.629,78.217,77.915,77.926,77.926,filtered-optical,0,0,63,3.08
5.968,373,LOST,-11.866,-0.984,,,-79.37,-40.594,67.419,39.916,78.35,1367.46,3486.46,0.997,-35,-25,0,FALSE,FALSE,3931.1,1482.2,,,,,FALSE,67.504,39.61,78.267,78.35,78.029,78.029,filtered-optical,0,0,63,4
5.984,374,LOST,-11.85,-1.041,,,-79.42,-40.629,67.879,39.484,78.528,1370.57,3553.35,0.985,-35,-25,0,FALSE,FALSE,4007.8,1465.1,,,,,FALSE,67.571,39.588,78.314,78.528,78.15,78.15,filtered-optical,0,0,63,3.09
6,375,LOST,-11.833,-1.098,,,-79.466,-40.662,67.556,39.404,78.208,1364.99,3501.21,0.971,-35,-25,0,FALSE,FALSE,3954.9,1462.1,,,,,FALSE,67.634,39.564,78.355,78.208,78.164,78.164,filtered-optical,0,0,63,2.84
6.016,376,LOST,-11.815,-1.156,,,-79.508,-40.692,67.441,39.609,78.212,1365.06,3485.87,0.957,-35,-25,0,FALSE,FALSE,3936.8,1470.3,,,,,FALSE,67.694,39.537,78.394,78.212,78.176,78.176,filtered-optical,0,0,63,2.41
6.032,377,LOST,-11.796,-1.213,,,-79.547,-40.72,67.951,39.748,78.723,1373.97,3568.16,0.947,-35,-25,0,FALSE,FALSE,4022.1,1476,,,,,FALSE,67.752,39.507,78.429,78.723,78.308,78.308,filtered-optical,0,0,63,2.08
6.048,378,LOST,-11.776,-1.27,,,-79.583,-40.746,67.945,39.167,78.425,1368.78,3560.03,0.944,-35,-25,0,FALSE,FALSE,4021.7,1453.5,,,,,FALSE,67.807,39.476,78.461,78.425,78.337,78.337,filtered-optical,0,0,63,2.16
6.064,379,LOST,-11.755,-1.327,,,-79.616,-40.769,67.609,39.475,78.29,1366.41,3510.34,0.949,-35,-25,0,FALSE,FALSE,3966.3,1465.9,,,,,FALSE,67.861,39.442,78.491,78.29,78.325,78.325,filtered-optical,0,0,63,1.96
6.08,380,LOST,-11.733,-1.384,,,-79.646,-40.791,67.906,39.57,78.594,1371.73,3558.73,0.964,-35,-25,0,FALSE,FALSE,4016.4,1469.8,,,,,FALSE,67.913,39.407,78.518,78.594,78.39,78.39,filtered-optical,0,0,63,2.1
6.096,381,LOST,-11.711,-1.44,,,-79.674,-40.811,68.197,39.393,78.757,1374.56,3603.96,0.986,-35,-25,0,FALSE,FALSE,4066.5,1462.9,,,,,FALSE,67.963,39.37,78.543,78.757,78.479,78.479,filtered-optical,0,0,63,4.81
6.112,382,LOST,-11.687,-1.497,,,-79.7,-40.829,67.912,39.026,78.327,1367.06,3553.01,1,-35,-25,0,FALSE,FALSE,4018.1,1448.6,,,,,FALSE,68.012,39.332,78.566,78.327,78.442,78.442,filtered-optical,0,0,63,2.46
6.128,383,LOST,-11.663,-1.553,,,-79.723,-40.846,67.893,39.544,78.57,1371.3,3556.27,1,-35,-25,0,FALSE,FALSE,4015.1,1468.8,,,,,FALSE,68.06,39.292,78.588,78.57,78.473,78.473,filtered-optical,0,0,63,3.31
6.144,384,LOST,-11.638,-1.61,,,-79.745,-40.861,68.27,39.311,78.779,1374.95,3615.09,1,-35,-25,0,FALSE,FALSE,4080,1459.4,,,,,FALSE,68.107,39.251,78.608,78.779,78.547,78.547,filtered-optical,0,0,63,2.38
6.16,385,LOST,-11.611,-1.666,,,-79.765,-40.875,68.237,39.05,78.621,1372.19,3606.57,1,-35,-25,0,FALSE,FALSE,4074.4,1449.1,,,,,FALSE,68.153,39.209,78.627,78.621,78.565,78.565,filtered-optical,0,0,63,2.85
6.176,386,LOST,-11.584,-1.722,,,-79.783,-40.889,68.018,39.067,78.44,1369.03,3570.77,1,-35,-25,0,FALSE,FALSE,4036.8,1449.7,,,,,FALSE,68.199,39.166,78.645,78.44,78.535,78.535,filtered-optical,0,0,63,2.47
6.192,387,LOST,-11.556,-1.778,,,-79.8,-40.901,68.236,39.434,78.811,1375.51,3610.94,1,-35,-25,0,FALSE,FALSE,4074.5,1464,,,,,FALSE,68.244,39.122,78.662,78.811,78.602,78.602,filtered-optical,0,0,63,2.63
6.208,388,LOST,-11.527,-1.834,,,-79.816,-40.912,68.457,38.933,78.754,1374.51,3642.13,1,-35,-25,0,FALSE,FALSE,4113.5,1444.6,,,,,FALSE,68.288,39.078,78.679,78.754,78.639,78.639,filtered-optical,0,0,63,2.37
6.224,389,LOST,-11.498,-1.89,,,-79.83,-40.922,68.28,38.874,78.571,1371.32,3611.64,1,-35,-25,0,FALSE,FALSE,4082.5,1442.5,,,,,FALSE,68.332,39.032,78.694,78.571,78.622,78.622,filtered-optical,0,0,63,3.9
6.24,390,LOST,-11.467,-1.945,,,-79.843,-40.931,68.232,39.133,78.658,1372.83,3606.71,1,-35,-25,0,FALSE,FALSE,4074.4,1452.8,,,,,FALSE,68.376,38.986,78.709,78.658,78.631,78.631,filtered-optical,0,0,63,2.23
6.256,391,LOST,-11.435,-2.001,,,-79.855,-40.94,68.519,39.087,78.884,1376.79,3654.49,0.98,-35,-25,0,FALSE,FALSE,4125.3,1451.3,,,,,FALSE,68.42,38.939,78.724,78.884,78.692,78.692,filtered-optical,0,0,63,2.34
6.272,392,LOST,-11.403,-2.056,,,-79.866,-40.948,68.574,38.629,78.706,1373.68,3658.62,0.967,-35,-25,0,FALSE,FALSE,4135.4,1433.7,,,,,FALSE,68.463,38.892,78.739,78.706,78.696,78.696,filtered-optical,0,0,63,2.4
6.288,393,LOST,-11.369,-2.111,,,-79.876,-40.955,68.365,38.851,78.633,1372.4,3625.59,0.961,-35,-25,0,FALSE,FALSE,4098.6,1442.3,,,,,FALSE,68.507,38.844,78.753,78.633,78.68,78.68,filtered-optical,0,0,63,5.59
6.304,394,LOST,-11.335,-2.166,,,-79.886,-40.962,68.485,39.039,78.831,1375.85,3648.08,0.962,-35,-25,0,FALSE,FALSE,4120.1,1449.6,,,,,FALSE,68.551,38.796,78.767,78.831,78.717,78.717,filtered-optical,0,0,63,2.29
6.32,395,LOST,-11.3,-2.221,,,-79.894,-40.968,68.773,38.626,78.877,1376.67,3692.94,0.968,-35,-25,0,FALSE,FALSE,4172.2,1433.4,,,,,FALSE,68.594,38.747,78.781,78.877,78.756,78.756,filtered-optical,0,0,63,2.3
6.336,396,LOST,-11.264,-2.276,,,-79.902,-40.974,68.637,38.527,78.711,1373.76,3668.29,0.976,-35,-25,0,FALSE,FALSE,4147.8,1429.4,,,,,FALSE,68.638,38.698,78.796,78.711,78.745,78.745,filtered-optical,0,0,63,2.34
6.352,397,LOST,-11.227,-2.33,,,-79.91,-40.979,68.486,38.821,78.724,1374,3645.8,0.984,-35,-25,0,FALSE,FALSE,4120.9,1440.6,,,,,FALSE,68.682,38.649,78.81,78.724,78.74,78.74,filtered-optical,0,0,63,2.52
6.368,398,LOST,-11.19,-2.384,,,-79.916,-40.984,68.816,38.734,78.968,1378.25,3701.77,0.989,-35,-25,0,FALSE,FALSE,4180.6,1437.1,,,,,FALSE,68.727,38.6,78.825,78.968,78.795,78.795,filtered-optical,0,0,63,3.26
6.384,399,LOST,-11.151,-2.438,,,-79.923,-40.988,68.947,38.255,78.849,1376.17,3719.62,0.99,-35,-25,0,FALSE,FALSE,4204.7,1418.8,,,,,FALSE,68.772,38.55,78.839,78.849,78.808,78.808,filtered-optical,0,0,63,2.55
6.4,400,LOST,-11.112,-2.492,,,-79.928,-40.992,68.634,38.577,78.732,1374.14,3668.26,0.988,-35,-25,0,FALSE,FALSE,4147.3,1431.2,,,,,FALSE,68.817,38.5,78.854,78.732,78.79,78.79,filtered-optical,0,0,63,2.66
6.416,401,LOST,-11.071,-2.546,,,-79.934,-40.996,68.76,38.624,78.865,1376.46,3690.73,0.984,-35,-25,0,FALSE,FALSE,4170.1,1433.2,,,,,FALSE,68.862,38.45,78.87,78.865,78.808,78.808,filtered-optical,0,0,63,2.33
6.432,402,LOST,-11.03,-2.599,,,-79.938,-40.999,69.161,38.336,79.075,1380.12,3758.91,0.981,-35,-25,0,FALSE,FALSE,4244.5,1422.4,,,,,FALSE,68.908,38.4,78.886,79.075,78.873,78.873,filtered-optical,0,0,63,1.92
6.448,403,LOST,-10.988,-2.653,,,-79.943,-41.003,68.936,38.101,78.765,1374.71,3716.07,0.981,-35,-25,0,FALSE,FALSE,4202.4,1413.7,,,,,FALSE,68.955,38.35,78.902,78.765,78.847,78.847,filtered-optical,0,0,63,1.76
6.464,404,LOST,-10.945,-2.706,,,-79.947,-41.006,68.738,38.596,78.833,1375.89,3686.63,0.987,-35,-25,0,FALSE,FALSE,4166.1,1432.6,,,,,FALSE,69.002,38.3,78.918,78.833,78.843,78.843,filtered-optical,0,0,63,2.39
6.48,405,LOST,-10.902,-2.759,,,-79.951,-41.008,69.208,38.238,79.069,1380.01,3766.46,0.998,-35,-25,0,FALSE,FALSE,4253.5,1419,,,,,FALSE,69.049,38.25,78.936,79.069,78.898,78.898,filtered-optical,0,0,63,2.07
6.496,406,LOST,-10.857,-2.811,,,-79.954,-41.011,69.294,38.036,79.047,1379.63,3780.08,1,-35,-25,0,FALSE,FALSE,4270,1411.3,,,,,FALSE,69.097,38.2,78.953,79.047,78.934,78.934,filtered-optical,0,0,63,38.65
6.512,407,LOST,-10.812,-2.864,,,-79.957,-41.013,68.872,38.108,78.712,1373.79,3704.79,1,-35,-25,0,FALSE,FALSE,4190.9,1413.8,,,,,FALSE,69.146,38.149,78.972,78.712,78.88,78.88,filtered-optical,0,0,63,3.93
6.528,408,LOST,-10.765,-2.916,,,-79.96,-41.015,69.135,38.414,79.091,1380.39,3755.09,1,-35,-25,0,FALSE,FALSE,4240.2,1425.3,,,,,FALSE,69.195,38.099,78.991,79.091,78.931,78.931,filtered-optical,0,0,63,2.43
6.544,409,LOST,-10.718,-2.968,,,-79.963,-41.017,69.563,37.809,79.174,1381.85,3827.96,1,-35,-25,0,FALSE,FALSE,4322.8,1402.1,,,,,FALSE,69.245,38.049,79.01,79.174,78.99,78.99,filtered-optical,0,0,63,2.19
6.56,410,LOST,-10.67,-3.02,,,-79.966,-41.019,69.185,37.928,78.9,1377.06,3759.05,1,-35,-25,0,FALSE,FALSE,4250.1,1406.5,,,,,FALSE,69.295,37.999,79.03,78.9,78.968,78.968,filtered-optical,0,0,63,2.25
6.576,411,LOST,-10.622,-3.071,,,-79.968,-41.02,69.077,38.096,78.885,1376.81,3741.19,1,-35,-25,0,FALSE,FALSE,4229.8,1412.8,,,,,FALSE,69.346,37.949,79.051,78.885,78.948,78.948,filtered-optical,0,0,63,2.24
6.592,412,LOST,-10.572,-3.122,,,-79.97,-41.022,69.656,38.023,79.358,1385.07,3847.79,1,-35,-25,0,FALSE,FALSE,4341.6,1410.2,,,,,FALSE,69.398,37.899,79.072,79.358,79.048,79.048,filtered-optical,0,0,63,2.23
6.608,413,LOST,-10.522,-3.174,,,-79.972,-41.023,69.585,37.529,79.06,1379.85,3829.14,1,-35,-25,0,FALSE,FALSE,4327.5,1391.8,,,,,FALSE,69.45,37.85,79.094,79.06,79.051,79.051,filtered-optical,0,0,63,1.67
6.624,414,LOST,-10.471,-3.224,,,-79.974,-41.025,69.169,37.936,78.889,1376.88,3756.19,0.992,-35,-25,0,FALSE,FALSE,4247.2,1407.3,,,,,FALSE,69.503,37.8,79.117,78.889,79.011,79.011,filtered-optical,0,0,63,1.98
6.64,415,LOST,-10.419,-3.275,,,-79.975,-41.026,69.602,37.91,79.256,1383.28,3836.24,0.967,-35,-25,0,FALSE,FALSE,4330.7,1406.5,,,,,FALSE,69.557,37.751,79.141,79.256,79.071,79.071,filtered-optical,0,0,63,2.11
6.656,416,LOST,-10.366,-3.325,,,-79.977,-41.027,69.92,37.578,79.379,1385.42,3894.35,0.946,-35,-25,0,FALSE,FALSE,4394.4,1394.2,,,,,FALSE,69.611,37.702,79.165,79.379,79.145,79.145,filtered-optical,0,0,63,3.39
6.672,417,LOST,-10.312,-3.375,,,-79.978,-41.028,69.456,37.477,78.922,1377.45,3804.4,0.935,-35,-25,0,FALSE,FALSE,4301.9,1390.5,,,,,FALSE,69.666,37.653,79.19,78.922,79.091,79.091,filtered-optical,0,0,63,2.83
6.688,418,LOST,-10.258,-3.425,,,-79.979,-41.029,69.529,37.872,79.174,1381.85,3822.08,0.933,-35,-25,0,FALSE,FALSE,4316,1405.1,,,,,FALSE,69.722,37.604,79.216,79.174,79.111,79.111,filtered-optical,0,0,63,1.95
6.704,419,LOST,-10.203,-3.475,,,-79.981,-41.03,70.086,37.556,79.514,1387.78,3926.85,0.941,-35,-25,0,FALSE,FALSE,4427.9,1393.1,,,,,FALSE,69.778,37.555,79.242,79.514,79.209,79.209,filtered-optical,0,0,63,2.3
6.72,420,LOST,-10.147,-3.524,,,-79.982,-41.03,69.861,37.271,79.181,1381.97,3879.68,0.957,-35,-25,0,FALSE,FALSE,4381.9,1382.3,,,,,FALSE,69.835,37.507,79.27,79.181,79.202,79.202,filtered-optical,0,0,63,2.16
6.736,421,LOST,-10.09,-3.573,,,-79.983,-41.031,69.582,37.551,79.068,1379.99,3828.88,0.977,-35,-25,0,FALSE,FALSE,4326.4,1392.5,,,,,FALSE,69.893,37.458,79.298,79.068,79.17,79.17,filtered-optical,0,0,63,2.13
6.752,422,LOST,-10.032,-3.621,,,-79.984,-41.032,70.088,37.605,79.539,1388.22,3927.74,0.996,-35,-25,0,FALSE,FALSE,4428.5,1394.4,,,,,FALSE,69.951,37.41,79.327,79.539,79.259,79.259,filtered-optical,0,0,63,1.78
6.768,423,LOST,-9.974,-3.67,,,-79.984,-41.032,70.237,37.19,79.475,1387.1,3953.58,1,-35,-25,0,FALSE,FALSE,4459.5,1379,,,,,FALSE,70.01,37.362,79.356,79.475,79.312,79.312,filtered-optical,0,0,63,1.92
6.784,424,LOST,-9.915,-3.718,,,-79.985,-41.033,69.826,37.174,79.105,1380.65,3872,1,-35,-25,0,FALSE,FALSE,4375.4,1378.5,,,,,FALSE,70.07,37.315,79.387,79.105,79.261,79.261,filtered-optical,0,0,63,1.97
6.8,425,LOST,-9.855,-3.766,,,-79.986,-41.033,70.041,37.548,79.471,1387.03,3917.83,1,-35,-25,0,FALSE,FALSE,4419.3,1392.6,,,,,FALSE,70.131,37.268,79.418,79.471,79.312,79.312,filtered-optical,0,0,63,3.4
6.816,426,LOST,-9.794,-3.813,,,-79.987,-41.034,70.465,37.172,79.668,1390.48,4000.16,1,-35,-25,0,FALSE,FALSE,4508.4,1378.9,,,,,FALSE,70.192,37.22,79.45,79.668,79.399,79.399,filtered-optical,0,0,63,3.45
6.832,427,LOST,-9.733,-3.861,,,-79.987,-41.034,70.205,36.986,79.352,1384.95,3945.24,1,-35,-25,0,FALSE,FALSE,4453.5,1372.2,,,,,FALSE,70.254,37.174,79.483,79.352,79.387,79.387,filtered-optical,0,0,63,2.08
6.848,428,LOST,-9.671,-3.908,,,-79.988,-41.035,70.089,37.182,79.341,1384.76,3923.87,1,-35,-25,0,FALSE,FALSE,4429.5,1379.5,,,,,FALSE,70.317,37.127,79.517,79.341,79.376,79.376,filtered-optical,0,0,63,2.61
6.864,429,LOST,-9.608,-3.954,,,-79.988,-41.035,70.532,37.336,79.805,1392.85,4015.65,1,-35,-25,0,FALSE,FALSE,4523,1385.2,,,,,FALSE,70.38,37.081,79.551,79.805,79.48,79.48,filtered-optical,0,0,63,1.89
6.88,430,LOST,-9.544,-4.001,,,-79.989,-41.035,70.583,36.755,79.579,1388.92,4020.84,1,-35,-25,0,FALSE,FALSE,4533.8,1363.7,,,,,FALSE,70.444,37.035,79.586,79.579,79.504,79.504,filtered-optical,0,0,63,2.09
6.896,431,LOST,-9.48,-4.047,,,-79.989,-41.036,70.31,36.979,79.442,1386.52,3966.56,1,-35,-25,0,FALSE,FALSE,4475.4,1371.7,,,,,FALSE,70.509,36.989,79.623,79.442,79.489,79.489,filtered-optical,0,0,63,2
6.912,432,LOST,-9.415,-4.092,,,-79.989,-41.036,70.535,37.109,79.701,1391.05,4014.2,1,-35,-25,0,FALSE,FALSE,4523.3,1376.3,,,,,FALSE,70.575,36.944,79.659,79.701,79.54,79.54,filtered-optical,0,0,63,2.24
6.928,433,LOST,-9.349,-4.138,,,-79.99,-41.036,70.837,36.956,79.898,1394.48,4076.75,1,-35,-25,0,FALSE,FALSE,4589.2,1370.5,,,,,FALSE,70.641,36.898,79.697,79.898,79.627,79.627,filtered-optical,0,0,63,2.07
6.944,434,LOST,-9.282,-4.183,,,-79.99,-41.036,70.665,36.532,79.55,1388.41,4036.28,1,-35,-25,0,FALSE,FALSE,4551.3,1354.9,,,,,FALSE,70.708,36.854,79.736,79.55,79.608,79.608,filtered-optical,0,0,63,2.35
6.96,435,LOST,-9.215,-4.228,,,-79.991,-41.037,70.613,37.035,79.736,1391.66,4029.84,1,-35,-25,0,FALSE,FALSE,4539.8,1373.3,,,,,FALSE,70.775,36.809,79.775,79.736,79.639,79.639,filtered-optical,0,0,63,2.2
6.976,436,LOST,-9.147,-4.272,,,-79.991,-41.037,70.942,36.847,79.941,1395.23,4098.53,1,-35,-25,0,FALSE,FALSE,4612.5,1366.6,,,,,FALSE,70.844,36.765,79.815,79.941,79.712,79.712,filtered-optical,0,0,63,3.58
6.992,437,LOST,-9.078,-4.316,,,-79.991,-41.037,71.03,36.587,79.899,1394.5,4115.38,1,-35,-25,0,FALSE,FALSE,4632.3,1357.2,,,,,FALSE,70.913,36.721,79.856,79.899,79.758,79.758,filtered-optical,0,0,63,2.44
7.008,438,LOST,-9.009,-4.36,,,-79.991,-41.037,70.848,36.53,79.712,1391.23,4075.39,0.988,-35,-25,0,FALSE,FALSE,4591.7,1355.4,,,,,FALSE,70.982,36.677,79.898,79.712,79.746,79.746,filtered-optical,0,0,63,2.07
7.024,439,LOST,-8.939,-4.403,,,-79.992,-41.037,70.983,36.961,80.03,1396.78,4108.57,0.966,-35,-25,0,FALSE,FALSE,4622,1371.3,,,,,FALSE,71.053,36.634,79.941,80.03,79.815,79.815,filtered-optical,0,0,63,2.29
7.04,440,LOST,-8.868,-4.446,,,-79.992,-41.038,71.282,36.467,80.068,1397.45,4170.52,0.948,-35,-25,0,FALSE,FALSE,4690.6,1353.4,,,,,FALSE,71.124,36.591,79.984,80.068,79.876,79.876,filtered-optical,0,0,63,1.94
7.056,441,LOST,-8.797,-4.489,,,-79.992,-41.038,71.212,36.389,79.97,1395.75,4154.06,0.935,-35,-25,0,FALSE,FALSE,4674.5,1350.5,,,,,FALSE,71.195,36.548,80.029,79.97,79.899,79.899,filtered-optical,0,0,63,1.88
7.072,442,LOST,-8.724,-4.532,,,-79.992,-41.038,71.095,36.606,79.965,1395.66,4129.89,0.931,-35,-25,0,FALSE,FALSE,4647.8,1358.3,,,,,FALSE,71.268,36.506,80.074,79.965,79.915,79.915,filtered-optical,0,0,63,2
7.088,443,LOST,-8.652,-4.574,,,-79.992,-41.038,71.39,36.665,80.255,1400.71,4196.74,0.938,-35,-25,0,FALSE,FALSE,4716.2,1360.2,,,,,FALSE,71.341,36.464,80.12,80.255,79.998,79.998,filtered-optical,0,0,63,2.66
7.104,444,LOST,-8.578,-4.615,,,-79.992,-41.038,71.583,36.15,80.194,1399.65,4237.11,0.954,-35,-25,0,FALSE,FALSE,4762.2,1341.4,,,,,FALSE,71.414,36.423,80.166,80.194,80.045,80.045,filtered-optical,0,0,63,2.58
7.12,445,LOST,-8.504,-4.657,,,-79.993,-41.038,71.363,36.373,80.098,1397.97,4188.04,0.977,-35,-25,0,FALSE,FALSE,4709.8,1349.2,,,,,FALSE,71.489,36.381,80.214,80.098,80.058,80.058,filtered-optical,0,0,63,2.94
7.136,446,LOST,-8.429,-4.698,,,-79.993,-41.038,71.433,36.566,80.248,1400.6,4205.83,1,-35,-25,0,FALSE,FALSE,4726.3,1356.2,,,,,FALSE,71.564,36.341,80.262,80.248,80.104,80.104,filtered-optical,0,0,63,1.95
7.152,447,LOST,-8.354,-4.738,,,-79.993,-41.038,71.84,36.237,80.462,1404.32,4298.49,1,-35,-25,0,FALSE,FALSE,4824.3,1344.3,,,,,FALSE,71.639,36.3,80.311,80.462,80.191,80.191,filtered-optical,0,0,63,2.1
7.168,448,LOST,-8.277,-4.779,,,-79.993,-41.038,71.763,36.043,80.306,1401.61,4278.64,1,-35,-25,0,FALSE,FALSE,4805.4,1337.4,,,,,FALSE,71.715,36.26,80.361,80.306,80.219,80.219,filtered-optical,0,0,63,2.09
7.184,449,LOST,-8.201,-4.818,,,-79.993,-41.038,71.548,36.391,80.271,1400.99,4230.88,1,-35,-25,0,FALSE,FALSE,4753.1,1350.2,,,,,FALSE,71.792,36.22,80.412,80.271,80.231,80.231,filtered-optical,0,0,63,2.22
7.2,450,LOST,-8.123,-4.858,,,-79.993,-41.038,71.941,36.326,80.592,1406.6,4323.64,1,-35,-25,0,FALSE,FALSE,4848.9,1348,,,,,FALSE,71.87,36.181,80.463,80.592,80.319,80.319,filtered-optical,0,0,63,2.16
7.216,451,LOST,-8.045,-4.897,,,-79.993,-41.039,72.178,35.877,80.602,1406.78,4378.26,1,-35,-25,0,FALSE,FALSE,4908.6,1332.1,,,,,FALSE,71.948,36.141,80.515,80.602,80.388,80.388,filtered-optical,0,0,63,1.92
7.232,452,LOST,-7.967,-4.936,,,-79.993,-41.039,71.83,36.122,80.401,1403.27,4295.26,1,-35,-25,0,FALSE,FALSE,4821.4,1340.9,,,,,FALSE,72.027,36.103,80.568,80.401,80.391,80.391,filtered-optical,0,0,63,1.59
7.248,453,LOST,-7.887,-4.974,,,-79.993,-41.039,71.963,36.266,80.584,1406.46,4328.44,1,-35,-25,0,FALSE,FALSE,4854.3,1346.1,,,,,FALSE,72.106,36.064,80.622,80.584,80.438,80.438,filtered-optical,0,0,63,2.14
7.264,454,LOST,-7.807,-5.012,,,-79.993,-41.039,72.472,35.979,80.912,1412.18,4453.72,1,-35,-25,0,FALSE,FALSE,4985.3,1335.6,,,,,FALSE,72.186,36.027,80.677,80.912,80.553,80.553,filtered-optical,0,0,63,2.69
7.28,455,LOST,-7.727,-5.05,,,-79.993,-41.039,72.266,35.729,80.616,1407.01,4399.14,0.994,-35,-25,0,FALSE,FALSE,4931.6,1326.5,,,,,FALSE,72.267,35.989,80.732,80.616,80.568,80.568,filtered-optical,0,0,63,2.01
7.296,456,LOST,-7.646,-5.087,,,-79.993,-41.039,72.047,36.214,80.636,1407.36,4348.57,0.987,-35,-25,0,FALSE,FALSE,4875.9,1343.6,,,,,FALSE,72.348,35.952,80.788,80.636,80.584,80.584,filtered-optical,0,0,63,1.46
7.312,457,LOST,-7.564,-5.124,,,-79.993,-41.039,72.593,35.948,81.006,1413.83,4484.78,0.985,-35,-25,0,FALSE,FALSE,5017.9,1333.9,,,,,FALSE,72.429,35.915,80.845,81.006,80.687,80.687,filtered-optical,0,0,63,1.72
7.328,458,LOST,-7.482,-5.16,,,-79.994,-41.039,72.736,35.712,81.03,1414.25,4520.76,0.987,-35,-25,0,FALSE,FALSE,5056.7,1325.4,,,,,FALSE,72.512,35.879,80.903,81.03,80.77,80.77,filtered-optical,0,0,63,2.21
7.344,459,LOST,-7.399,-5.196,,,-79.994,-41.039,72.304,35.769,80.668,1407.93,4409.27,0.99,-35,-25,0,FALSE,FALSE,4942.1,1327.5,,,,,FALSE,72.595,35.843,80.961,80.668,80.745,80.745,filtered-optical,0,0,63,32.95
7.36,460,LOST,-7.316,-5.232,,,-79.994,-41.039,72.605,36.133,81.099,1415.45,4489.4,0.993,-35,-25,0,FALSE,FALSE,5021.3,1340.7,,,,,FALSE,72.678,35.807,81.02,81.099,80.831,80.831,filtered-optical,0,0,63,2.55
7.376,461,LOST,-7.232,-5.267,,,-79.994,-41.039,73.097,35.562,81.289,1418.76,4617.62,0.992,-35,-25,0,FALSE,FALSE,5156.9,1320.5,,,,,FALSE,72.762,35.772,81.08,81.289,80.942,80.942,filtered-optical,0,0,63,2.01
7.392,462,LOST,-7.147,-5.302,,,-79.994,-41.039,72.74,35.642,81.003,1413.76,4521.15,0.987,-35,-25,0,FALSE,FALSE,5057.5,1323.6,,,,,FALSE,72.847,35.737,81.141,81.003,80.957,80.957,filtered-optical,0,0,63,2.24
7.408,463,LOST,-7.062,-5.336,,,-79.994,-41.039,72.652,35.825,81.005,1413.8,4499.47,0.979,-35,-25,0,FALSE,FALSE,5033.8,1330.2,,,,,FALSE,72.932,35.703,81.202,81.005,80.968,80.968,filtered-optical,0,0,63,2.31
7.424,464,LOST,-6.976,-5.37,,,-79.994,-41.039,73.275,35.838,81.569,1423.65,4669.29,0.969,-35,-25,0,FALSE,FALSE,5207.2,1330.8,,,,,FALSE,73.018,35.669,81.264,81.569,81.114,81.114,filtered-optical,0,0,63,3.3
7.44,465,LOST,-6.89,-5.404,,,-79.994,-41.039,73.243,35.304,81.308,1419.09,4656.61,0.961,-35,-25,0,FALSE,FALSE,5198.1,1311.8,,,,,FALSE,73.104,35.635,81.327,81.308,81.161,81.161,filtered-optical,0,0,63,2.27
7.456,466,LOST,-6.803,-5.437,,,-79.994,-41.039,72.863,35.714,81.145,1416.24,4554.59,0.957,-35,-25,0,FALSE,FALSE,5090.6,1326.2,,,,,FALSE,73.19,35.602,81.39,81.145,81.157,81.157,filtered-optical,0,0,63,1.81
7.472,467,LOST,-6.716,-5.47,,,-79.994,-41.039,73.315,35.729,81.557,1423.45,4679.88,0.959,-35,-25,0,FALSE,FALSE,5218.6,1326.5,,,,,FALSE,73.278,35.569,81.454,81.557,81.254,81.254,filtered-optical,0,0,63,2.38
7.488,468,LOST,-6.628,-5.502,,,-79.994,-41.039,73.665,35.46,81.756,1426.91,4779.73,0.97,-35,-25,0,FALSE,FALSE,5322.6,1316.7,,,,,FALSE,73.366,35.537,81.519,81.756,81.376,81.376,filtered-optical,0,0,63,2.57
7.504,469,LOST,-6.54,-5.534,,,-79.994,-41.039,73.261,35.281,81.314,1419.2,4661.5,0.987,-35,-25,0,FALSE,FALSE,5203.2,1310.2,,,,,FALSE,73.454,35.505,81.585,81.314,81.361,81.361,filtered-optical,0,0,63,2.15
7.52,470,LOST,-6.451,-5.565,,,-79.994,-41.039,73.355,35.748,81.602,1424.22,4691.44,1,-35,-25,0,FALSE,FALSE,5230.5,1326.7,,,,,FALSE,73.543,35.474,81.651,81.602,81.419,81.419,filtered-optical,0,0,63,2.25
7.536,471,LOST,-6.362,-5.596,,,-79.994,-41.039,73.912,35.459,81.978,1430.78,4854.1,1,-35,-25,0,FALSE,FALSE,5398.8,1316.5,,,,,FALSE,73.632,35.443,81.718,81.978,81.555,81.555,filtered-optical,0,0,63,1.51
7.552,472,LOST,-6.272,-5.627,,,-79.994,-41.039,73.757,35.197,81.725,1426.37,4805.37,1,-35,-25,0,FALSE,FALSE,5351.1,1307.4,,,,,FALSE,73.722,35.412,81.786,81.725,81.596,81.596,filtered-optical,0,0,63,1.76
7.568,473,LOST,-6.182,-5.657,,,-79.994,-41.039,73.531,35.415,81.615,1424.45,4739.83,1,-35,-25,0,FALSE,FALSE,5282.8,1315.3,,,,,FALSE,73.812,35.382,81.854,81.615,81.601,81.601,filtered-optical,0,0,63,3.81
7.584,474,LOST,-6.091,-5.687,,,-79.994,-41.039,74.009,35.59,82.122,1433.3,4884.85,1,-35,-25,0,FALSE,FALSE,5429.7,1321.7,,,,,FALSE,73.903,35.353,81.923,82.122,81.727,81.727,filtered-optical,0,0,63,2.16
7.6,475,LOST,-6,-5.716,,,-79.994,-41.039,74.203,35.154,82.109,1433.08,4942.74,1,-35,-25,0,FALSE,FALSE,5491.8,1306.5,,,,,FALSE,73.994,35.323,81.993,82.109,81.82,81.82,filtered-optical,0,0,63,2.24
7.616,476,LOST,-5.908,-5.745,,,-79.994,-41.039,73.888,35.145,81.82,1428.03,4844.43,1,-35,-25,0,FALSE,FALSE,5391.6,1306.3,,,,,FALSE,74.086,35.294,82.063,81.82,81.82,81.82,filtered-optical,0,0,63,1.91
7.632,477,LOST,-5.816,-5.773,,,-79.994,-41.039,74.079,35.513,82.151,1433.81,4906.04,1,-35,-25,0,FALSE,FALSE,5451.7,1319.2,,,,,FALSE,74.178,35.266,82.134,82.151,81.9,81.9,filtered-optical,0,0,63,1.64
7.648,478,LOST,-5.723,-5.801,,,-79.994,-41.039,74.496,35.249,82.415,1438.41,5038.06,1,-35,-25,0,FALSE,FALSE,5588,1309.7,,,,,FALSE,74.27,35.238,82.206,82.415,82.025,82.025,filtered-optical,0,0,63,2.4
7.664,479,LOST,-5.63,-5.828,,,-79.994,-41.039,74.353,34.996,82.177,1434.26,4989.54,0.976,-35,-25,0,FALSE,FALSE,5540.1,1300.6,,,,,FALSE,74.364,35.211,82.278,82.177,82.062,82.062,filtered-optical,0,0,63,1.9
7.68,480,LOST,-5.537,-5.855,,,-79.994,-41.039,74.257,35.223,82.188,1434.45,4960.42,0.958,-35,-25,0,FALSE,FALSE,5508.7,1308.4,,,,,FALSE,74.457,35.184,82.351,82.188,82.092,82.092,filtered-optical,0,0,63,1.5
7.696,481,LOST,-5.443,-5.882,,,-79.994,-41.039,74.644,35.418,82.62,1442,5088.14,0.948,-35,-25,0,FALSE,FALSE,5637.3,1315.1,,,,,FALSE,74.551,35.157,82.425,82.62,82.22,82.22,filtered-optical,0,0,63,2.15
7.712,482,LOST,-5.349,-5.908,,,-79.994,-41.039,74.789,34.89,82.527,1440.36,5133.87,0.947,-35,-25,0,FALSE,FALSE,5687.3,1296.5,,,,,FALSE,74.645,35.131,82.499,82.527,82.295,82.295,filtered-optical,0,0,63,3.04
7.728,483,LOST,-5.254,-5.934,,,-79.994,-41.039,74.601,35.048,82.423,1438.56,5071.33,0.954,-35,-25,0,FALSE,FALSE,5622.6,1302.1,,,,,FALSE,74.74,35.105,82.574,82.423,82.326,82.326,filtered-optical,0,0,63,1.9
7.744,484,LOST,-5.159,-5.959,,,-79.994,-41.039,74.754,35.248,82.648,1442.47,5124.45,0.965,-35,-25,0,FALSE,FALSE,5675.3,1309.3,,,,,FALSE,74.835,35.08,82.649,82.648,82.404,82.404,filtered-optical,0,0,63,2.67
7.76,485,LOST,-5.063,-5.984,,,-79.994,-41.039,75.089,35.143,82.906,1446.99,5240.32,0.978,-35,-25,0,FALSE,FALSE,5794,1305.8,,,,,FALSE,74.931,35.055,82.725,82.906,82.526,82.526,filtered-optical,0,0,63,2.2
7.776,486,LOST,-4.967,-6.008,,,-79.994,-41.039,75.049,34.704,82.685,1443.12,5223.38,0.99,-35,-25,0,FALSE,FALSE,5779.7,1290.7,,,,,FALSE,75.027,35.031,82.802,82.685,82.564,82.564,filtered-optical,0,0,63,2.12
7.792,487,LOST,-4.871,-6.032,,,-79.994,-41.039,74.96,35.198,82.813,1445.36,5195.26,0.999,-35,-25,0,FALSE,FALSE,5748.1,1308.1,,,,,FALSE,75.123,35.007,82.879,82.813,82.625,82.625,filtered-optical,0,0,63,2.3
7.808,488,LOST,-4.774,-6.055,,,-79.994,-41.039,75.252,35.092,83.032,1449.18,5298.59,1,-35,-25,0,FALSE,FALSE,5854,1304.4,,,,,FALSE,75.22,34.984,82.957,83.032,82.723,82.723,filtered-optical,0,0,63,2.36
7.824,489,LOST,-4.677,-6.078,,,-79.994,-41.039,75.473,34.85,83.131,1450.9,5378.58,1,-35,-25,0,FALSE,FALSE,5936.9,1295.9,,,,,FALSE,75.317,34.961,83.035,83.131,82.822,82.822,filtered-optical,0,0,63,2.07
7.84,490,LOST,-4.58,-6.1,,,-79.994,-41.039,75.323,34.75,82.953,1447.8,5322.5,1,-35,-25,0,FALSE,FALSE,5880.6,1292.2,,,,,FALSE,75.414,34.939,83.114,82.953,82.854,82.854,filtered-optical,0,0,63,2.24
7.856,491,LOST,-4.482,-6.122,,,-79.994,-41.039,75.379,35.248,83.213,1452.34,5346.09,0.997,-35,-25,0,FALSE,FALSE,5901.5,1309.4,,,,,FALSE,75.512,34.917,83.194,83.213,82.941,82.941,filtered-optical,0,0,63,2.51
7.872,492,LOST,-4.384,-6.144,,,-79.994,-41.039,75.763,34.797,83.372,1455.12,5489.29,0.998,-35,-25,0,FALSE,FALSE,6049.7,1293.5,,,,,FALSE,75.61,34.895,83.274,83.372,83.045,83.045,filtered-optical,0,0,63,3.77
7.888,493,LOST,-4.286,-6.165,,,-79.994,-41.039,75.79,34.714,83.362,1454.94,5499.31,1,-35,-25,0,FALSE,FALSE,6060.2,1290.4,,,,,FALSE,75.709,34.874,83.355,83.362,83.122,83.122,filtered-optical,0,0,63,2.4
7.904,494,LOST,-4.187,-6.185,,,-79.994,-41.039,75.602,34.908,83.272,1453.37,5427.8,1,-35,-25,0,FALSE,FALSE,5986.3,1297.1,,,,,FALSE,75.807,34.854,83.436,83.272,83.158,83.158,filtered-optical,0,0,63,1.96
7.92,495,LOST,-4.088,-6.205,,,-79.994,-41.039,75.912,35.08,83.625,1459.54,5549.64,1,-35,-25,0,FALSE,FALSE,6108.8,1303.2,,,,,FALSE,75.906,34.834,83.518,83.625,83.272,83.272,filtered-optical,0,0,63,1.97
7.936,496,LOST,-3.988,-6.225,,,-79.994,-41.039,76.23,34.541,83.691,1460.68,5676.42,1,-35,-25,0,FALSE,FALSE,6240.4,1284.6,,,,,FALSE,76.006,34.814,83.6,83.691,83.373,83.373,filtered-optical,0,0,63,2.35
7.952,497,LOST,-3.888,-6.244,,,-79.994,-41.039,75.989,34.771,83.567,1458.51,5578.79,1,-35,-25,0,FALSE,FALSE,6139.9,1292.8,,,,,FALSE,76.106,34.795,83.683,83.567,83.42,83.42,filtered-optical,0,0,63,1.86
7.968,498,LOST,-3.788,-6.262,,,-79.994,-41.039,76.018,34.981,83.681,1460.5,5591.86,1,-35,-25,0,FALSE,FALSE,6151.9,1300.3,,,,,FALSE,76.206,34.777,83.766,83.681,83.483,83.483,filtered-optical,0,0,63,2.53
7.984,499,LOST,-3.688,-6.281,,,-79.994,-41.039,76.529,34.755,84.051,1466.97,5805.04,1,-35,-25,0,FALSE,FALSE,6369.3,1292.6,,,,,FALSE,76.306,34.759,83.85,84.051,83.621,83.621,filtered-optical,0,0,63,2.49
8,500,LOST,-3.587,-6.298,,,-79.994,-41.039,76.493,34.484,83.907,1464.45,5787.9,1,-35,-25,0,FALSE,FALSE,6353.5,1283.2,,,,,FALSE,76.407,34.741,83.934,83.907,83.69,83.69,filtered-optical,0,0,63,1.75
8.016,501,LOST,-3.486,-6.315,,,-79.994,-41.039,76.222,34.89,83.828,1463.07,5674.83,1,-35,-25,0,FALSE,FALSE,6236.7,1297.3,,,,,FALSE,76.508,34.724,84.019,83.828,83.724,83.724,filtered-optical,0,0,63,2.87
8.032,502,LOST,-3.385,-6.332,,,-79.994,-41.039,76.668,34.86,84.221,1469.94,5866.69,0.994,-35,-25,0,FALSE,FALSE,6431.5,1296,,,,,FALSE,76.609,34.707,84.104,84.221,83.844,83.844,filtered-optical,0,0,63,87.71
8.048,503,LOST,-3.284,-6.348,,,-79.994,-41.039,76.982,34.464,84.344,1472.08,6007.49,0.968,-35,-25,0,FALSE,FALSE,6576.3,1282.1,,,,,FALSE,76.71,34.691,84.19,84.344,83.965,83.965,filtered-optical,0,0,63,3.34
8.064,504,LOST,-3.182,-6.364,,,-79.994,-41.039,76.603,34.635,84.069,1467.29,5836.89,0.947,-35,-25,0,FALSE,FALSE,6402.9,1287.8,,,,,FALSE,76.812,34.675,84.276,84.069,83.991,83.991,filtered-optical,0,0,63,2.47
8.08,505,LOST,-3.08,-6.379,,,-79.994,-41.039,76.742,34.887,84.3,1471.31,5899.88,0.932,-35,-25,0,FALSE,FALSE,6465.4,1296.4,,,,,FALSE,76.914,34.66,84.363,84.3,84.066,84.066,filtered-optical,0,0,63,2.46
8.096,506,LOST,-2.978,-6.394,,,-79.994,-41.039,77.326,34.613,84.719,1478.63,6173,0.928,-35,-25,0,FALSE,FALSE,6743.4,1286.9,,,,,FALSE,77.016,34.646,84.45,84.719,84.224,84.224,filtered-optical,0,0,63,2.18
8.112,507,LOST,-2.876,-6.408,,,-79.994,-41.039,77.128,34.371,84.44,1473.76,6076.18,0.935,-35,-25,0,FALSE,FALSE,6646.7,1278.6,,,,,FALSE,77.118,34.631,84.538,84.44,84.276,84.276,filtered-optical,0,0,63,2.26
8.128,508,LOST,-2.773,-6.421,,,-79.994,-41.039,76.898,34.836,84.421,1473.42,5970.6,0.951,-35,-25,0,FALSE,FALSE,6537.3,1294.9,,,,,FALSE,77.221,34.618,84.626,84.421,84.311,84.311,filtered-optical,0,0,63,2.14
8.144,509,LOST,-2.67,-6.435,,,-79.994,-41.039,77.489,34.686,84.898,1481.74,6254.52,0.972,-35,-25,0,FALSE,FALSE,6825.3,1289.9,,,,,FALSE,77.324,34.605,84.714,84.898,84.454,84.454,filtered-optical,0,0,63,1.65
8.16,510,LOST,-2.567,-6.447,,,-79.994,-41.039,77.665,34.423,84.952,1482.69,6343.68,0.996,-35,-25,0,FALSE,FALSE,6916.6,1281,,,,,FALSE,77.427,34.592,84.803,84.952,84.574,84.574,filtered-optical,0,0,63,3.9
8.176,511,LOST,-2.464,-6.459,,,-79.994,-41.039,77.236,34.479,84.583,1476.25,6128.56,1,-35,-25,0,FALSE,FALSE,6698.6,1283.1,,,,,FALSE,77.53,34.58,84.892,84.583,84.576,84.576,filtered-optical,0,0,63,1.99
8.192,512,LOST,-2.36,-6.471,,,-79.994,-41.039,77.554,34.893,85.042,1484.26,6288.57,1,-35,-25,0,FALSE,FALSE,6858.1,1297.4,,,,,FALSE,77.634,34.568,84.982,85.042,84.689,84.689,filtered-optical,0,0,63,2.23
8.208,513,LOST,-2.257,-6.482,,,-79.994,-41.039,78.072,34.387,85.31,1488.94,6562.05,1,-35,-25,0,FALSE,FALSE,7137,1279.8,,,,,FALSE,77.737,34.557,85.072,85.31,84.84,84.84,filtered-optical,0,0,63,1.86
8.224,514,LOST,-2.153,-6.493,,,-79.994,-41.039,77.742,34.425,85.022,1483.92,6383.57,1,-35,-25,0,FALSE,FALSE,6956.4,1280.9,,,,,FALSE,77.841,34.546,85.163,85.022,84.884,84.884,filtered-optical,0,0,63,1.63
8.24,515,LOST,-2.049,-6.503,,,-79.994,-41.039,77.67,34.636,85.042,1484.27,6346.96,1,-35,-25,0,FALSE,FALSE,6918.3,1288,,,,,FALSE,77.945,34.536,85.254,85.042,84.922,84.922,filtered-optical,0,0,63,1.82
8.256,516,LOST,-1.945,-6.513,,,-79.994,-41.039,78.291,34.732,85.65,1494.87,6687.61,1,-35,-25,0,FALSE,FALSE,7262.1,1291.2,,,,,FALSE,78.049,34.526,85.345,85.65,85.099,85.099,filtered-optical,0,0,63,1.95
8.272,517,LOST,-1.841,-6.522,,,-79.994,-41.039,78.293,34.188,85.432,1491.07,6686.13,1,-35,-25,0,FALSE,FALSE,7263.3,1272.3,,,,,FALSE,78.153,34.517,85.437,85.432,85.179,85.179,filtered-optical,0,0,63,1.55
8.288,518,LOST,-1.736,-6.531,,,-79.994,-41.039,77.953,34.591,85.283,1488.47,6497.32,1,-35,-25,0,FALSE,FALSE,7070.9,1286.1,,,,,FALSE,78.258,34.509,85.529,85.283,85.205,85.205,filtered-optical,0,0,63,1.93
8.304,519,LOST,-1.632,-6.539,,,-79.994,-41.039,78.386,34.661,85.707,1495.88,6742.28,1,-35,-25,0,FALSE,FALSE,7318.1,1288.6,,,,,FALSE,78.362,34.5,85.621,85.707,85.326,85.326,filtered-optical,0,0,63,2.07
8.32,520,LOST,-1.527,-6.546,,,-79.994,-41.039,78.744,34.461,85.955,1500.19,6957.77,1,-35,-25,0,FALSE,FALSE,7536.7,1281.9,,,,,FALSE,78.467,34.493,85.714,85.955,85.479,85.479,filtered-optical,0,0,63,3.72
8.336,521,LOST,-1.422,-6.553,,,-79.994,-41.039,78.41,34.22,85.552,1493.17,6754.4,1,-35,-25,0,FALSE,FALSE,7332.7,1273.8,,,,,FALSE,78.572,34.486,85.807,85.552,85.497,85.497,filtered-optical,0,0,63,2.22
8.352,522,LOST,-1.317,-6.56,,,-79.994,-41.039,78.498,34.75,85.846,1498.29,6808.78,1,-35,-25,0,FALSE,FALSE,7385.1,1292.3,,,,,FALSE,78.677,34.479,85.9,85.846,85.581,85.581,filtered-optical,0,0,63,2.76
8.368,523,LOST,-1.212,-6.566,,,-79.994,-41.039,79.019,34.506,86.225,1504.91,7133.62,1,-35,-25,0,FALSE,FALSE,7714,1284,,,,,FALSE,78.782,34.473,85.994,86.225,85.737,85.737,filtered-optical,0,0,63,2.19
8.384,524,LOST,-1.107,-6.572,,,-79.994,-41.039,78.938,34.275,86.058,1502,7079.84,1,-35,-25,0,FALSE,FALSE,7660.7,1276.1,,,,,FALSE,78.887,34.467,86.088,86.058,85.815,85.815,filtered-optical,0,0,63,2.38
8.4,525,LOST,-1.002,-6.577,,,-79.994,-41.039,78.75,34.437,85.951,1500.12,6961.39,1,-35,-25,0,FALSE,FALSE,7540.4,1281.5,,,,,FALSE,78.992,34.462,86.182,85.951,85.848,85.848,filtered-optical,0,0,63,2.15
8.416,526,LOST,-0.897,-6.582,,,-79.994,-41.039,79.162,34.733,86.446,1508.77,7228.94,0.989,-35,-25,0,FALSE,FALSE,7808.7,1291.6,,,,,FALSE,79.097,34.458,86.277,86.446,85.993,85.993,filtered-optical,0,0,63,2.6
8.432,527,LOST,-0.791,-6.586,,,-79.994,-41.039,79.394,34.291,86.483,1509.41,7386.28,0.973,-35,-25,0,FALSE,FALSE,7969.1,1276.1,,,,,FALSE,79.203,34.454,86.372,86.483,86.112,86.112,filtered-optical,0,0,63,1.98
8.448,528,LOST,-0.686,-6.589,,,-79.994,-41.039,79.168,34.295,86.277,1505.81,7231.15,0.956,-35,-25,0,FALSE,FALSE,7812.6,1276,,,,,FALSE,79.308,34.45,86.467,86.277,86.152,86.152,filtered-optical,0,0,63,2.38
8.464,529,LOST,-0.58,-6.592,,,-79.994,-41.039,79.3,34.654,86.541,1510.43,7322.71,0.944,-35,-25,0,FALSE,FALSE,7903.2,1288.3,,,,,FALSE,79.414,34.447,86.563,86.541,86.246,86.246,filtered-optical,0,0,63,3.56
8.48,530,LOST,-0.475,-6.595,,,-79.994,-41.039,79.692,34.515,86.845,1515.73,7602.47,0.938,-35,-25,0,FALSE,FALSE,8185.7,1283.5,,,,,FALSE,79.519,34.444,86.659,86.845,86.391,86.391,filtered-optical,0,0,63,1.79
8.496,531,LOST,-0.369,-6.597,,,-79.994,-41.039,79.662,34.204,86.694,1513.1,7578.92,0.942,-35,-25,0,FALSE,FALSE,8163.3,1272.9,,,,,FALSE,79.625,34.442,86.755,86.694,86.465,86.465,filtered-optical,0,0,63,2.16
8.512,532,LOST,-0.264,-6.598,,,-79.994,-41.039,79.558,34.466,86.703,1513.25,7504.24,0.956,-35,-25,0,FALSE,FALSE,8087,1282.1,,,,,FALSE,79.73,34.441,86.851,86.703,86.522,86.522,filtered-optical,0,0,63,2.14
8.528,533,LOST,-0.158,-6.599,,,-79.994,-41.039,79.862,34.698,87.074,1519.73,7731.91,0.977,-35,-25,0,FALSE,FALSE,8315.6,1290.4,,,,,FALSE,79.836,34.44,86.947,87.074,86.656,86.656,filtered-optical,0,0,63,1.99
8.544,534,LOST,-0.053,-6.6,,,-79.994,-41.039,80.096,34.245,87.11,1520.35,7913.82,1,-35,-25,0,FALSE,FALSE,8500.8,1274.9,,,,,FALSE,79.941,34.439,87.044,87.11,86.766,86.766,filtered-optical,0,0,63,1.98
8.56,535,LOST,0.053,-6.6,,,-79.994,-41.039,79.969,34.333,87.028,1518.92,7813.29,1,-35,-25,0,FALSE,FALSE,8399.4,1278,,,,,FALSE,80.047,34.439,87.141,87.028,86.83,86.83,filtered-optical,0,0,63,2.12
8.576,536,LOST,0.159,-6.599,,,-79.994,-41.039,80.024,34.61,87.188,1521.72,7857.91,1,-35,-25,0,FALSE,FALSE,8443.3,1287.6,,,,,FALSE,80.153,34.44,87.238,87.188,86.916,86.916,filtered-optical,0,0,63,2.18
8.592,537,LOST,0.264,-6.598,,,-79.994,-41.039,80.383,34.552,87.494,1527.07,8152.57,1,-35,-25,0,FALSE,FALSE,8740.3,1285.5,,,,,FALSE,80.258,34.441,87.336,87.494,87.057,87.057,filtered-optical,0,0,63,2.45
8.608,538,LOST,0.37,-6.597,,,-79.994,-41.039,80.454,34.122,87.391,1525.26,8211.81,1,-35,-25,0,FALSE,FALSE,8801.6,1270.5,,,,,FALSE,80.364,34.442,87.433,87.391,87.138,87.138,filtered-optical,0,0,63,4.52
8.624,539,LOST,0.475,-6.595,,,-79.994,-41.039,80.301,34.591,87.435,1526.02,8083.46,1,-35,-25,0,FALSE,FALSE,8670.6,1286.4,,,,,FALSE,80.469,34.444,87.531,87.435,87.21,87.21,filtered-optical,0,0,63,2.41
8.64,540,LOST,0.581,-6.592,,,-79.994,-41.039,80.544,34.583,87.655,1529.86,8292.71,1,-35,-25,0,FALSE,FALSE,8881.1,1285.9,,,,,FALSE,80.575,34.447,87.629,87.655,87.317,87.317,filtered-optical,0,0,63,2.56
8.656,541,LOST,0.686,-6.589,,,-79.994,-41.039,80.878,34.361,87.875,1533.7,8597.17,1,-35,-25,0,FALSE,FALSE,9188.1,1278.2,,,,,FALSE,80.68,34.45,87.727,87.875,87.453,87.453,filtered-optical,0,0,63,1.81
8.672,542,LOST,0.792,-6.586,,,-79.994,-41.039,80.731,34.233,87.689,1530.47,8459.51,1,-35,-25,0,FALSE,FALSE,9050,1273.8,,,,,FALSE,80.786,34.454,87.826,87.689,87.51,87.51,filtered-optical,0,0,63,2.18
8.688,543,LOST,0.897,-6.582,,,-79.994,-41.039,80.697,34.782,87.873,1533.68,8430.17,0.988,-35,-25,0,FALSE,FALSE,9018.2,1292.9,,,,,FALSE,80.891,34.458,87.924,87.873,87.598,87.598,filtered-optical,0,0,63,2.39
8.704,544,LOST,1.002,-6.577,,,-79.994,-41.039,81.149,34.397,88.138,1538.31,8862.01,0.975,-35,-25,0,FALSE,FALSE,9453.8,1279.8,,,,,FALSE,80.996,34.462,88.023,88.138,87.729,87.729,filtered-optical,0,0,63,2.07
8.72,545,LOST,1.107,-6.572,,,-79.994,-41.039,81.24,34.306,88.186,1539.14,8953.79,0.969,-35,-25,0,FALSE,FALSE,9546.3,1276.8,,,,,FALSE,81.101,34.467,88.122,88.186,87.84,87.84,filtered-optical,0,0,63,2.06
8.736,546,LOST,1.212,-6.566,,,-79.994,-41.039,80.969,34.484,88.006,1536,8684.33,0.969,-35,-25,0,FALSE,FALSE,9274.7,1283.1,,,,,FALSE,81.207,34.473,88.221,88.006,87.88,87.88,filtered-optical,0,0,63,2.2
8.752,547,LOST,1.317,-6.56,,,-79.994,-41.039,81.282,34.762,88.404,1542.94,8999.23,0.973,-35,-25,0,FALSE,FALSE,9590.4,1292.9,,,,,FALSE,81.312,34.479,88.32,88.404,88.007,88.007,filtered-optical,0,0,63,4.12
8.768,548,LOST,1.422,-6.553,,,-79.994,-41.039,81.689,34.22,88.567,1545.78,9439.86,0.98,-35,-25,0,FALSE,FALSE,10035.3,1274.1,,,,,FALSE,81.416,34.486,88.419,88.567,88.143,88.143,filtered-optical,0,0,63,2.55
8.784,549,LOST,1.527,-6.546,,,-79.994,-41.039,81.409,34.451,88.398,1542.85,9131.59,0.985,-35,-25,0,FALSE,FALSE,9724.8,1282,,,,,FALSE,81.521,34.493,88.518,88.398,88.205,88.205,filtered-optical,0,0,63,1.96
8.8,550,LOST,1.632,-6.539,,,-79.994,-41.039,81.394,34.68,88.474,1544.17,9116.08,0.988,-35,-25,0,FALSE,FALSE,9708.6,1289.7,,,,,FALSE,81.626,34.5,88.618,88.474,88.27,88.27,filtered-optical,0,0,63,2.13
8.816,551,LOST,1.736,-6.531,,,-79.994,-41.039,81.974,34.562,88.962,1552.68,9776.99,0.987,-35,-25,0,FALSE,FALSE,10373.3,1285.4,,,,,FALSE,81.73,34.509,88.717,88.962,88.438,88.438,filtered-optical,0,0,63,2.35
8.832,552,LOST,1.841,-6.522,,,-79.994,-41.039,81.949,34.227,88.809,1550.02,9746.07,0.983,-35,-25,0,FALSE,FALSE,10343.4,1273.7,,,,,FALSE,81.835,34.517,88.817,88.809,88.528,88.528,filtered-optical,0,0,63,1.79
8.848,553,LOST,1.945,-6.513,,,-79.994,-41.039,81.623,34.683,88.686,1547.87,9366.63,0.977,-35,-25,0,FALSE,FALSE,9960.8,1289.3,,,,,FALSE,81.939,34.526,88.916,88.686,88.566,88.566,filtered-optical,0,0,63,2.25
8.864,554,LOST,2.049,-6.503,,,-79.994,-41.039,82.095,34.693,89.125,1555.52,9928.76,0.973,-35,-25,0,FALSE,FALSE,10525.5,1289.7,,,,,FALSE,82.043,34.536,89.016,89.125,88.702,88.702,filtered-optical,0,0,63,2.39
8.88,555,LOST,2.153,-6.493,,,-79.994,-41.039,82.446,34.361,89.32,1558.92,10390.03,0.973,-35,-25,0,FALSE,FALSE,10989.7,1278.3,,,,,FALSE,82.147,34.546,89.116,89.32,88.852,88.852,filtered-optical,0,0,63,2.64
8.896,556,LOST,2.257,-6.482,,,-79.994,-41.039,82.036,34.457,88.978,1552.97,9853.67,0.979,-35,-25,0,FALSE,FALSE,10450.7,1281.8,,,,,FALSE,82.251,34.557,89.216,88.978,88.882,88.882,filtered-optical,0,0,63,3.85
8.912,557,LOST,2.361,-6.471,,,-79.994,-41.039,82.167,34.817,89.239,1557.51,10019.83,0.991,-35,-25,0,FALSE,FALSE,10616.3,1294.5,,,,,FALSE,82.355,34.568,89.315,89.239,88.969,88.969,filtered-optical,0,0,63,2.43
8.928,558,LOST,2.464,-6.459,,,-79.994,-41.039,82.778,34.562,89.703,1565.61,10869.81,1,-35,-25,0,FALSE,FALSE,11470.3,1285.8,,,,,FALSE,82.458,34.58,89.415,89.703,89.147,89.147,filtered-optical,0,0,63,2.12
8.944,559,LOST,2.567,-6.447,,,-79.994,-41.039,82.578,34.338,89.433,1560.9,10576.36,1,-35,-25,0,FALSE,FALSE,11176.2,1278.2,,,,,FALSE,82.561,34.592,89.515,89.433,89.216,89.216,filtered-optical,0,0,63,2.14
8.96,560,LOST,2.67,-6.435,,,-79.994,-41.039,82.336,34.773,89.377,1559.93,10241.63,1,-35,-25,0,FALSE,FALSE,10838.7,1293.2,,,,,FALSE,82.664,34.605,89.615,89.377,89.255,89.255,filtered-optical,0,0,63,2.31
8.976,561,LOST,2.773,-6.421,,,-79.994,-41.039,82.926,34.749,89.913,1569.27,11099.76,1,-35,-25,0,FALSE,FALSE,11700.2,1292.3,,,,,FALSE,82.767,34.618,89.715,89.913,89.415,89.415,filtered-optical,0,0,63,2.16
8.992,562,LOST,2.876,-6.408,,,-79.994,-41.039,83.109,34.46,89.97,1570.28,11394.71,1,-35,-25,0,FALSE,FALSE,11996.9,1282.1,,,,,FALSE,82.87,34.632,89.815,89.97,89.549,89.549,filtered-optical,0,0,63,2.62
9.008,563,LOST,2.978,-6.393,,,-79.994,-41.039,82.689,34.525,89.607,1563.94,10737.71,1,-35,-25,0,FALSE,FALSE,11337.5,1284.1,,,,,FALSE,82.972,34.646,89.915,89.607,89.563,89.563,filtered-optical,0,0,63,2.49
9.024,564,LOST,3.08,-6.379,,,-79.994,-41.039,82.99,34.973,90.059,1571.82,11202.13,1,-35,-25,0,FALSE,FALSE,11802.4,1299.5,,,,,FALSE,83.075,34.66,90.015,90.059,89.683,89.683,filtered-optical,0,0,63,3.28
9.04,565,LOST,3.182,-6.364,,,-79.994,-41.039,83.494,34.554,90.362,1577.11,12071.36,1,-35,-25,0,FALSE,FALSE,12675.8,1284.8,,,,,FALSE,83.176,34.676,90.115,90.362,89.848,89.848,filtered-optical,0,0,63,29.34
9.056,566,LOST,3.284,-6.348,,,-79.994,-41.039,83.194,34.541,90.079,1572.18,11536.35,1,-35,-25,0,FALSE,FALSE,12139.3,1284.4,,,,,FALSE,83.278,34.691,90.215,90.079,89.904,89.904,filtered-optical,0,0,63,2.36
9.072,567,LOST,3.386,-6.332,,,-79.994,-41.039,83.119,34.786,90.105,1572.63,11412.13,0.975,-35,-25,0,FALSE,FALSE,12014.1,1293.1,,,,,FALSE,83.38,34.707,90.315,90.105,89.953,89.953,filtered-optical,0,0,63,2.25
9.088,568,LOST,3.487,-6.315,,,-79.994,-41.039,83.693,34.957,90.701,1583.02,12454.16,0.953,-35,-25,0,FALSE,FALSE,13059,1299.2,,,,,FALSE,83.481,34.724,90.415,90.701,90.134,90.134,filtered-optical,0,0,63,2.07
9.104,569,LOST,3.588,-6.298,,,-79.994,-41.039,83.72,34.425,90.521,1579.89,12504.97,0.94,-35,-25,0,FALSE,FALSE,13111.4,1281,,,,,FALSE,83.582,34.741,90.514,90.521,90.228,90.228,filtered-optical,0,0,63,1.84
9.12,570,LOST,3.688,-6.281,,,-79.994,-41.039,83.415,34.805,90.385,1577.51,11925.71,0.936,-35,-25,0,FALSE,FALSE,12529.5,1294.3,,,,,FALSE,83.682,34.759,90.614,90.385,90.266,90.266,filtered-optical,0,0,63,2.07
9.136,571,LOST,3.789,-6.262,,,-79.994,-41.039,83.785,34.939,90.778,1584.38,12638.48,0.942,-35,-25,0,FALSE,FALSE,13243.9,1299,,,,,FALSE,83.783,34.777,90.714,90.778,90.39,90.39,filtered-optical,0,0,63,2.06
9.152,572,LOST,3.889,-6.244,,,-79.994,-41.039,84.128,34.805,91.044,1589.01,13378.31,0.955,-35,-25,0,FALSE,FALSE,13985.9,1294.3,,,,,FALSE,83.883,34.795,90.813,91.044,90.549,90.549,filtered-optical,0,0,63,2.33
9.168,573,LOST,3.988,-6.225,,,-79.994,-41.039,83.865,34.517,90.69,1582.84,12801.39,0.972,-35,-25,0,FALSE,FALSE,13408.1,1284.2,,,,,FALSE,83.982,34.814,90.913,90.69,90.583,90.583,filtered-optical,0,0,63,4.39
9.184,574,LOST,4.088,-6.205,,,-79.994,-41.039,83.912,35.092,90.954,1587.46,12902.85,0.99,-35,-25,0,FALSE,FALSE,13508.2,1304,,,,,FALSE,84.082,34.834,91.012,90.954,90.673,90.673,filtered-optical,0,0,63,2.48
9.2,575,LOST,4.187,-6.185,,,-79.994,-41.039,84.364,34.906,91.3,1593.49,13938.95,1,-35,-25,0,FALSE,FALSE,14547.1,1297.3,,,,,FALSE,84.181,34.854,91.111,91.3,90.825,90.825,filtered-optical,0,0,63,2.64
9.216,576,LOST,4.286,-6.165,,,-79.994,-41.039,84.354,34.707,91.215,1592.01,13914.55,1,-35,-25,0,FALSE,FALSE,14523,1290.2,,,,,FALSE,84.28,34.874,91.21,91.215,90.92,90.92,filtered-optical,0,0,63,2.74
9.232,577,LOST,4.384,-6.144,,,-79.994,-41.039,84.182,34.814,91.097,1589.94,13502.13,1,-35,-25,0,FALSE,FALSE,14109.4,1293.9,,,,,FALSE,84.378,34.895,91.309,91.097,90.963,90.963,filtered-optical,0,0,63,2.88
9.248,578,LOST,4.482,-6.122,,,-79.994,-41.039,84.488,35.221,91.536,1597.6,14254.38,1,-35,-25,0,FALSE,FALSE,14862.4,1308.1,,,,,FALSE,84.476,34.917,91.408,91.536,91.101,91.101,filtered-optical,0,0,63,2.69
9.264,579,LOST,4.58,-6.1,,,-79.994,-41.039,84.748,34.789,91.611,1598.91,14960.24,1,-35,-25,0,FALSE,FALSE,15570.8,1293.2,,,,,FALSE,84.574,34.939,91.507,91.611,91.225,91.225,filtered-optical,0,0,63,2.23
9.28,580,LOST,4.678,-6.078,,,-79.994,-41.039,84.597,34.804,91.476,1596.56,14540.38,1,-35,-25,0,FALSE,FALSE,15150.2,1293.9,,,,,FALSE,84.672,34.961,91.606,91.476,91.286,91.286,filtered-optical,0,0,63,2.23
9.296,581,LOST,4.775,-6.055,,,-79.994,-41.039,84.633,35.146,91.641,1599.44,14640.97,1,-35,-25,0,FALSE,FALSE,15250.4,1306.1,,,,,FALSE,84.769,34.984,91.704,91.641,91.372,91.372,filtered-optical,0,0,63,4.12
9.312,582,LOST,4.871,-6.032,,,-79.994,-41.039,84.983,35.137,91.96,1605.01,15662.79,1,-35,-25,0,FALSE,FALSE,16274.4,1305.9,,,,,FALSE,84.865,35.007,91.802,91.96,91.515,91.515,filtered-optical,0,0,63,2.74
9.328,583,LOST,4.968,-6.008,,,-79.994,-41.039,85.053,34.774,91.888,1603.74,15885.38,1,-35,-25,0,FALSE,FALSE,16498.2,1293.3,,,,,FALSE,84.962,35.031,91.9,91.888,91.605,91.605,filtered-optical,0,0,63,2.34
9.344,584,LOST,5.064,-5.984,,,-79.994,-41.039,84.909,35.067,91.865,1603.35,15434.69,1,-35,-25,0,FALSE,FALSE,16046.2,1303.5,,,,,FALSE,85.058,35.056,91.998,91.865,91.668,91.668,filtered-optical,0,0,63,2.31
9.36,585,LOST,5.159,-5.959,,,-79.994,-41.039,85.11,35.329,92.152,1608.35,16072.12,1,-35,-25,0,FALSE,FALSE,16684.3,1312.5,,,,,FALSE,85.153,35.08,92.096,92.152,91.785,91.785,filtered-optical,0,0,63,2.35
9.376,586,LOST,5.254,-5.934,,,-79.994,-41.039,85.42,34.965,92.299,1610.92,17158.54,1,-35,-25,0,FALSE,FALSE,17773.2,1299.6,,,,,FALSE,85.248,35.105,92.194,92.299,91.91,91.91,filtered-optical,0,0,63,2.31
9.392,587,LOST,5.349,-5.908,,,-79.994,-41.039,85.324,34.976,92.214,1609.44,16805.12,1,-35,-25,0,FALSE,FALSE,17419.1,1299.7,,,,,FALSE,85.343,35.131,92.291,92.214,91.984,91.984,filtered-optical,0,0,63,2.02
9.408,588,LOST,5.443,-5.882,,,-79.994,-41.039,85.258,35.329,92.288,1610.74,16573.68,1,-35,-25,0,FALSE,FALSE,17186.5,1312,,,,,FALSE,85.437,35.157,92.388,92.288,92.058,92.058,filtered-optical,0,0,63,1.86
9.424,589,LOST,5.537,-5.855,,,-79.994,-41.039,85.628,35.313,92.624,1616.6,17977.75,1,-35,-25,0,FALSE,FALSE,18592.5,1311.3,,,,,FALSE,85.531,35.184,92.485,92.624,92.195,92.195,filtered-optical,0,0,63,1.88
9.44,590,LOST,5.631,-5.828,,,-79.994,-41.039,85.78,34.908,92.611,1616.36,18623.33,0.995,-35,-25,0,FALSE,FALSE,19239.6,1297.2,,,,,FALSE,85.625,35.211,92.582,92.611,92.296,92.296,filtered-optical,0,0,63,3.74
9.456,591,LOST,5.724,-5.801,,,-79.994,-41.039,85.539,35.334,92.549,1615.29,17617.45,0.972,-35,-25,0,FALSE,FALSE,18231.4,1312.3,,,,,FALSE,85.718,35.238,92.678,92.549,92.357,92.357,filtered-optical,0,0,63,2.49
9.472,592,LOST,5.816,-5.773,,,-79.994,-41.039,85.724,35.431,92.758,1618.93,18382.79,0.95,-35,-25,0,FALSE,FALSE,18997.5,1315.9,,,,,FALSE,85.81,35.266,92.775,92.758,92.454,92.454,filtered-optical,0,0,63,2.11
9.488,593,LOST,5.908,-5.745,,,-79.994,-41.039,86.142,35.225,93.066,1624.3,20373.8,0.935,-35,-25,0,FALSE,FALSE,20991.3,1308.8,,,,,FALSE,85.902,35.295,92.871,93.066,92.602,92.602,filtered-optical,0,0,63,2.07
9.504,594,LOST,6,-5.716,,,-79.994,-41.039,85.968,35.08,92.85,1620.54,19494.68,0.929,-35,-25,0,FALSE,FALSE,20111.4,1303.9,,,,,FALSE,85.994,35.323,92.966,92.85,92.662,92.662,filtered-optical,0,0,63,2.13
9.52,595,LOST,6.091,-5.686,,,-79.994,-41.039,85.838,35.657,92.949,1622.27,18883.54,0.933,-35,-25,0,FALSE,FALSE,19498.6,1324.3,,,,,FALSE,86.085,35.353,93.062,92.949,92.732,92.732,filtered-optical,0,0,63,1.99
9.536,596,LOST,6.182,-5.657,,,-79.994,-41.039,86.333,35.357,93.293,1628.26,21437.58,0.948,-35,-25,0,FALSE,FALSE,22056.2,1313.6,,,,,FALSE,86.176,35.382,93.157,93.293,92.868,92.868,filtered-optical,0,0,63,2.07
9.552,597,LOST,6.272,-5.627,,,-79.994,-41.039,86.451,35.25,93.361,1629.46,22148.34,0.969,-35,-25,0,FALSE,FALSE,22768,1309.7,,,,,FALSE,86.266,35.413,93.252,93.361,92.987,92.987,filtered-optical,0,0,63,2.07
9.568,598,LOST,6.362,-5.596,,,-79.994,-41.039,86.09,35.414,93.09,1624.73,20105.42,0.995,-35,-25,0,FALSE,FALSE,20722.9,1315.3,,,,,FALSE,86.356,35.443,93.347,93.09,93.012,93.012,filtered-optical,0,0,63,1.73
9.584,599,LOST,6.451,-5.565,,,-79.994,-41.039,86.392,35.783,93.509,1632.04,21785.63,1,-35,-25,0,FALSE,FALSE,22404.4,1328.2,,,,,FALSE,86.445,35.474,93.441,93.509,93.133,93.133,filtered-optical,0,0,63,3.81
9.6,600,LOST,6.54,-5.534,,,-79.994,-41.039,86.844,35.257,93.728,1635.86,24907.23,1,-35,-25,0,FALSE,FALSE,25529.5,1309.4,,,,,FALSE,86.534,35.506,93.535,93.728,93.277,93.277,filtered-optical,0,0,63,2.49
9.616,601,LOST,6.629,-5.502,,,-79.994,-41.039,86.512,35.474,93.503,1631.93,22539.19,1,-35,-25,0,FALSE,FALSE,23159.3,1317,,,,,FALSE,86.623,35.537,93.629,93.503,93.332,93.332,filtered-optical,0,0,63,2.02
9.632,602,LOST,6.716,-5.469,,,-79.994,-41.039,86.448,35.724,93.539,1632.56,22130.9,1,-35,-25,0,FALSE,FALSE,22750.2,1325.9,,,,,FALSE,86.71,35.57,93.722,93.539,93.382,93.382,filtered-optical,0,0,63,2
9.648,603,LOST,6.804,-5.437,,,-79.994,-41.039,87.054,35.71,94.093,1642.24,26683.92,1,-35,-25,0,FALSE,FALSE,27306.7,1325.6,,,,,FALSE,86.798,35.602,93.816,94.093,93.554,93.554,filtered-optical,0,0,63,1.86
9.664,604,LOST,6.89,-5.404,,,-79.994,-41.039,87.015,35.321,93.911,1639.05,26339.63,1,-35,-25,0,FALSE,FALSE,26962.5,1312,,,,,FALSE,86.884,35.636,93.908,93.911,93.641,93.641,filtered-optical,0,0,63,1.92
9.68,605,LOST,6.976,-5.37,,,-79.994,-41.039,86.638,35.811,93.748,1636.21,23385.78,1,-35,-25,0,FALSE,FALSE,24005.6,1329.6,,,,,FALSE,86.97,35.669,94.001,93.748,93.667,93.667,filtered-optical,0,0,63,2.1
9.696,606,LOST,7.062,-5.336,,,-79.994,-41.039,87.103,35.862,94.196,1644.04,27137.82,1,-35,-25,0,FALSE,FALSE,27760.2,1331.6,,,,,FALSE,87.056,35.703,94.093,94.196,93.795,93.795,filtered-optical,0,0,63,2.3
9.712,607,LOST,7.147,-5.302,,,-79.994,-41.039,87.451,35.598,94.418,1647.91,30839.08,1,-35,-25,0,FALSE,FALSE,31463.7,1322.2,,,,,FALSE,87.141,35.738,94.185,94.418,93.946,93.946,filtered-optical,0,0,63,2.03
9.728,608,LOST,7.232,-5.267,,,-79.994,-41.039,87.013,35.615,94.019,1640.95,26317.59,0.995,-35,-25,0,FALSE,FALSE,26939.6,1322.8,,,,,FALSE,87.226,35.772,94.276,94.019,93.964,93.964,filtered-optical,0,0,63,4.85
9.744,609,LOST,7.316,-5.232,,,-79.994,-41.039,87.117,36.072,94.289,1645.66,27266.44,0.993,-35,-25,0,FALSE,FALSE,27888.4,1338.9,,,,,FALSE,87.31,35.808,94.367,94.289,94.043,94.043,filtered-optical,0,0,63,2.36
9.76,610,LOST,7.399,-5.196,,,-79.994,-41.039,87.707,35.839,94.746,1653.64,34286.39,0.995,-35,-25,0,FALSE,FALSE,34912.3,1330.3,,,,,FALSE,87.393,35.843,94.458,94.746,94.213,94.213,filtered-optical,0,0,63,2.2
9.776,611,LOST,7.482,-5.16,,,-79.994,-41.039,87.499,35.638,94.479,1648.96,31439.89,0.998,-35,-25,0,FALSE,FALSE,32064.9,1323,,,,,FALSE,87.476,35.879,94.548,94.479,94.278,94.278,filtered-optical,0,0,63,2.14
9.792,612,LOST,7.564,-5.124,,,-79.994,-41.039,87.24,36.027,94.387,1647.36,28491.51,0.999,-35,-25,0,FALSE,FALSE,29114.6,1336.7,,,,,FALSE,87.558,35.916,94.638,94.387,94.304,94.304,filtered-optical,0,0,63,1.99
9.808,613,LOST,7.646,-5.087,,,-79.994,-41.039,87.784,36.131,94.929,1656.83,35484.21,0.996,-35,-25,0,FALSE,FALSE,36110.7,1340.4,,,,,FALSE,87.64,35.952,94.728,94.929,94.456,94.456,filtered-optical,0,0,63,2.33
9.824,614,LOST,7.727,-5.05,,,-79.994,-41.039,87.952,35.817,94.965,1657.46,38390.37,0.99,-35,-25,0,FALSE,FALSE,39018.3,1329.3,,,,,FALSE,87.721,35.99,94.817,94.965,94.579,94.579,filtered-optical,0,0,63,1.99
9.84,615,LOST,7.808,-5.012,,,-79.994,-41.039,87.545,35.891,94.616,1651.37,32027.01,0.979,-35,-25,0,FALSE,FALSE,32652.6,1332.1,,,,,FALSE,87.802,36.027,94.906,94.616,94.588,94.588,filtered-optical,0,0,63,2.04
9.856,616,LOST,7.887,-4.974,,,-79.994,-41.039,87.793,36.355,95.023,1658.47,35632.98,0.967,-35,-25,0,FALSE,FALSE,36259.7,1349,,,,,FALSE,87.881,36.065,94.994,95.023,94.694,94.694,filtered-optical,0,0,63,3.21
9.872,617,LOST,7.967,-4.936,,,-79.994,-41.039,88.247,36.036,95.321,1663.67,44853.36,0.956,-35,-25,0,FALSE,FALSE,45483.1,1337.7,,,,,FALSE,87.961,36.104,95.082,95.321,94.846,94.846,filtered-optical,0,0,63,1.79
9.888,618,LOST,8.045,-4.897,,,-79.994,-41.039,87.98,35.964,95.046,1658.87,38918.06,0.95,-35,-25,0,FALSE,FALSE,39546.2,1335.2,,,,,FALSE,88.039,36.142,95.169,95.046,94.894,94.894,filtered-optical,0,0,63,1.96
9.904,619,LOST,8.123,-4.858,,,-79.994,-41.039,87.881,36.242,95.061,1659.12,37102.26,0.951,-35,-25,0,FALSE,FALSE,37729.4,1345.3,,,,,FALSE,88.117,36.181,95.256,95.061,94.935,94.935,filtered-optical,0,0,63,2.33
9.92,620,LOST,8.201,-4.818,,,-79.994,-41.039,88.364,36.472,95.595,1668.45,48061.8,0.961,-35,-25,0,FALSE,FALSE,48691.6,1353.5,,,,,FALSE,88.195,36.221,95.343,95.595,95.095,95.095,filtered-optical,0,0,63,2.51
9.936,621,LOST,8.278,-4.778,,,-79.994,-41.039,88.409,35.97,95.446,1665.86,49429.49,0.979,-35,-25,0,FALSE,FALSE,50059.8,1335.2,,,,,FALSE,88.272,36.261,95.429,95.446,95.18,95.18,filtered-optical,0,0,63,2.44
9.952,622,LOST,8.354,-4.738,,,-79.994,-41.039,88.13,36.306,95.315,1663.57,42053.98,1,-35,-25,0,FALSE,FALSE,42682.2,1347.1,,,,,FALSE,88.348,36.301,95.515,95.315,95.213,95.213,filtered-optical,0,0,63,2.33
9.968,623,LOST,8.429,-4.698,,,-79.994,-41.039,88.396,36.506,95.637,1669.19,49017.6,1,-35,-25,0,FALSE,FALSE,49647.2,1354.1,,,,,FALSE,88.423,36.342,95.6,95.637,95.316,95.316,filtered-optical,0,0,63,2.08
9.984,624,LOST,8.504,-4.657,,,-79.994,-41.039,88.707,36.429,95.896,1673.7,60807,1,-35,-25,0,FALSE,FALSE,61438.5,1351.2,,,,,FALSE,88.498,36.383,95.685,95.896,95.456,95.456,filtered-optical,0,0,63,2.23
10,625,LOST,8.578,-4.615,,,-79.994,-41.039,88.509,36.106,95.591,1668.37,52756.25,1,-35,-25,0,FALSE,FALSE,53386.7,1339.5,,,,,FALSE,88.572,36.424,95.769,95.591,95.489,95.489,filtered-optical,0,0,63,4.14
